0 verbose cli /usr/local/bin/node /usr/local/bin/npm
1 info using npm@8.19.4
2 info using node@v16.20.2
3 timing npm:load:whichnode Completed in 0ms
4 timing config:load:defaults Completed in 3ms
5 timing config:load:file:/usr/local/lib/node_modules/npm/npmrc Completed in 6ms
6 timing config:load:builtin Completed in 23ms
7 timing config:load:cli Completed in 4ms
8 timing config:load:env Completed in 0ms
9 timing config:load:file:/usr/src/node-red/.npmrc Completed in 0ms
10 timing config:load:project Completed in 33ms
11 timing config:load:file:/root/.npmrc Completed in 9ms
12 timing config:load:user Completed in 9ms
13 timing config:load:file:/usr/local/etc/npmrc Completed in 17ms
14 timing config:load:global Completed in 17ms
15 timing config:load:validate Completed in 1ms
16 timing config:load:credentials Completed in 3ms
17 timing config:load:setEnvs Completed in 1ms
18 timing config:load Completed in 98ms
19 timing npm:load:configload Completed in 98ms
20 timing npm:load:mkdirpcache Completed in 24ms
21 timing npm:load:mkdirplogs Completed in 10ms
22 verbose title npm install node-red-dashboard
23 verbose argv "install" "node-red-dashboard"
24 timing npm:load:setTitle Completed in 2ms
25 timing config:load:flatten Completed in 17ms
26 timing npm:load:display Completed in 18ms
27 verbose logfile logs-max:10 dir:/data/.npm/_logs
28 verbose logfile /data/.npm/_logs/2026-08-05T09_28_17_503Z-debug-0.log
29 timing npm:load:logFile Completed in 93ms
30 timing npm:load:timers Completed in 1ms
31 timing npm:load:configScope Completed in 0ms
32 timing npm:load Completed in 250ms
33 timing arborist:ctor Completed in 1ms
34 silly logfile start cleaning logs, removing 2 files
35 silly logfile done cleaning log files
36 timing idealTree:init Completed in 976ms
37 timing idealTree:userRequests Completed in 4ms
38 silly idealTree buildDeps
39 silly fetch manifest node-red-dashboard@^3.6.6
40 timing arborist:ctor Completed in 0ms
41 http fetch GET 200 https://registry.npmjs.org/node-red-dashboard 1660ms (cache revalidated)
42 silly placeDep ROOT node-red-dashboard@3.6.6 REPLACE for: node-red-docker@3.1.0 want: ^3.6.6
43 timing idealTree:#root Completed in 1705ms
44 timing idealTree:node_modules/node-red-dashboard Completed in 1ms
45 timing idealTree:buildDeps Completed in 1710ms
46 timing idealTree:fixDepFlags Completed in 43ms
47 timing idealTree Completed in 2776ms
48 timing reify:loadTrees Completed in 2780ms
49 timing reify:diffTrees Completed in 33ms
50 silly reify moves {}
51 timing reify:retireShallow Completed in 3ms
52 timing reify:createSparse Completed in 0ms
53 timing reify:loadBundles Completed in 0ms
54 silly audit bulk request {
54 silly audit   '@babel/runtime': [ '7.23.2' ],
54 silly audit   '@mapbox/node-pre-gyp': [ '1.0.11' ],
54 silly audit   '@node-red/editor-api': [ '3.1.0' ],
54 silly audit   '@node-red/editor-client': [ '3.1.0' ],
54 silly audit   '@node-red/nodes': [ '3.1.0' ],
54 silly audit   '@node-red/registry': [ '3.1.0' ],
54 silly audit   '@node-red/runtime': [ '3.1.0' ],
54 silly audit   '@node-red/util': [ '3.1.0' ],
54 silly audit   '@sindresorhus/is': [ '5.6.0' ],
54 silly audit   '@socket.io/component-emitter': [ '3.1.2' ],
54 silly audit   '@szmarczak/http-timer': [ '5.0.1' ],
54 silly audit   '@types/cors': [ '2.8.19' ],
54 silly audit   '@types/http-cache-semantics': [ '4.0.3' ],
54 silly audit   '@types/node': [ '26.1.2' ],
54 silly audit   '@types/ws': [ '8.18.1' ],
54 silly audit   abbrev: [ '1.1.1' ],
54 silly audit   accepts: [ '1.3.8' ],
54 silly audit   acorn: [ '8.8.2' ],
54 silly audit   'acorn-walk': [ '8.2.0' ],
54 silly audit   'agent-base': [ '6.0.2' ],
54 silly audit   debug: [ '4.3.4', '2.6.9', '4.4.3' ],
54 silly audit   ms: [ '2.1.2', '2.1.3', '2.0.0' ],
54 silly audit   ajv: [ '8.12.0' ],
54 silly audit   'ansi-colors': [ '4.1.3' ],
54 silly audit   'ansi-regex': [ '5.0.1' ],
54 silly audit   'append-field': [ '1.0.0' ],
54 silly audit   aproba: [ '2.0.0' ],
54 silly audit   'are-we-there-yet': [ '2.0.0' ],
54 silly audit   argparse: [ '2.0.1' ],
54 silly audit   'array-flatten': [ '1.1.1' ],
54 silly audit   'async-mutex': [ '0.4.0' ],
54 silly audit   asynckit: [ '0.4.0' ],
54 silly audit   axios: [ '0.27.2' ],
54 silly audit   'balanced-match': [ '1.0.2' ],
54 silly audit   'base64-js': [ '1.5.1' ],
54 silly audit   base64id: [ '2.0.0' ],
54 silly audit   'basic-auth': [ '2.0.1' ],
54 silly audit   bcrypt: [ '5.1.0', '5.1.1' ],
54 silly audit   bcryptjs: [ '2.4.3' ],
54 silly audit   bl: [ '4.1.0' ],
54 silly audit   'body-parser': [ '1.20.2', '1.20.1' ],
54 silly audit   'iconv-lite': [ '0.4.24', '0.6.3' ],
54 silly audit   boolbase: [ '1.0.0' ],
54 silly audit   'brace-expansion': [ '1.1.11' ],
54 silly audit   buffer: [ '5.7.1' ],
54 silly audit   'buffer-from': [ '1.1.2' ],
54 silly audit   busboy: [ '1.6.0' ],
54 silly audit   bytes: [ '3.1.2' ],
54 silly audit   'cacheable-lookup': [ '7.0.0' ],
54 silly audit   'cacheable-request': [ '10.2.14' ],
54 silly audit   'call-bind': [ '1.0.5' ],
54 silly audit   cheerio: [ '1.0.0-rc.10' ],
54 silly audit   'cheerio-select': [ '1.6.0' ],
54 silly audit   chownr: [ '2.0.0' ],
54 silly audit   'cli-table': [ '0.3.11' ],
54 silly audit   clone: [ '2.1.2' ],
54 silly audit   'color-support': [ '1.1.3' ],
54 silly audit   colors: [ '1.0.3' ],
54 silly audit   'combined-stream': [ '1.0.8' ],
54 silly audit   commist: [ '1.1.0' ],
54 silly audit   compressible: [ '2.0.18' ],
54 silly audit   compression: [ '1.8.1' ],
54 silly audit   negotiator: [ '0.6.4', '0.6.3' ],
54 silly audit   'on-headers': [ '1.1.0', '1.0.2' ],
54 silly audit   'safe-buffer': [ '5.2.1', '5.1.2' ],
54 silly audit   'concat-map': [ '0.0.1' ],
54 silly audit   'concat-stream': [ '2.0.0', '1.6.2' ],
54 silly audit   'console-control-strings': [ '1.1.0' ],
54 silly audit   'content-disposition': [ '0.5.4' ],
54 silly audit   'content-type': [ '1.0.5' ],
54 silly audit   cookie: [ '0.5.0', '0.4.1', '0.7.2', '0.4.2' ],
54 silly audit   'cookie-parser': [ '1.4.6' ],
54 silly audit   'cookie-signature': [ '1.0.6' ],
54 silly audit   'core-util-is': [ '1.0.3' ],
54 silly audit   cors: [ '2.8.5' ],
54 silly audit   cronosjs: [ '1.7.1' ],
54 silly audit   'css-select': [ '4.3.0' ],
54 silly audit   'css-what': [ '6.1.0' ],
54 silly audit   'decompress-response': [ '6.0.0' ],
54 silly audit   'mimic-response': [ '3.1.0', '4.0.0' ],
54 silly audit   'defer-to-connect': [ '2.0.1' ],
54 silly audit   'define-data-property': [ '1.1.1' ],
54 silly audit   'delayed-stream': [ '1.0.0' ],
54 silly audit   delegates: [ '1.0.0' ],
54 silly audit   denque: [ '2.1.0' ],
54 silly audit   depd: [ '2.0.0' ],
54 silly audit   destroy: [ '1.2.0' ],
54 silly audit   'detect-libc': [ '2.0.2' ],
54 silly audit   'dom-serializer': [ '1.4.1' ],
54 silly audit   domelementtype: [ '2.3.0' ],
54 silly audit   domhandler: [ '4.3.1' ],
54 silly audit   domutils: [ '2.8.0' ],
54 silly audit   duplexify: [ '4.1.2' ],
54 silly audit   'ee-first': [ '1.1.1' ],
54 silly audit   'emoji-regex': [ '8.0.0' ],
54 silly audit   encodeurl: [ '1.0.2', '2.0.0' ],
54 silly audit   'end-of-stream': [ '1.4.4' ],
54 silly audit   'engine.io': [ '6.6.9' ],
54 silly audit   'engine.io-parser': [ '5.2.3' ],
54 silly audit   ws: [ '8.21.1', '7.5.6' ],
54 silly audit   enquirer: [ '2.4.1' ],
54 silly audit   entities: [ '2.2.0' ],
54 silly audit   'escape-html': [ '1.0.3' ],
54 silly audit   etag: [ '1.8.1' ],
54 silly audit   express: [ '4.18.2' ],
54 silly audit   'express-session': [ '1.17.3' ],
54 silly audit   'raw-body': [ '2.5.1', '2.5.2' ],
54 silly audit   'fast-deep-equal': [ '3.1.3' ],
54 silly audit   finalhandler: [ '1.2.0' ],
54 silly audit   'follow-redirects': [ '1.15.3' ],
54 silly audit   'form-data': [ '4.0.0' ],
54 silly audit   'form-data-encoder': [ '2.1.4' ],
54 silly audit   forwarded: [ '0.2.0' ],
54 silly audit   fresh: [ '0.5.2' ],
54 silly audit   'fs-extra': [ '11.1.1' ],
54 silly audit   'fs-minipass': [ '2.1.0' ],
54 silly audit   minipass: [ '3.3.6', '4.2.8' ],
54 silly audit   yallist: [ '4.0.0', '2.1.2' ],
54 silly audit   'fs.realpath': [ '1.0.0' ],
54 silly audit   'function-bind': [ '1.1.2' ],
54 silly audit   gauge: [ '3.0.2' ],
54 silly audit   'get-intrinsic': [ '1.2.2' ],
54 silly audit   'get-stream': [ '6.0.1' ],
54 silly audit   glob: [ '7.2.3' ],
54 silly audit   gopd: [ '1.0.1' ],
54 silly audit   got: [ '12.6.0' ],
54 silly audit   'graceful-fs': [ '4.2.11' ],
54 silly audit   gridstack: [ '0.6.4' ],
54 silly audit   'has-property-descriptors': [ '1.0.1' ],
54 silly audit   'has-proto': [ '1.0.1' ],
54 silly audit   'has-symbols': [ '1.0.3' ],
54 silly audit   'has-unicode': [ '2.0.1' ],
54 silly audit   'hash-sum': [ '2.0.0' ],
54 silly audit   hasown: [ '2.0.0' ],
54 silly audit   'help-me': [ '3.0.0' ],
54 silly audit   hpagent: [ '1.2.0' ],
54 silly audit   htmlparser2: [ '6.1.0' ],
54 silly audit   'http-cache-semantics': [ '4.1.1' ],
54 silly audit   'http-errors': [ '2.0.0', '2.0.1' ],
54 silly audit   'http2-wrapper': [ '2.2.0' ],
54 silly audit   'https-proxy-agent': [ '5.0.1' ],
54 silly audit   i18next: [ '21.10.0' ],
54 silly audit   ieee754: [ '1.2.1' ],
54 silly audit   inflight: [ '1.0.6' ],
54 silly audit   inherits: [ '2.0.4' ],
54 silly audit   'ipaddr.js': [ '1.9.1' ],
54 silly audit   'is-fullwidth-code-point': [ '3.0.0' ],
54 silly audit   'is-utf8': [ '0.2.1' ],
54 silly audit   isarray: [ '1.0.0' ],
54 silly audit   jquery: [ '3.7.1' ],
54 silly audit   'js-sdsl': [ '4.3.0' ],
54 silly audit   'js-yaml': [ '4.1.0' ],
54 silly audit   'json-buffer': [ '3.0.1' ],
54 silly audit   'json-schema-traverse': [ '1.0.0' ],
54 silly audit   'json-stringify-safe': [ '5.0.1' ],
54 silly audit   jsonata: [ '1.8.6' ],
54 silly audit   jsonfile: [ '6.1.0' ],
54 silly audit   keyv: [ '4.5.4' ],
54 silly audit   leven: [ '2.1.0' ],
54 silly audit   'lodash.clonedeep': [ '4.5.0' ],
54 silly audit   'lowercase-keys': [ '3.0.0' ],
54 silly audit   'lru-cache': [ '4.1.5', '6.0.0' ],
54 silly audit   'make-dir': [ '3.1.0' ],
54 silly audit   semver: [ '6.3.1', '7.5.4' ],
54 silly audit   'media-typer': [ '1.1.0', '0.3.0' ],
54 silly audit   memorystore: [ '1.6.7' ],
54 silly audit   'merge-descriptors': [ '1.0.1' ],
54 silly audit   methods: [ '1.1.2' ],
54 silly audit   mime: [ '3.0.0', '1.6.0' ],
54 silly audit   'mime-db': [ '1.52.0' ],
54 silly audit   'mime-types': [ '2.1.35' ],
54 silly audit   minimatch: [ '3.1.2' ],
54 silly audit   minimist: [ '1.2.8' ],
54 silly audit   minizlib: [ '2.1.2' ],
54 silly audit   mkdirp: [ '0.5.6', '1.0.4' ],
54 silly audit   moment: [ '2.29.4' ],
54 silly audit   'moment-timezone': [ '0.5.43' ],
54 silly audit   mqtt: [ '4.3.7' ],
54 silly audit   'mqtt-packet': [ '6.10.0' ],
54 silly audit   multer: [ '1.4.5-lts.1' ],
54 silly audit   'readable-stream': [ '2.3.8', '3.6.2' ],
54 silly audit   string_decoder: [ '1.1.1', '1.3.0' ],
54 silly audit   mustache: [ '4.2.0' ],
54 silly audit   'mute-stream': [ '0.0.8' ],
54 silly audit   'node-addon-api': [ '5.1.0' ],
54 silly audit   'node-fetch': [ '2.7.0' ],
54 silly audit   'node-red': [ '3.1.0' ],
54 silly audit   'node-red-admin': [ '3.1.0' ],
54 silly audit   send: [ '0.18.0', '0.19.2' ],
54 silly audit   'serve-static': [ '1.15.0', '1.16.3' ],
54 silly audit   statuses: [ '2.0.1', '2.0.2' ],
54 silly audit   'node-watch': [ '0.7.4' ],
54 silly audit   nopt: [ '5.0.0' ],
54 silly audit   'normalize-url': [ '8.0.0' ],
54 silly audit   npmlog: [ '5.0.1' ],
54 silly audit   'nth-check': [ '2.1.1' ],
54 silly audit   'number-allocator': [ '1.0.14' ],
54 silly audit   oauth2orize: [ '1.11.1' ],
54 silly audit   'object-assign': [ '4.1.1' ],
54 silly audit   'object-inspect': [ '1.13.1' ],
54 silly audit   'on-finished': [ '2.4.1' ],
54 silly audit   once: [ '1.4.0' ],
54 silly audit   'p-cancelable': [ '3.0.0' ],
54 silly audit   parse5: [ '6.0.1' ],
54 silly audit   'parse5-htmlparser2-tree-adapter': [ '6.0.1' ],
54 silly audit   parseurl: [ '1.3.3' ],
54 silly audit   passport: [ '0.6.0' ],
54 silly audit   'passport-http-bearer': [ '1.0.1' ],
54 silly audit   'passport-oauth2-client-password': [ '0.1.2' ],
54 silly audit   'passport-strategy': [ '1.0.0' ],
54 silly audit   'path-is-absolute': [ '1.0.1' ],
54 silly audit   'path-to-regexp': [ '0.1.7' ],
54 silly audit   pause: [ '0.0.1' ],
54 silly audit   'process-nextick-args': [ '2.0.1' ],
54 silly audit   'proxy-addr': [ '2.0.7' ],
54 silly audit   pseudomap: [ '1.0.2' ],
54 silly audit   psl: [ '1.9.0' ],
54 silly audit   pump: [ '3.0.0' ],
54 silly audit   punycode: [ '2.3.0' ],
54 silly audit   qs: [ '6.11.0' ],
54 silly audit   querystringify: [ '2.2.0' ],
54 silly audit   'quick-lru': [ '5.1.1' ],
54 silly audit   'random-bytes': [ '1.0.0' ],
54 silly audit   'range-parser': [ '1.2.1' ],
54 silly audit   read: [ '1.0.7' ],
54 silly audit   'regenerator-runtime': [ '0.14.0' ],
54 silly audit   reinterval: [ '1.1.0' ],
54 silly audit   'require-from-string': [ '2.0.2' ],
54 silly audit   'requires-port': [ '1.0.0' ],
54 silly audit   'resolve-alpn': [ '1.2.1' ],
54 silly audit   responselike: [ '3.0.0' ],
54 silly audit   rfdc: [ '1.3.0' ],
54 silly audit   rimraf: [ '3.0.2' ],
54 silly audit   'safer-buffer': [ '2.1.2' ],
54 silly audit   sax: [ '1.3.0' ],
54 silly audit   'set-blocking': [ '2.0.0' ],
54 silly audit   'set-function-length': [ '1.1.1' ],
54 silly audit   setprototypeof: [ '1.2.0' ],
54 silly audit   'side-channel': [ '1.0.4' ],
54 silly audit   'signal-exit': [ '3.0.7' ],
54 silly audit   'socket.io': [ '4.8.3' ],
54 silly audit   'socket.io-adapter': [ '2.5.8' ],
54 silly audit   'socket.io-parser': [ '4.2.7' ],
54 silly audit   split2: [ '3.2.2' ],
54 silly audit   'stream-shift': [ '1.0.1' ],
54 silly audit   streamsearch: [ '1.1.0' ],
54 silly audit   'string-width': [ '4.2.3' ],
54 silly audit   'strip-ansi': [ '6.0.1' ],
54 silly audit   tar: [ '6.1.13' ],
54 silly audit   toidentifier: [ '1.0.1' ],
54 silly audit   'tough-cookie': [ '4.1.3' ],
54 silly audit   universalify: [ '0.2.0', '2.0.0' ],
54 silly audit   tr46: [ '0.0.3' ],
54 silly audit   tslib: [ '2.6.2' ],
54 silly audit   'type-is': [ '1.6.18' ],
54 silly audit   typedarray: [ '0.0.6' ],
54 silly audit   'uglify-js': [ '3.17.4' ],
54 silly audit   'uid-safe': [ '2.1.5' ],
54 silly audit   uid2: [ '0.0.4' ],
54 silly audit   'undici-types': [ '8.3.0' ],
54 silly audit   unpipe: [ '1.0.0' ],
54 silly audit   'uri-js': [ '4.4.1' ],
54 silly audit   'url-parse': [ '1.5.10' ],
54 silly audit   'util-deprecate': [ '1.0.2' ],
54 silly audit   'utils-merge': [ '1.0.1' ],
54 silly audit   uuid: [ '9.0.0' ],
54 silly audit   vary: [ '1.1.2' ],
54 silly audit   'webidl-conversions': [ '3.0.1' ],
54 silly audit   'whatwg-url': [ '5.0.0' ],
54 silly audit   'wide-align': [ '1.1.5' ],
54 silly audit   wrappy: [ '1.0.2' ],
54 silly audit   xml2js: [ '0.6.2' ],
54 silly audit   xmlbuilder: [ '11.0.1' ],
54 silly audit   xtend: [ '4.0.2' ],
54 silly audit   'node-red-dashboard': [ '3.6.6' ]
54 silly audit }
55 timing reify:unpack Completed in 1ms
56 timing reify:unretire Completed in 0ms
57 timing build:queue Completed in 0ms
58 timing build:deps Completed in 2ms
59 timing build Completed in 4ms
60 timing reify:build Completed in 6ms
61 timing reify:trash Completed in 0ms
62 timing reify:save Completed in 213ms
63 http fetch POST 200 https://registry.npmjs.org/-/npm/v1/security/advisories/bulk 412ms
64 timing auditReport:getReport Completed in 427ms
65 silly audit report {
65 silly audit report   '@babel/runtime': [
65 silly audit report     {
65 silly audit report       id: 1104000,
65 silly audit report       url: 'https://github.com/advisories/GHSA-968p-4wvh-cqc8',
65 silly audit report       title: 'Babel has inefficient RegExp complexity in generated code with .replace when transpiling named capturing groups',
65 silly audit report       severity: 'moderate',
65 silly audit report       vulnerable_versions: '<7.26.10',
65 silly audit report       cwe: [Array],
65 silly audit report       cvss: [Object]
65 silly audit report     }
65 silly audit report   ],
65 silly audit report   ajv: [
65 silly audit report     {
65 silly audit report       id: 1113715,
65 silly audit report       url: 'https://github.com/advisories/GHSA-2g4f-4pwh-qvx6',
65 silly audit report       title: 'ajv has ReDoS when using `$data` option',
65 silly audit report       severity: 'moderate',
65 silly audit report       vulnerable_versions: '>=7.0.0-alpha.0 <8.18.0',
65 silly audit report       cwe: [Array],
65 silly audit report       cvss: [Object]
65 silly audit report     }
65 silly audit report   ],
65 silly audit report   axios: [
65 silly audit report     {
65 silly audit report       id: 1111034,
65 silly audit report       url: 'https://github.com/advisories/GHSA-jr5f-v2jv-69x6',
65 silly audit report       title: 'axios Requests Vulnerable To Possible SSRF and Credential Leakage via Absolute URL',
65 silly audit report       severity: 'high',
65 silly audit report       vulnerable_versions: '<0.30.0',
65 silly audit report       cwe: [Array],
65 silly audit report       cvss: [Object]
65 silly audit report     },
65 silly audit report     {
65 silly audit report       id: 1119403,
65 silly audit report       url: 'https://github.com/advisories/GHSA-fvcv-3m26-pcqx',
65 silly audit report       title: 'Axios has Unrestricted Cloud Metadata Exfiltration via Header Injection Chain',
65 silly audit report       severity: 'moderate',
65 silly audit report       vulnerable_versions: '<0.31.0',
65 silly audit report       cwe: [Array],
65 silly audit report       cvss: [Object]
65 silly audit report     },
65 silly audit report     {
65 silly audit report       id: 1120124,
65 silly audit report       url: 'https://github.com/advisories/GHSA-62hf-57xw-28j9',
65 silly audit report       title: 'Axios: unbounded recursion in toFormData causes DoS via deeply nested request data',
65 silly audit report       severity: 'moderate',
65 silly audit report       vulnerable_versions: '<=0.31.0',
65 silly audit report       cwe: [Array],
65 silly audit report       cvss: [Object]
65 silly audit report     },
65 silly audit report     {
65 silly audit report       id: 1120546,
65 silly audit report       url: 'https://github.com/advisories/GHSA-hfxv-24rg-xrqf',
65 silly audit report       title: 'Axios: Regular Expression Denial of Service (ReDoS) via Cookie Name Injection',
65 silly audit report       severity: 'high',
65 silly audit report       vulnerable_versions: '<=0.31.1',
65 silly audit report       cwe: [Array],
65 silly audit report       cvss: [Object]
65 silly audit report     },
65 silly audit report     {
65 silly audit report       id: 1120644,
65 silly audit report       url: 'https://github.com/advisories/GHSA-p92q-9vqr-4j8v',
65 silly audit report       title: 'Axios: Proxy-Authorization Credential Leak to Origin Server Across HTTP-to-HTTPS Redirect in Axios Node.js HTTP Adapter',
65 silly audit report       severity: 'high',
65 silly audit report       vulnerable_versions: '<=0.31.1',
65 silly audit report       cwe: [Array],
65 silly audit report       cvss: [Object]
65 silly audit report     },
65 silly audit report     {
65 silly audit report       id: 1120646,
65 silly audit report       url: 'https://github.com/advisories/GHSA-j5f8-grm9-p9fc',
65 silly audit report       title: 'Axios: Proxy-Authorization header leaks to redirect target when proxy is re-evaluated to direct connection',
65 silly audit report       severity: 'high',
65 silly audit report       vulnerable_versions: '<=0.31.1',
65 silly audit report       cwe: [Array],
65 silly audit report       cvss: [Object]
65 silly audit report     },
65 silly audit report     {
65 silly audit report       id: 1120648,
65 silly audit report       url: 'https://github.com/advisories/GHSA-3g43-6gmg-66jw',
65 silly audit report       title: 'axios Vulnerable to Credential Theft and Response Hijacking via Prototype Pollution Gadget in Config Merge',
65 silly audit report       severity: 'high',
65 silly audit report       vulnerable_versions: '>=0.19.0 <0.31.1',
65 silly audit report       cwe: [Array],
65 silly audit report       cvss: [Object]
65 silly audit report     },
65 silly audit report     {
65 silly audit report       id: 1120651,
65 silly audit report       url: 'https://github.com/advisories/GHSA-898c-q2cr-xwhg',
65 silly audit report       title: 'axios has DoS & Header Injection via Prototype Pollution Read-Side Gadgets in axios merge functions',
65 silly audit report       severity: 'moderate',
65 silly audit report       vulnerable_versions: '<=0.31.1',
65 silly audit report       cwe: [Array],
65 silly audit report       cvss: [Object]
65 silly audit report     },
65 silly audit report     {
65 silly audit report       id: 1116672,
65 silly audit report       url: 'https://github.com/advisories/GHSA-3p68-rc4w-qgx5',
65 silly audit report       title: 'Axios has a NO_PROXY Hostname Normalization Bypass that Leads to SSRF',
65 silly audit report       severity: 'moderate',
65 silly audit report       vulnerable_versions: '<0.31.0',
65 silly audit report       cwe: [Array],
65 silly audit report       cvss: [Object]
65 silly audit report     },
65 silly audit report     {
65 silly audit report       id: 1117573,
65 silly audit report       url: 'https://github.com/advisories/GHSA-w9j2-pvgh-6h63',
65 silly audit report       title: 'Axios: Authentication Bypass via Prototype Pollution Gadget in `validateStatus` Merge Strategy',
65 silly audit report       severity: 'moderate',
65 silly audit report       vulnerable_versions: '<=0.31.0',
65 silly audit report       cwe: [Array],
65 silly audit report       cvss: [Object]
65 silly audit report     },
65 silly audit report     {
65 silly audit report       id: 1117575,
65 silly audit report       url: 'https://github.com/advisories/GHSA-pmwg-cvhr-8vh7',
65 silly audit report       title: 'Axios: Incomplete Fix for CVE-2025-62718 — NO_PROXY Protection Bypassed via RFC 1122 Loopback Subnet (127.0.0.0/8) in Axios 1.15.0',
65 silly audit report       severity: 'high',
65 silly audit report       vulnerable_versions: '<=0.31.0',
65 silly audit report       cwe: [Array],
65 silly audit report       cvss: [Object]
65 silly audit report     },
65 silly audit report     {
65 silly audit report       id: 1117579,
65 silly audit report       url: 'https://github.com/advisories/GHSA-xhjh-pmcv-23jw',
65 silly audit report       title: 'Axios: Null Byte Injection via Reverse-Encoding in AxiosURLSearchParams',
65 silly audit report       severity: 'low',
65 silly audit report       vulnerable_versions: '<=0.31.0',
65 silly audit report       cwe: [Array],
65 silly audit report       cvss: [Object]
65 silly audit report     },
65 silly audit report     {
65 silly audit report       id: 1117582,
65 silly audit report       url: 'https://github.com/advisories/GHSA-m7pr-hjqh-92cm',
65 silly audit report       title: 'Axios: no_proxy bypass via IP alias allows SSRF',
65 silly audit report       severity: 'moderate',
65 silly audit report       vulnerable_versions: '<=0.31.0',
65 silly audit report       cwe: [Array],
65 silly audit report       cvss: [Object]
65 silly audit report     },
65 silly audit report     {
65 silly audit report       id: 1117586,
65 silly audit report       url: 'https://github.com/advisories/GHSA-5c9x-8gcm-mpgx',
65 silly audit report       title: "Axios' HTTP adapter-streamed uploads bypass maxBodyLength when maxRedirects: 0",
65 silly audit report       severity: 'moderate',
65 silly audit report       vulnerable_versions: '<=0.31.0',
65 silly audit report       cwe: [Array],
65 silly audit report       cvss: [Object]
65 silly audit report     },
65 silly audit report     {
65 silly audit report       id: 1117588,
65 silly audit report       url: 'https://github.com/advisories/GHSA-vf2m-468p-8v99',
65 silly audit report       title: 'Axios: HTTP adapter streamed responses bypass maxContentLength',
65 silly audit report       severity: 'moderate',
65 silly audit report       vulnerable_versions: '<=0.31.0',
65 silly audit report       cwe: [Array],
65 silly audit report       cvss: [Object]
65 silly audit report     },
65 silly audit report     {
65 silly audit report       id: 1117590,
65 silly audit report       url: 'https://github.com/advisories/GHSA-pf86-5x62-jrwf',
65 silly audit report       title: 'Axios: Prototype Pollution Gadgets - Response Tampering, Data Exfiltration, and Request Hijacking',
65 silly audit report       severity: 'high',
65 silly audit report       vulnerable_versions: '<=0.31.0',
65 silly audit report       cwe: [Array],
65 silly audit report       cvss: [Object]
65 silly audit report     },
65 silly audit report     {
65 silly audit report       id: 1117592,
65 silly audit report       url: 'https://github.com/advisories/GHSA-6chq-wfr3-2hj9',
65 silly audit report       title: 'Axios: Header Injection via Prototype Pollution',
65 silly audit report       severity: 'high',
65 silly audit report       vulnerable_versions: '<=0.31.0',
65 silly audit report       cwe: [Array],
65 silly audit report       cvss: [Object]
65 silly audit report     },
65 silly audit report     {
65 silly audit report       id: 1117594,
65 silly audit report       url: 'https://github.com/advisories/GHSA-xx6v-rp6x-q39c',
65 silly audit report       title: 'Axios: XSRF Token Cross-Origin Leakage via Prototype Pollution Gadget in `withXSRFToken` Boolean Coercion',
65 silly audit report       severity: 'moderate',
65 silly audit report       vulnerable_versions: '<=0.31.0',
65 silly audit report       cwe: [Array],
65 silly audit report       cvss: [Object]
65 silly audit report     },
65 silly audit report     {
65 silly audit report       id: 1117857,
65 silly audit report       url: 'https://github.com/advisories/GHSA-43fc-jf86-j433',
65 silly audit report       title: 'Axios is Vulnerable to Denial of Service via __proto__ Key in mergeConfig',
65 silly audit report       severity: 'high',
65 silly audit report       vulnerable_versions: '<=0.30.2',
65 silly audit report       cwe: [Array],
65 silly audit report       cvss: [Object]
65 silly audit report     },
65 silly audit report     {
65 silly audit report       id: 1123825,
65 silly audit report       url: 'https://github.com/advisories/GHSA-pjwm-pj3p-43mv',
65 silly audit report       title: "axios's shouldBypassProxy does not recognize IPv4-mapped IPv6 addresses, allowing NO_PROXY bypass (incomplete fix for CVE-2025-62718)",
65 silly audit report       severity: 'high',
65 silly audit report       vulnerable_versions: '<=0.31.1',
65 silly audit report       cwe: [Array],
65 silly audit report       cvss: [Object]
65 silly audit report     },
65 silly audit report     {
65 silly audit report       id: 1123958,
65 silly audit report       url: 'https://github.com/advisories/GHSA-mmx7-hfxf-jppx',
65 silly audit report       title: 'Axios: Prototype pollution gadgets can alter axios request construction',
65 silly audit report       severity: 'moderate',
65 silly audit report       vulnerable_versions: '<0.33.0',
65 silly audit report       cwe: [Array],
65 silly audit report       cvss: [Object]
65 silly audit report     },
65 silly audit report     {
65 silly audit report       id: 1123972,
65 silly audit report       url: 'https://github.com/advisories/GHSA-7q8q-rj6j-mhjq',
65 silly audit report       title: 'Axios: Nested axios option objects can consume polluted prototype values',
65 silly audit report       severity: 'moderate',
65 silly audit report       vulnerable_versions: '>=0.8.0 <0.33.0',
65 silly audit report       cwe: [Array],
65 silly audit report       cvss: [Object]
65 silly audit report     },
65 silly audit report     {
65 silly audit report       id: 1097679,
65 silly audit report       url: 'https://github.com/advisories/GHSA-wf5p-g6vw-rhxx',
65 silly audit report       title: 'Axios Cross-Site Request Forgery Vulnerability',
65 silly audit report       severity: 'moderate',
65 silly audit report       vulnerable_versions: '>=0.8.1 <0.28.0',
65 silly audit report       cwe: [Array],
65 silly audit report       cvss: [Object]
65 silly audit report     }
65 silly audit report   ],
65 silly audit report   'body-parser': [
65 silly audit report     {
65 silly audit report       id: 1123977,
65 silly audit report       url: 'https://github.com/advisories/GHSA-v422-hmwv-36x6',
65 silly audit report       title: 'body-parser vulnerable to denial of service when invalid limit value silently disables size enforcement',
65 silly audit report       severity: 'low',
65 silly audit report       vulnerable_versions: '<1.20.6',
65 silly audit report       cwe: [Array],
65 silly audit report       cvss: [Object]
65 silly audit report     },
65 silly audit report     {
65 silly audit report       id: 1099520,
65 silly audit report       url: 'https://github.com/advisories/GHSA-qwcr-r2fm-qrc7',
65 silly audit report       title: 'body-parser vulnerable to denial of service when url encoding is enabled',
65 silly audit report       severity: 'high',
65 silly audit report       vulnerable_versions: '<1.20.3',
65 silly audit report       cwe: [Array],
65 silly audit report       cvss: [Object]
65 silly audit report     }
65 silly audit report   ],
65 silly audit report   'brace-expansion': [
65 silly audit report     {
65 silly audit report       id: 1105443,
65 silly audit report       url: 'https://github.com/advisories/GHSA-v6h2-p8h4-qcjw',
65 silly audit report       title: 'brace-expansion Regular Expression Denial of Service vulnerability',
65 silly audit report       severity: 'low',
65 silly audit report       vulnerable_versions: '>=1.0.0 <=1.1.11',
65 silly audit report       cwe: [Array],
65 silly audit report       cvss: [Object]
65 silly audit report     },
65 silly audit report     {
65 silly audit report       id: 1130588,
65 silly audit report       url: 'https://github.com/advisories/GHSA-mh99-v99m-4gvg',
65 silly audit report       title: 'brace-expansion: DoS via unbounded expansion length causing an out-of-memory process crash',
65 silly audit report       severity: 'high',
65 silly audit report       vulnerable_versions: '<1.1.17',
65 silly audit report       cwe: [Array],
65 silly audit report       cvss: [Object]
65 silly audit report     },
65 silly audit report     {
65 silly audit report       id: 1130737,
65 silly audit report       url: 'https://github.com/advisories/GHSA-rgw5-rvv9-x895',
65 silly audit report       title: 'brace-expansion: DoS via unbounded intermediate arrays, bypassing the CVE-2026-14257 mitigation',
65 silly audit report       severity: 'high',
65 silly audit report       vulnerable_versions: '<1.1.18',
65 silly audit report       cwe: [Array],
65 silly audit report       cvss: [Object]
65 silly audit report     },
65 silly audit report     {
65 silly audit report       id: 1115540,
65 silly audit report       url: 'https://github.com/advisories/GHSA-f886-m6hf-6m8v',
65 silly audit report       title: 'brace-expansion: Zero-step sequence causes process hang and memory exhaustion',
65 silly audit report       severity: 'moderate',
65 silly audit report       vulnerable_versions: '<1.1.13',
65 silly audit report       cwe: [Array],
65 silly audit report       cvss: [Object]
65 silly audit report     },
65 silly audit report     {
65 silly audit report       id: 1123897,
65 silly audit report       url: 'https://github.com/advisories/GHSA-3jxr-9vmj-r5cp',
65 silly audit report       title: 'brace-expansion: DoS via exponential-time expansion of consecutive non-expanding {} groups',
65 silly audit report       severity: 'high',
65 silly audit report       vulnerable_versions: '<1.1.16',
65 silly audit report       cwe: [Array],
65 silly audit report       cvss: [Object]
65 silly audit report     }
65 silly audit report   ],
65 silly audit report   'on-headers': [
65 silly audit report     {
65 silly audit report       id: 1106812,
65 silly audit report       url: 'https://github.com/advisories/GHSA-76c9-3jph-rj3q',
65 silly audit report       title: 'on-headers is vulnerable to http response header manipulation',
65 silly audit report       severity: 'low',
65 silly audit report       vulnerable_versions: '<1.1.0',
65 silly audit report       cwe: [Array],
65 silly audit report       cvss: [Object]
65 silly audit report     }
65 silly audit report   ],
65 silly audit report   cookie: [
65 silly audit report     {
65 silly audit report       id: 1103907,
65 silly audit report       url: 'https://github.com/advisories/GHSA-pxg6-pf52-xh8x',
65 silly audit report       title: 'cookie accepts cookie name, path, and domain with out of bounds characters',
65 silly audit report       severity: 'low',
65 silly audit report       vulnerable_versions: '<0.7.0',
65 silly audit report       cwe: [Array],
65 silly audit report       cvss: [Object]
65 silly audit report     }
65 silly audit report   ],
65 silly audit report   ws: [
65 silly audit report     {
65 silly audit report       id: 1118729,
65 silly audit report       url: 'https://github.com/advisories/GHSA-3h5v-q93c-6h6q',
65 silly audit report       title: 'ws affected by a DoS when handling a request with many HTTP headers',
65 silly audit report       severity: 'high',
65 silly audit report       vulnerable_versions: '>=7.0.0 <7.5.10',
65 silly audit report       cwe: [Array],
65 silly audit report       cvss: [Object]
65 silly audit report     },
65 silly audit report     {
65 silly audit report       id: 1123260,
65 silly audit report       url: 'https://github.com/advisories/GHSA-96hv-2xvq-fx4p',
65 silly audit report       title: 'ws: Memory exhaustion DoS from tiny fragments and data chunks',
65 silly audit report       severity: 'high',
65 silly audit report       vulnerable_versions: '>=7.0.0 <7.5.11',
65 silly audit report       cwe: [Array],
65 silly audit report       cvss: [Object]
65 silly audit report     }
65 silly audit report   ],
65 silly audit report   express: [
65 silly audit report     {
65 silly audit report       id: 1100530,
65 silly audit report       url: 'https://github.com/advisories/GHSA-qw6h-vgh9-j6wx',
65 silly audit report       title: 'express vulnerable to XSS via response.redirect()',
65 silly audit report       severity: 'low',
65 silly audit report       vulnerable_versions: '<4.20.0',
65 silly audit report       cwe: [Array],
65 silly audit report       cvss: [Object]
65 silly audit report     },
65 silly audit report     {
65 silly audit report       id: 1111636,
65 silly audit report       url: 'https://github.com/advisories/GHSA-rv95-896h-c2vc',
65 silly audit report       title: 'Express.js Open Redirect in malformed URLs',
65 silly audit report       severity: 'moderate',
65 silly audit report       vulnerable_versions: '<4.19.2',
65 silly audit report       cwe: [Array],
65 silly audit report       cvss: [Object]
65 silly audit report     }
65 silly audit report   ],
65 silly audit report   'follow-redirects': [
65 silly audit report     {
65 silly audit report       id: 1109569,
65 silly audit report       url: 'https://github.com/advisories/GHSA-jchw-25xp-jwwc',
65 silly audit report       title: 'Follow Redirects improperly handles URLs in the url.parse() function',
65 silly audit report       severity: 'moderate',
65 silly audit report       vulnerable_versions: '<1.15.4',
65 silly audit report       cwe: [Array],
65 silly audit report       cvss: [Object]
65 silly audit report     },
65 silly audit report     {
65 silly audit report       id: 1096856,
65 silly audit report       url: 'https://github.com/advisories/GHSA-cxjh-pqwp-8mfp',
65 silly audit report       title: "follow-redirects' Proxy-Authorization header kept across hosts",
65 silly audit report       severity: 'moderate',
65 silly audit report       vulnerable_versions: '<=1.15.5',
65 silly audit report       cwe: [Array],
65 silly audit report       cvss: [Object]
65 silly audit report     },
65 silly audit report     {
65 silly audit report       id: 1116560,
65 silly audit report       url: 'https://github.com/advisories/GHSA-r4q5-vmmm-2653',
65 silly audit report       title: 'follow-redirects leaks Custom Authentication Headers to Cross-Domain Redirect Targets',
65 silly audit report       severity: 'moderate',
65 silly audit report       vulnerable_versions: '<=1.15.11',
65 silly audit report       cwe: [Array],
65 silly audit report       cvss: [Object]
65 silly audit report     }
65 silly audit report   ],
65 silly audit report   'form-data': [
65 silly audit report     {
65 silly audit report       id: 1109538,
65 silly audit report       url: 'https://github.com/advisories/GHSA-fjxv-7rqg-78g4',
65 silly audit report       title: 'form-data uses unsafe random function in form-data for choosing boundary',
65 silly audit report       severity: 'critical',
65 silly audit report       vulnerable_versions: '>=4.0.0 <4.0.4',
65 silly audit report       cwe: [Array],
65 silly audit report       cvss: [Object]
65 silly audit report     },
65 silly audit report     {
65 silly audit report       id: 1120743,
65 silly audit report       url: 'https://github.com/advisories/GHSA-hmw2-7cc7-3qxx',
65 silly audit report       title: 'form-data: CRLF injection in form-data via unescaped multipart field names and filenames',
65 silly audit report       severity: 'high',
65 silly audit report       vulnerable_versions: '>=4.0.0 <4.0.6',
65 silly audit report       cwe: [Array],
65 silly audit report       cvss: [Object]
65 silly audit report     }
65 silly audit report   ],
65 silly audit report   'js-yaml': [
65 silly audit report     {
65 silly audit report       id: 1112715,
65 silly audit report       url: 'https://github.com/advisories/GHSA-mh29-5h37-fv8m',
65 silly audit report       title: 'js-yaml has prototype pollution in merge (<<)',
65 silly audit report       severity: 'moderate',
65 silly audit report       vulnerable_versions: '>=4.0.0 <4.1.1',
65 silly audit report       cwe: [Array],
65 silly audit report       cvss: [Object]
65 silly audit report     },
65 silly audit report     {
65 silly audit report       id: 1121860,
65 silly audit report       url: 'https://github.com/advisories/GHSA-h67p-54hq-rp68',
65 silly audit report       title: 'JS-YAML: Quadratic-complexity DoS in merge key handling via repeated aliases',
65 silly audit report       severity: 'moderate',
65 silly audit report       vulnerable_versions: '>=4.0.0 <=4.1.1',
65 silly audit report       cwe: [Array],
65 silly audit report       cvss: [Object]
65 silly audit report     },
65 silly audit report     {
65 silly audit report       id: 1123911,
65 silly audit report       url: 'https://github.com/advisories/GHSA-52cp-r559-cp3m',
65 silly audit report       title: 'js-yaml: YAML merge-key chains can force quadratic CPU consumption',
65 silly audit report       severity: 'high',
65 silly audit report       vulnerable_versions: '>=4.0.0 <4.3.0',
65 silly audit report       cwe: [Array],
65 silly audit report       cvss: [Object]
65 silly audit report     }
65 silly audit report   ],
65 silly audit report   jsonata: [
65 silly audit report     {
65 silly audit report       id: 1130739,
65 silly audit report       url: 'https://github.com/advisories/GHSA-86vw-mfpg-wwv9',
65 silly audit report       title: 'jsonata: Malicious inputs to "$toMillis" function can cause resource exhaustion',
65 silly audit report       severity: 'high',
65 silly audit report       vulnerable_versions: '<1.8.9',
65 silly audit report       cwe: [Array],
65 silly audit report       cvss: [Object]
65 silly audit report     },
65 silly audit report     {
65 silly audit report       id: 1096642,
65 silly audit report       url: 'https://github.com/advisories/GHSA-fqg8-vfv7-8fj8',
65 silly audit report       title: 'JSONata expression can pollute the "Object" prototype',
65 silly audit report       severity: 'critical',
65 silly audit report       vulnerable_versions: '>=1.4.0 <1.8.7',
65 silly audit report       cwe: [Array],
65 silly audit report       cvss: [Object]
65 silly audit report     }
65 silly audit report   ],
65 silly audit report   minimatch: [
65 silly audit report     {
65 silly audit report       id: 1113459,
65 silly audit report       url: 'https://github.com/advisories/GHSA-3ppc-4f35-3m26',
65 silly audit report       title: 'minimatch has a ReDoS via repeated wildcards with non-matching literal in pattern',
65 silly audit report       severity: 'high',
65 silly audit report       vulnerable_versions: '<3.1.3',
65 silly audit report       cwe: [Array],
65 silly audit report       cvss: [Object]
65 silly audit report     },
65 silly audit report     {
65 silly audit report       id: 1113538,
65 silly audit report       url: 'https://github.com/advisories/GHSA-7r86-cg39-jmmj',
65 silly audit report       title: 'minimatch has ReDoS: matchOne() combinatorial backtracking via multiple non-adjacent GLOBSTAR segments',
65 silly audit report       severity: 'high',
65 silly audit report       vulnerable_versions: '<3.1.3',
65 silly audit report       cwe: [Array],
65 silly audit report       cvss: [Object]
65 silly audit report     },
65 silly audit report     {
65 silly audit report       id: 1113546,
65 silly audit report       url: 'https://github.com/advisories/GHSA-23c5-xmqv-rm74',
65 silly audit report       title: 'minimatch ReDoS: nested *() extglobs generate catastrophically backtracking regular expressions',
65 silly audit report       severity: 'high',
65 silly audit report       vulnerable_versions: '<3.1.4',
65 silly audit report       cwe: [Array],
65 silly audit report       cvss: [Object]
65 silly audit report     }
65 silly audit report   ],
65 silly audit report   send: [
65 silly audit report     {
65 silly audit report       id: 1109556,
65 silly audit report       url: 'https://github.com/advisories/GHSA-m6fv-jmcg-4jfg',
65 silly audit report       title: 'send vulnerable to template injection that can lead to XSS',
65 silly audit report       severity: 'low',
65 silly audit report       vulnerable_versions: '<0.19.0',
65 silly audit report       cwe: [Array],
65 silly audit report       cvss: [Object]
65 silly audit report     }
65 silly audit report   ],
65 silly audit report   'serve-static': [
65 silly audit report     {
65 silly audit report       id: 1100528,
65 silly audit report       url: 'https://github.com/advisories/GHSA-cm22-4g7w-348p',
65 silly audit report       title: 'serve-static vulnerable to template injection that can lead to XSS',
65 silly audit report       severity: 'low',
65 silly audit report       vulnerable_versions: '<1.16.0',
65 silly audit report       cwe: [Array],
65 silly audit report       cvss: [Object]
65 silly audit report     }
65 silly audit report   ],
65 silly audit report   'path-to-regexp': [
65 silly audit report     {
65 silly audit report       id: 1101850,
65 silly audit report       url: 'https://github.com/advisories/GHSA-9wv6-86v2-598j',
65 silly audit report       title: 'path-to-regexp outputs backtracking regular expressions',
65 silly audit report       severity: 'high',
65 silly audit report       vulnerable_versions: '<0.1.10',
65 silly audit report       cwe: [Array],
65 silly audit report       cvss: [Object]
65 silly audit report     },
65 silly audit report     {
65 silly audit report       id: 1105199,
65 silly audit report       url: 'https://github.com/advisories/GHSA-rhx6-c78j-4q9w',
65 silly audit report       title: 'path-to-regexp contains a ReDoS',
65 silly audit report       severity: 'high',
65 silly audit report       vulnerable_versions: '<0.1.12',
65 silly audit report       cwe: [Array],
65 silly audit report       cvss: [Object]
65 silly audit report     },
65 silly audit report     {
65 silly audit report       id: 1115527,
65 silly audit report       url: 'https://github.com/advisories/GHSA-37ch-88jc-xwx2',
65 silly audit report       title: 'path-to-regexp vulnerable to Regular Expression Denial of Service via multiple route parameters',
65 silly audit report       severity: 'high',
65 silly audit report       vulnerable_versions: '<0.1.13',
65 silly audit report       cwe: [Array],
65 silly audit report       cvss: [Object]
65 silly audit report     }
65 silly audit report   ],
65 silly audit report   qs: [
65 silly audit report     {
65 silly audit report       id: 1113161,
65 silly audit report       url: 'https://github.com/advisories/GHSA-w7fw-mjwx-w883',
65 silly audit report       title: "qs's arrayLimit bypass in comma parsing allows denial of service",
65 silly audit report       severity: 'low',
65 silly audit report       vulnerable_versions: '>=6.7.0 <=6.14.1',
65 silly audit report       cwe: [Array],
65 silly audit report       cvss: [Object]
65 silly audit report     },
65 silly audit report     {
65 silly audit report       id: 1113719,
65 silly audit report       url: 'https://github.com/advisories/GHSA-6rw7-vpxm-498p',
65 silly audit report       title: "qs's arrayLimit bypass in its bracket notation allows DoS via memory exhaustion",
65 silly audit report       severity: 'moderate',
65 silly audit report       vulnerable_versions: '<6.14.1',
65 silly audit report       cwe: [Array],
65 silly audit report       cvss: [Object]
65 silly audit report     }
65 silly audit report   ],
65 silly audit report   tar: [
65 silly audit report     {
65 silly audit report       id: 1112659,
65 silly audit report       url: 'https://github.com/advisories/GHSA-34x7-hfp2-rc4v',
65 silly audit report       title: 'node-tar Vulnerable to Arbitrary File Creation/Overwrite via Hardlink Path Traversal',
65 silly audit report       severity: 'high',
65 silly audit report       vulnerable_versions: '<7.5.7',
65 silly audit report       cwe: [Array],
65 silly audit report       cvss: [Object]
65 silly audit report     },
65 silly audit report     {
65 silly audit report       id: 1113300,
65 silly audit report       url: 'https://github.com/advisories/GHSA-8qq5-rm4j-mr97',
65 silly audit report       title: 'node-tar is Vulnerable to Arbitrary File Overwrite and Symlink Poisoning via Insufficient Path Sanitization',
65 silly audit report       severity: 'high',
65 silly audit report       vulnerable_versions: '<=7.5.2',
65 silly audit report       cwe: [Array],
65 silly audit report       cvss: [Object]
65 silly audit report     },
65 silly audit report     {
65 silly audit report       id: 1113375,
65 silly audit report       url: 'https://github.com/advisories/GHSA-83g3-92jg-28cx',
65 silly audit report       title: 'Arbitrary File Read/Write via Hardlink Target Escape Through Symlink Chain in node-tar Extraction',
65 silly audit report       severity: 'high',
65 silly audit report       vulnerable_versions: '<7.5.8',
65 silly audit report       cwe: [Array],
65 silly audit report       cvss: [Object]
65 silly audit report     },
65 silly audit report     {
65 silly audit report       id: 1114200,
65 silly audit report       url: 'https://github.com/advisories/GHSA-qffp-2rhf-9h96',
65 silly audit report       title: 'tar has Hardlink Path Traversal via Drive-Relative Linkpath',
65 silly audit report       severity: 'high',
65 silly audit report       vulnerable_versions: '<=7.5.9',
65 silly audit report       cwe: [Array],
65 silly audit report       cvss: [Object]
65 silly audit report     },
65 silly audit report     {
65 silly audit report       id: 1114302,
65 silly audit report       url: 'https://github.com/advisories/GHSA-9ppj-qmqm-q256',
65 silly audit report       title: 'node-tar Symlink Path Traversal via Drive-Relative Linkpath',
65 silly audit report       severity: 'high',
65 silly audit report       vulnerable_versions: '<=7.5.10',
65 silly audit report       cwe: [Array],
65 silly audit report       cvss: [Object]
65 silly audit report     },
65 silly audit report     {
65 silly audit report       id: 1120782,
65 silly audit report       url: 'https://github.com/advisories/GHSA-vmf3-w455-68vh',
65 silly audit report       title: 'node-tar applies PAX size override to intermediary GNU long-name/long-link headers, causing tar parser interpretation differential (file smuggling)',
65 silly audit report       severity: 'moderate',
65 silly audit report       vulnerable_versions: '<=7.5.15',
65 silly audit report       cwe: [Array],
65 silly audit report       cvss: [Object]
65 silly audit report     },
65 silly audit report     {
65 silly audit report       id: 1114680,
65 silly audit report       url: 'https://github.com/advisories/GHSA-r6q2-hw4h-h46w',
65 silly audit report       title: 'Race Condition in node-tar Path Reservations via Unicode Ligature Collisions on macOS APFS',
65 silly audit report       severity: 'high',
65 silly audit report       vulnerable_versions: '<=7.5.3',
65 silly audit report       cwe: [Array],
65 silly audit report       cvss: [Object]
65 silly audit report     },
65 silly audit report     {
65 silly audit report       id: 1123939,
65 silly audit report       url: 'https://github.com/advisories/GHSA-w8wr-v893-vjvp',
65 silly audit report       title: 'node-tar: Process crash via PAX numeric path type confusion',
65 silly audit report       severity: 'moderate',
65 silly audit report       vulnerable_versions: '<=7.5.17',
65 silly audit report       cwe: [Array],
65 silly audit report       cvss: [Object]
65 silly audit report     },
65 silly audit report     {
65 silly audit report       id: 1123940,
65 silly audit report       url: 'https://github.com/advisories/GHSA-23hp-3jrh-7fpw',
65 silly audit report       title: 'node-tar: Decompression/parse DoS via unlimited input',
65 silly audit report       severity: 'critical',
65 silly audit report       vulnerable_versions: '<=7.5.18',
65 silly audit report       cwe: [Array],
65 silly audit report       cvss: [Object]
65 silly audit report     },
65 silly audit report     {
65 silly audit report       id: 1123941,
65 silly audit report       url: 'https://github.com/advisories/GHSA-8x88-c5mf-7j5w',
65 silly audit report       title: 'node-tar: Negative tar entry size causes infinite loop in archive replace',
65 silly audit report       severity: 'high',
65 silly audit report       vulnerable_versions: '<=7.5.17',
65 silly audit report       cwe: [Array],
65 silly audit report       cvss: [Object]
65 silly audit report     },
65 silly audit report     {
65 silly audit report       id: 1123942,
65 silly audit report       url: 'https://github.com/advisories/GHSA-gvwx-54wh-qm9j',
65 silly audit report       title: 'node-tar: Uncaught Exception DoS via NUL byte in PAX path/linkpath records',
65 silly audit report       severity: 'moderate',
65 silly audit report       vulnerable_versions: '<=7.5.16',
65 silly audit report       cwe: [Array],
65 silly audit report       cvss: [Object]
65 silly audit report     },
65 silly audit report     {
65 silly audit report       id: 1124287,
65 silly audit report       url: 'https://github.com/advisories/GHSA-r292-9mhp-454m',
65 silly audit report       title: 'node-tar: Uncontrolled recursion in mapHas/filesFilter allows uncatchable stack-overflow DoS via crafted long-path tar with member selection',
65 silly audit report       severity: 'moderate',
65 silly audit report       vulnerable_versions: '<=7.5.20',
65 silly audit report       cwe: [Array],
65 silly audit report       cvss: [Object]
65 silly audit report     },
65 silly audit report     {
65 silly audit report       id: 1097493,
65 silly audit report       url: 'https://github.com/advisories/GHSA-f5x3-32g6-xq36',
65 silly audit report       title: 'Denial of service while parsing a tar file due to lack of folders count validation',
65 silly audit report       severity: 'moderate',
65 silly audit report       vulnerable_versions: '<6.2.1',
65 silly audit report       cwe: [Array],
65 silly audit report       cvss: [Object]
65 silly audit report     }
65 silly audit report   ],
65 silly audit report   uuid: [
65 silly audit report     {
65 silly audit report       id: 1119441,
65 silly audit report       url: 'https://github.com/advisories/GHSA-w5hq-g745-h8pq',
65 silly audit report       title: 'uuid: Missing buffer bounds check in v3/v5/v6 when buf is provided',
65 silly audit report       severity: 'moderate',
65 silly audit report       vulnerable_versions: '<11.1.1',
65 silly audit report       cwe: [Array],
65 silly audit report       cvss: [Object]
65 silly audit report     }
65 silly audit report   ]
65 silly audit report }
66 timing metavuln:cache:get:security-advisory:axios:We3wxcPk9kkn0xwhYIVh3tbSPV88qcTDaObr31jY6FxiY7XBPfg0F6J9WCgTA+9XIQ528JIUG23csmksMa5djw== Completed in 404ms
67 timing metavuln:cache:get:security-advisory:@babel/runtime:xDaNmlS3J8LRk7IfDb7e9Gp3gcy/xDr1QZXCKC997SMkqKVemm2guY9vQpRI6omD11L5cfCI+STpoAdxUgnVsA== Completed in 413ms
68 timing metavuln:cache:get:security-advisory:axios:xNyxJ1BmVDeLCXzbOxkzab5iAVkG5RfQ0iqqfA2Fmsi7ee6xURvNi72w+UgFDHC6c7toI5CZ+FsMynWMNVcizw== Completed in 403ms
69 timing metavuln:cache:get:security-advisory:axios:VbHlEYhlaqXJ9XvkLvQDKIntUPMbCgErC/N9Zum/3t3773LIvvQeM3w6FtpMLijOhiYvdIo1tA6l08d/KG2owQ== Completed in 405ms
70 timing metavuln:cache:get:security-advisory:axios:FsTMaMwbtgv7VaUD5XVoaVbJRkWYBNaCvC/BbsbJKieT7PjzWWVyp2DD832es8+7LhxAUE9tgyMPZu+G/y2S5A== Completed in 401ms
71 timing metavuln:cache:get:security-advisory:ajv:URErmxoyazZWR5lFcXpgTkGsbkrUBDlzD8W6txjBw2wZoOC7oHjHFfCrRr/VnGeJvbyUY9E2jxrL8p2XbwfP8g== Completed in 413ms
72 timing metavuln:cache:get:security-advisory:axios:da7txlcY/7Ud7JRkw/hvt9g+mVpSRkFPDiUAR4h2g1sv4Choxul9KPzX2084lIt3yQYmv0pOzYb2UDEMw+N5Fg== Completed in 406ms
73 timing metavuln:cache:get:security-advisory:axios:9BgnJ5uNiAEA9AX3r28GdpHA9UAuw/zECHBI2I93Cx8klT6+tlxcdA+ob4IIMxYEwQ61zvzrFU4MSK38c//vuQ== Completed in 408ms
74 timing metavuln:cache:get:security-advisory:axios:GAKQXbl5ZrDh6yPoCgAGqZg1pXtocM+FGQ3xyw0k7oSRYqAOTJcmI3GLT5qOXQ908JNlY/vCYYnhZdmv0O4Cug== Completed in 415ms
75 timing metavuln:cache:get:security-advisory:axios:13kkiLWthvKI7ALhu+e9E14Gn4WsKsQLjirfIQrVCHHIoCKEHb5MFtn5klyrL9Erku0swIkJp7hR8cosYYUrhg== Completed in 415ms
76 timing metavuln:cache:get:security-advisory:axios:HaFCbyynICQoKliGRKF6NzyKaBXBKwl7utqpIxjszhP2jqtFlFJreFpWl+ygxGxv9FE9lgX1QbaVYqdn79NSaw== Completed in 418ms
77 timing metavuln:cache:get:security-advisory:axios:0/ZJRH6u+le/6+OgeLVGoMRIV/riEu/tDidw6VaBPqEScQFI4Ghcls7Dg+d/NoC2wlQPadVwa7q6fXDRHmOaDA== Completed in 419ms
78 timing metavuln:cache:get:security-advisory:axios:QPfIXkp/KZhwoyDyIKzXtdE5YVwI2CFG+xq5lYncSaAFETAWIc3tDc1nWtX9NdkseMgP2w/pMvh67yZscw3UNg== Completed in 425ms
79 timing metavuln:cache:get:security-advisory:axios:q0IxoUiLEFwUKMZuqye/K/lJ9rWG2BRJeYkupGtEYvclxVT2itMKF5Rbbd9CEBYyVuMH8/1JwoSq/m3SC8pozw== Completed in 430ms
80 timing metavuln:cache:get:security-advisory:axios:3z1wZ+t5oo1oiWqaw4A+Ga2q836GxbSNFXP9zMdclN854POYJgY+bYZcmF5VVJVY7Q/5Jgf+5/xxhWNljM3jFA== Completed in 431ms
81 timing metavuln:cache:get:security-advisory:axios:eKzX6XjUVDxqokqC9gHZQbbNcaH0zIme189WnJ0nmCCu/O8L3BSbli76X7TB0OsfBNBrm+Z5rrGUJb0goTQpNA== Completed in 432ms
82 timing metavuln:cache:get:security-advisory:axios:kPuju4Djzw+Fkb6a74pKuBpATGwQ3c2Ajn3FHbos8Iuxef0JgG3CZ3i20zmiXJF4DqwwZS8X0m2g2hZqhPez7g== Completed in 432ms
83 timing metavuln:cache:get:security-advisory:axios:v0RODbRA4yOk4ATIypjKITM3bAWeM6ZZIcMb/4u8Q72a0CVC2Gu3l43X1O4gZ5Yme6KBEnbhBmZ3QLAr2U4OGQ== Completed in 435ms
84 timing metavuln:cache:get:security-advisory:axios:Xfg5Chh1KX+A7ZVBBHB9fQfBlcL0HbCUk/TNIlC/hv4LNR7vOuZ5WOy1Y1NqXKmKGcW3mcF3RkVi2V+K7k4bEg== Completed in 435ms
85 timing metavuln:cache:get:security-advisory:axios:qGAYykxMa4bTydf03N7AfaSaurDLRQzZ8CSiDboAbC/8eNOputJ7XylOMgxvgHwGeloaHyXzrNh7pIo623soWA== Completed in 436ms
86 timing metavuln:cache:get:security-advisory:axios:NdCkm7j4yjnMlC82+f8vRKyDiZeIBnnOqxoG0ZT2cunEZcSEIsFrZ3EEZULTvL3vgaKy7pKpshZOUoNeaMdUgw== Completed in 438ms
87 timing metavuln:cache:get:security-advisory:axios:pU7OBwGYlv5vjEjm5gS/R59cRyvQZOaYDg8YceyIhv7tSJGvAVLOJrIr56QqCqFKvfiF+gvbK0cZ+sdZq+P0og== Completed in 441ms
88 timing metavuln:cache:get:security-advisory:axios:dNmA7C2S7NfbQkaVJBIemUN/WBzaXgNZTD2VFofXkOWvGXb1+be8l9+fo+EAZHEVPiHI9rYwjbCcMIx7SKVf3A== Completed in 448ms
89 timing metavuln:cache:get:security-advisory:brace-expansion:7IQMvcVTr+svbh5KCx4Kl6FQKJ1GciM03BnJAve/5WYJjUeRzKAIrStVpfachbl3T6a7o8nYlQEVG6Ih0TNXRg== Completed in 448ms
90 timing metavuln:cache:get:security-advisory:axios:Oi6B9AucyObhJnAMQYb3eyigkQbiqrclLJ09eDn16DgUHYfFa+9WQjxUGArwnF1cWOy0gbdKMrAbkp8xW8Fwkg== Completed in 452ms
91 timing metavuln:cache:get:security-advisory:body-parser:uoEU0GS6gk35ZdcQ5nagZYzZcDz5Th0PEvPIVa8rzwbO20pRdxYbAhpIm6Wc5MALXoWb1C4X8WqCtH02U0Wo1A== Completed in 452ms
92 timing metavuln:cache:get:security-advisory:brace-expansion:geBusfkNqQP6hxCT/x7QDM6pAPJMDIqmDW84J1DA4uDjuSM6GXgzKwYw+N4CptLZRUTx8jSydbfAJhrWxpkzqg== Completed in 452ms
93 timing metavuln:cache:get:security-advisory:brace-expansion:7ICbONgS6sI8RWhzTgNqqH552BWC4INFpZZfXI9U4oWgS/KeQEBLPtG82pnddpKRYaLAG9ti7ET/UUaZIDmFqA== Completed in 458ms
94 timing metavuln:cache:get:security-advisory:axios:RnzhIG6np6I4kkWxbE9wXPfbTXf5jrKZroFgyIY8z+LhdxaEfkyrvzdTbynSxJegb7LX9t5nbUmkbtXpj3ih+A== Completed in 462ms
95 timing metavuln:cache:get:security-advisory:brace-expansion:wDEbqWk4yLp9m7y1JKlfB/VOQdNxO6zv9mx3cQ5VptPHpE7Ova1G3NkU4hgGmOmyWoA3/1d/SEsb3LnkNTA35A== Completed in 460ms
96 timing metavuln:cache:get:security-advisory:ws:X1zzrfhbKpEJXO0VHdW/NpwmNGX+/AhJMY5mLpBQyiLg9bCnd7OZZ1KOjcgGi89DSjYF2d96mtEscLNWlXOZ2A== Completed in 460ms
97 timing metavuln:cache:get:security-advisory:cookie:EFt7h/FZLeopARa06+F2CBY5ItUm007mP/cHgZjTJZX1MeIwg3JD7toSioRoDeE8wm5VdkimqlS+CnuPhZqbIg== Completed in 461ms
98 timing metavuln:cache:get:security-advisory:on-headers:O+Ys/f4bZubU3jA9Sqz4HIIJaATwc83W201O653Eo/4y8FTwrgSc3mrXs4p8n7svj0OzipJYTBXXWJCgp81mSQ== Completed in 463ms
99 timing metavuln:cache:get:security-advisory:express:Y6ACp2DmYM+0HQ/I8CvEhLQJwNp8DOoQ76C8ObH06Y0qG40PIuVRmOi3OWzwUOTASTLCIWqeicWSO/acR3aaGQ== Completed in 473ms
100 timing metavuln:cache:get:security-advisory:brace-expansion:kIHgu1L8zIy7pY0wp6wYzUm7tst3xTM2tiSYrstcGK/XsO7o4p6zyuUSjq93oH1dvU2tbEvlSW+gaNbGIbeudw== Completed in 476ms
101 timing metavuln:cache:get:security-advisory:express:i1lv/mW3LDhCPxcU8tmYv85dckQQGUSeQtASYLVoMkQNcpH1gG93hQzZIslm4Zlt3AYRSx4rg+plteAtIC0Z1w== Completed in 474ms
102 timing metavuln:cache:get:security-advisory:follow-redirects:rD8yi3a8mVyeNvoX3wItq4e+Oa65QVDtc8KKes6VfIYPKX53VkWnOuxGYgUihdiwlz4i5mjg4yX/2qVYafhjyA== Completed in 473ms
103 timing metavuln:cache:get:security-advisory:form-data:QHwSQK89tp8y8NaEB/BmWWPJbFRmcqxbWkKungy6gPoWDFe3Fp6pmP2eW7jh8ZiRT8rEqJsege91INZ02VqjRw== Completed in 473ms
104 timing metavuln:cache:get:security-advisory:form-data:QtrJYuspC2x6/4C1Oat3mkU+5vF1sgqWmutMSh+7dhDRYSJrsvU/AVAJgWDUWLgGNj7X4aMNonvcZovhtgldng== Completed in 479ms
105 timing metavuln:cache:get:security-advisory:ws:NDzUiGrGJBp8DoZzCon7azLP0LOhVnGY7xx297BjzjnqdtYDRMANm8/0AgR35WeUhDSySlgbQWbt14Y+mmTBwg== Completed in 489ms
106 timing metavuln:cache:get:security-advisory:follow-redirects:3NqE18TAUt4qyZjI0VKQQxqYNOTvBqFH3gieybQ0RWyNPvn3DFkBdXljf6AprPUbU5Zy8Np7TzSCoFP2Lo706g== Completed in 486ms
107 timing metavuln:cache:get:security-advisory:body-parser:pig1SyrSKsjwjwwwj/jcD4mcNcfTO4pdo3Rc4tPJdqhmmrNQQn7BKDC6fAaFHDO30oyQ3Itoq6p8rLy4sFuQDg== Completed in 493ms
108 timing metavuln:cache:get:security-advisory:js-yaml:4JRmIWaw7t9g2nj2coc/knMKSpUTTvf6gd7QGFDejryJnGjc+YeBUVzshR5afcQZnuPyYGRjBRxydkQEqdhtbQ== Completed in 477ms
109 timing metavuln:cache:get:security-advisory:js-yaml:621IdjBdZEeVoUcjWGl1jXN0jFDGaf7dIQMeaPVKf5MxqYprJztiOC0OHOUPVoayh7Cq/fTC8L5CqEb98qlE7w== Completed in 484ms
110 timing metavuln:cache:get:security-advisory:follow-redirects:4omfKvh6Ya8SJnn3CVNWLzlRKgsHqsp8XgTxFFWXdSXyBqVHeW5UgGhBrNoO2e0bLHnlnK954cJp6k7PjkvXLg== Completed in 488ms
111 timing metavuln:cache:get:security-advisory:jsonata:Hfyj/dsKBv3mS0CXibFI/3oObAH3HN7f2BwiCOU+VmsorA9YgDKrvSltd7CFT+O+t2T2uzzx3rNQ6Td/+fELCg== Completed in 477ms
112 timing metavuln:cache:get:security-advisory:js-yaml:hRHUgW0MJiPqjWt2sUfet2EYlqoE1gaxACC2WErx8y0hzruS4JIdQFSyu03fknqwUeEglYl2LNhb3CLbe1gk7A== Completed in 485ms
113 timing metavuln:cache:get:security-advisory:path-to-regexp:1zdQfT/2s1/9HPIPcJl7TnWCFxsytt3sSe7T+xPf8FNpp2H4co4yvyKagGg4lKEjTVlcftvXdieAZPONp1djoQ== Completed in 476ms
114 timing metavuln:cache:get:security-advisory:minimatch:V/3cIcyAQcG1bwuH0e0PI9Qt5WRtbvb/WOz2mBxAfNzXf+Dvs9G1X05eHjnPq2b0TJY4zXXpqhCAkRAipgk3iQ== Completed in 478ms
115 timing metavuln:cache:get:security-advisory:minimatch:kx7kRjUmjSYmgQBpfsU82Na4xORZqvqpRRSlOyPLadasPBl0YfFJCjIETC00BG7Gd2omQLizgz8/GnnE/hk+Jw== Completed in 479ms
116 timing metavuln:cache:get:security-advisory:minimatch:tdaAHfWGUw/nl/W8ALWVH+LvG2E3gvo3P2FI/fVPxm3aZteLxWMOEuk/9iDk5O0/cZN/GRXnabt/mW/bfUoL/g== Completed in 479ms
117 timing metavuln:cache:get:security-advisory:jsonata:5dKlP/6FLURciFRRzR/na3nitvuO2U4vuHG9b5XFFBWiPwATncTqd7g7rdgpqyT0cjUgFreubadTXF4xr42K2A== Completed in 481ms
118 timing metavuln:cache:get:security-advisory:serve-static:VyBBWzRCPk4QPwU71mkZJ+QZdwW0bnbx/lUJDdvhij3t67jGrB4z2A5Ryyta1VjZgpmZ9kuyannc46B7jSSuiQ== Completed in 481ms
119 timing metavuln:cache:get:security-advisory:path-to-regexp:MgjHwCEvzlLz9p6+Yk8DdZLdAuprFRwJM/BcLFKUnsW5C1PzGCjbdvhfzdrEOsmCJB7eOyV5TvQe+zy4C++sJQ== Completed in 480ms
120 timing metavuln:cache:get:security-advisory:path-to-regexp:0sP5sOjSm2jEVzBjQIX2s9I2rZ6lj48WyfSR+oVtUzndwLs0Cww28/j1R5EWf/fv+a3hc7KtVDL8gxcHV6kAiQ== Completed in 481ms
121 timing metavuln:cache:get:security-advisory:send:8NP35PpfDEVbqnzPdc9zuVQOxwpjeCWA/vn7Q9SplgLVmZPjGaDssuEM0QllxNS2U4IM79h+Qp8GEO0schn/xw== Completed in 483ms
122 timing metavuln:cache:get:security-advisory:tar:qPQeYPFDBIedTWfYK3sbnScF6Ha7ouTs+wgndnz4PT5P+/K+GBD4epoPcYpXlu6AC7gSJlCJTJeuKbYAFoK9PA== Completed in 481ms
123 timing metavuln:cache:get:security-advisory:qs:iChjlXxtVMTpyXsUse674XoeCayLW4gF6rE7sQcXvHRFegwpM44fUr9Eqlmsmu+S9udu9w9eZmpzcAcyiUJMIQ== Completed in 484ms
124 timing metavuln:cache:get:security-advisory:tar:Bbf0Br7FJ1lJBIJDoLLFwjsDrbaYgLVqfrwr0ATzSQWEKW7Xp073S+5zxU9imRf4OqRJHo2MsCDeyKR0KRVsdA== Completed in 485ms
125 timing metavuln:cache:get:security-advisory:tar:cbwMpzkxWE086TmEbj2aUk80Z6hlvP0jzlWS+XiX15JwqEtFzUgHyHj3QX4I6EZYk8tgcYPuNr3hYFVCQY6e3Q== Completed in 486ms
126 timing metavuln:cache:get:security-advisory:qs:vVSN+MRVpdux32gCUfPGidHUGmS/0G5Ziwtmb1YXw3NARw1r47LtySeR7yFf/LZ4sKzi41443WWDDZzPHuCh9g== Completed in 489ms
127 timing metavuln:cache:get:security-advisory:tar:eeMx7uxRjV2T2ub1XcSZGVUMDQllh5SgBOjApRXoDwccZb2xPyoJEKCNDkl/ZQGHcurw9K/Nf+wQF6u7SWH6CQ== Completed in 487ms
128 timing metavuln:cache:get:security-advisory:tar:UWW3Y4BpqE/fE3Qp2/QBaix5a7TZZoP7gM6asxPYL9ED9MweoK3ryao+Bp0Y6Y8Xds/rmjAafpG21YRYkP3N4g== Completed in 488ms
129 timing metavuln:cache:get:security-advisory:tar:9WNWShpJfn52pM8ZKKqi6EHYXLJH6jIL35WJ1kx3R94kQ68yiei98QDX2MAYELuoz72lFzgt8ZNwVFO+0shTPQ== Completed in 488ms
130 timing metavuln:cache:get:security-advisory:tar:HvLlMJbJXEUK/onHcx6iH5KU2NP+7E7MMPhRhGnsmcr2FY6JAnWF2rcRAgVDBJAOnatQ9kP+OBlK6rRRB4Lm1w== Completed in 489ms
131 timing metavuln:cache:get:security-advisory:tar:arb4g8pdc7oanKU5x4mZlj4SU69lbBj1SSV/G1A404J9n2o/hIuWJHnMVKD9bwNuOjGRq9jrqCqZbeRyPHxymw== Completed in 489ms
132 timing metavuln:cache:get:security-advisory:tar:vbDW3SJe6e2hhLv65iuyXehzCzEAirdu2MloZluu8ApJ5S0mpjZNCz+7tMRaz8WDOzMKfYQKi/M/IfcFNOa3Cw== Completed in 490ms
133 timing metavuln:cache:get:security-advisory:tar:W1TcF4N8X2Krsm+r3h0ddGUXMEZZiAaynzYZTQxJc/5bpRkiYZlmagV6PyPqJsq/qtKMzvdrdTLDuOgdPU5XNA== Completed in 491ms
134 timing metavuln:cache:get:security-advisory:tar:WPAHyAaav02PDduw2eGnG6X+ABpwBjqmBwdNXRWo4FQEksB49HA4+TNk5yn/gtgvovYrJSHS2rT9f+21J9+P5g== Completed in 492ms
135 timing metavuln:cache:get:security-advisory:tar:t6qp9bDoOJC5ykUhMod9HFHgHDvI1UW6GnqB8jJS6Yi46hF+kajSpG1iT7saQrxA8wmMjWcqOhBiMPJM8/0lzQ== Completed in 493ms
136 timing metavuln:cache:get:security-advisory:uuid:fjKShcKspemxj7050oTyq4F6Ys6oXOzZoO3QUapp6PgJCcrmTMbXQaxkcJ1QLLNHzsQ9sgLuhrlezjv+hoSUhg== Completed in 495ms
137 timing metavuln:cache:get:security-advisory:tar:xsfciMtNhQn+Vb692L8h5HEYBYUJ5Lhjy3bF//LOsKSn8tp0f1hbuDX26k9UtKJNPZjM5uuq2Cxlz3KwL19oJg== Completed in 505ms
138 http fetch GET 200 https://registry.npmjs.org/@babel%2fruntime 1015ms (cache revalidated)
139 timing metavuln:packument:@babel/runtime Completed in 1020ms
140 timing metavuln:load:security-advisory:@babel/runtime:1104000 Completed in 4ms
141 timing metavuln:calculate:security-advisory:@babel/runtime:1104000 Completed in 1025ms
142 http fetch GET 200 https://registry.npmjs.org/send 1067ms (cache revalidated)
143 timing metavuln:packument:send Completed in 1069ms
144 timing metavuln:load:security-advisory:send:1109556 Completed in 1ms
145 timing metavuln:calculate:security-advisory:send:1109556 Completed in 1072ms
146 http fetch GET 200 https://registry.npmjs.org/on-headers 1115ms (cache revalidated)
147 timing metavuln:packument:on-headers Completed in 1118ms
148 timing metavuln:load:security-advisory:on-headers:1106812 Completed in 0ms
149 timing metavuln:calculate:security-advisory:on-headers:1106812 Completed in 1128ms
150 http fetch GET 200 https://registry.npmjs.org/ajv 1185ms (cache revalidated)
151 timing metavuln:packument:ajv Completed in 1196ms
152 timing metavuln:load:security-advisory:ajv:1113715 Completed in 8ms
153 timing metavuln:calculate:security-advisory:ajv:1113715 Completed in 1210ms
154 http fetch GET 200 https://registry.npmjs.org/brace-expansion 1195ms (cache revalidated)
155 timing metavuln:packument:brace-expansion Completed in 1198ms
156 timing metavuln:load:security-advisory:brace-expansion:1105443 Completed in 0ms
157 timing metavuln:calculate:security-advisory:brace-expansion:1105443 Completed in 1204ms
158 timing metavuln:load:security-advisory:brace-expansion:1130588 Completed in 1ms
159 timing metavuln:calculate:security-advisory:brace-expansion:1130588 Completed in 1210ms
160 timing metavuln:load:security-advisory:brace-expansion:1130737 Completed in 0ms
161 timing metavuln:calculate:security-advisory:brace-expansion:1130737 Completed in 1212ms
162 timing metavuln:load:security-advisory:brace-expansion:1115540 Completed in 0ms
163 timing metavuln:calculate:security-advisory:brace-expansion:1115540 Completed in 1213ms
164 timing metavuln:load:security-advisory:brace-expansion:1123897 Completed in 0ms
165 timing metavuln:calculate:security-advisory:brace-expansion:1123897 Completed in 1214ms
166 http fetch GET 200 https://registry.npmjs.org/path-to-regexp 1198ms (cache revalidated)
167 timing metavuln:packument:path-to-regexp Completed in 1211ms
168 timing metavuln:load:security-advisory:path-to-regexp:1101850 Completed in 1ms
169 timing metavuln:calculate:security-advisory:path-to-regexp:1101850 Completed in 1214ms
170 timing metavuln:load:security-advisory:path-to-regexp:1105199 Completed in 1ms
171 timing metavuln:calculate:security-advisory:path-to-regexp:1105199 Completed in 1214ms
172 timing metavuln:load:security-advisory:path-to-regexp:1115527 Completed in 0ms
173 timing metavuln:calculate:security-advisory:path-to-regexp:1115527 Completed in 1216ms
174 http fetch GET 200 https://registry.npmjs.org/body-parser 1239ms (cache revalidated)
175 timing metavuln:packument:body-parser Completed in 1242ms
176 timing metavuln:load:security-advisory:body-parser:1123977 Completed in 2ms
177 timing metavuln:calculate:security-advisory:body-parser:1123977 Completed in 1248ms
178 timing metavuln:load:security-advisory:body-parser:1099520 Completed in 2ms
179 timing metavuln:calculate:security-advisory:body-parser:1099520 Completed in 1252ms
180 http fetch GET 200 https://registry.npmjs.org/express 1253ms (cache revalidated)
181 timing metavuln:packument:express Completed in 1271ms
182 timing metavuln:load:security-advisory:express:1100530 Completed in 4ms
183 timing metavuln:calculate:security-advisory:express:1100530 Completed in 1287ms
184 timing metavuln:load:security-advisory:express:1111636 Completed in 5ms
185 timing metavuln:calculate:security-advisory:express:1111636 Completed in 1302ms
186 http fetch GET 200 https://registry.npmjs.org/serve-static 1291ms (cache revalidated)
187 timing metavuln:packument:serve-static Completed in 1294ms
188 timing metavuln:load:security-advisory:serve-static:1100528 Completed in 1ms
189 timing metavuln:calculate:security-advisory:serve-static:1100528 Completed in 1297ms
190 http fetch GET 200 https://registry.npmjs.org/ws 1320ms (cache revalidated)
191 timing metavuln:packument:ws Completed in 1325ms
192 timing metavuln:load:security-advisory:ws:1118729 Completed in 2ms
193 timing metavuln:calculate:security-advisory:ws:1118729 Completed in 1329ms
194 timing metavuln:load:security-advisory:ws:1123260 Completed in 1ms
195 timing metavuln:calculate:security-advisory:ws:1123260 Completed in 1331ms
196 http fetch GET 200 https://registry.npmjs.org/cookie 1333ms (cache revalidated)
197 timing metavuln:packument:cookie Completed in 1336ms
198 timing metavuln:load:security-advisory:cookie:1103907 Completed in 0ms
199 timing metavuln:calculate:security-advisory:cookie:1103907 Completed in 1337ms
200 http fetch GET 200 https://registry.npmjs.org/uuid 1332ms (cache revalidated)
201 timing metavuln:packument:uuid Completed in 1337ms
202 timing metavuln:load:security-advisory:uuid:1119441 Completed in 3ms
203 timing metavuln:calculate:security-advisory:uuid:1119441 Completed in 1342ms
204 http fetch GET 200 https://registry.npmjs.org/tar 1346ms (cache revalidated)
205 timing metavuln:packument:tar Completed in 1351ms
206 timing metavuln:load:security-advisory:tar:1112659 Completed in 1ms
207 timing metavuln:calculate:security-advisory:tar:1112659 Completed in 1355ms
208 timing metavuln:load:security-advisory:tar:1113300 Completed in 1ms
209 timing metavuln:calculate:security-advisory:tar:1113300 Completed in 1357ms
210 timing metavuln:load:security-advisory:tar:1113375 Completed in 1ms
211 timing metavuln:calculate:security-advisory:tar:1113375 Completed in 1359ms
212 timing metavuln:load:security-advisory:tar:1114200 Completed in 1ms
213 timing metavuln:calculate:security-advisory:tar:1114200 Completed in 1361ms
214 timing metavuln:load:security-advisory:tar:1114302 Completed in 1ms
215 timing metavuln:calculate:security-advisory:tar:1114302 Completed in 1363ms
216 timing metavuln:load:security-advisory:tar:1120782 Completed in 3ms
217 timing metavuln:calculate:security-advisory:tar:1120782 Completed in 1366ms
218 timing metavuln:load:security-advisory:tar:1114680 Completed in 1ms
219 timing metavuln:calculate:security-advisory:tar:1114680 Completed in 1375ms
220 timing metavuln:load:security-advisory:tar:1123939 Completed in 1ms
221 timing metavuln:calculate:security-advisory:tar:1123939 Completed in 1377ms
222 timing metavuln:load:security-advisory:tar:1123940 Completed in 3ms
223 timing metavuln:calculate:security-advisory:tar:1123940 Completed in 1380ms
224 timing metavuln:load:security-advisory:tar:1123941 Completed in 2ms
225 timing metavuln:calculate:security-advisory:tar:1123941 Completed in 1385ms
226 timing metavuln:load:security-advisory:tar:1123942 Completed in 2ms
227 timing metavuln:calculate:security-advisory:tar:1123942 Completed in 1391ms
228 timing metavuln:load:security-advisory:tar:1124287 Completed in 1ms
229 timing metavuln:calculate:security-advisory:tar:1124287 Completed in 1393ms
230 timing metavuln:load:security-advisory:tar:1097493 Completed in 1ms
231 timing metavuln:calculate:security-advisory:tar:1097493 Completed in 1394ms
232 http fetch GET 200 https://registry.npmjs.org/qs 1399ms (cache revalidated)
233 timing metavuln:packument:qs Completed in 1403ms
234 timing metavuln:load:security-advisory:qs:1113161 Completed in 4ms
235 timing metavuln:calculate:security-advisory:qs:1113161 Completed in 1409ms
236 timing metavuln:load:security-advisory:qs:1113719 Completed in 1ms
237 timing metavuln:calculate:security-advisory:qs:1113719 Completed in 1411ms
238 http fetch GET 200 https://registry.npmjs.org/follow-redirects 1428ms (cache revalidated)
239 timing metavuln:packument:follow-redirects Completed in 1431ms
240 timing metavuln:load:security-advisory:follow-redirects:1109569 Completed in 1ms
241 timing metavuln:calculate:security-advisory:follow-redirects:1109569 Completed in 1433ms
242 timing metavuln:load:security-advisory:follow-redirects:1096856 Completed in 0ms
243 timing metavuln:calculate:security-advisory:follow-redirects:1096856 Completed in 1432ms
244 timing metavuln:load:security-advisory:follow-redirects:1116560 Completed in 0ms
245 timing metavuln:calculate:security-advisory:follow-redirects:1116560 Completed in 1434ms
246 http fetch GET 200 https://registry.npmjs.org/jsonata 1425ms (cache revalidated)
247 timing metavuln:packument:jsonata Completed in 1427ms
248 timing metavuln:load:security-advisory:jsonata:1130739 Completed in 0ms
249 timing metavuln:calculate:security-advisory:jsonata:1130739 Completed in 1430ms
250 timing metavuln:load:security-advisory:jsonata:1096642 Completed in 0ms
251 timing metavuln:calculate:security-advisory:jsonata:1096642 Completed in 1430ms
252 http fetch GET 200 https://registry.npmjs.org/axios 1461ms (cache revalidated)
253 timing metavuln:packument:axios Completed in 1471ms
254 timing metavuln:load:security-advisory:axios:1111034 Completed in 1ms
255 timing metavuln:calculate:security-advisory:axios:1111034 Completed in 1472ms
256 timing metavuln:load:security-advisory:axios:1119403 Completed in 0ms
257 timing metavuln:calculate:security-advisory:axios:1119403 Completed in 1473ms
258 timing metavuln:load:security-advisory:axios:1120124 Completed in 2ms
259 timing metavuln:calculate:security-advisory:axios:1120124 Completed in 1474ms
260 timing metavuln:load:security-advisory:axios:1120546 Completed in 1ms
261 timing metavuln:calculate:security-advisory:axios:1120546 Completed in 1476ms
262 timing metavuln:load:security-advisory:axios:1120644 Completed in 1ms
263 timing metavuln:calculate:security-advisory:axios:1120644 Completed in 1476ms
264 timing metavuln:load:security-advisory:axios:1120646 Completed in 0ms
265 timing metavuln:calculate:security-advisory:axios:1120646 Completed in 1477ms
266 timing metavuln:load:security-advisory:axios:1120648 Completed in 1ms
267 timing metavuln:calculate:security-advisory:axios:1120648 Completed in 1478ms
268 timing metavuln:load:security-advisory:axios:1120651 Completed in 1ms
269 timing metavuln:calculate:security-advisory:axios:1120651 Completed in 1479ms
270 timing metavuln:load:security-advisory:axios:1116672 Completed in 1ms
271 timing metavuln:calculate:security-advisory:axios:1116672 Completed in 1479ms
272 timing metavuln:load:security-advisory:axios:1117573 Completed in 0ms
273 timing metavuln:calculate:security-advisory:axios:1117573 Completed in 1481ms
274 timing metavuln:load:security-advisory:axios:1117575 Completed in 1ms
275 timing metavuln:calculate:security-advisory:axios:1117575 Completed in 1482ms
276 timing metavuln:load:security-advisory:axios:1117579 Completed in 3ms
277 timing metavuln:calculate:security-advisory:axios:1117579 Completed in 1491ms
278 timing metavuln:load:security-advisory:axios:1117582 Completed in 1ms
279 timing metavuln:calculate:security-advisory:axios:1117582 Completed in 1494ms
280 timing metavuln:load:security-advisory:axios:1117586 Completed in 9ms
281 timing metavuln:calculate:security-advisory:axios:1117586 Completed in 1503ms
282 timing metavuln:load:security-advisory:axios:1117588 Completed in 1ms
283 timing metavuln:calculate:security-advisory:axios:1117588 Completed in 1509ms
284 timing metavuln:load:security-advisory:axios:1117590 Completed in 1ms
285 timing metavuln:calculate:security-advisory:axios:1117590 Completed in 1510ms
286 timing metavuln:load:security-advisory:axios:1117592 Completed in 0ms
287 timing metavuln:calculate:security-advisory:axios:1117592 Completed in 1511ms
288 timing metavuln:load:security-advisory:axios:1117594 Completed in 1ms
289 timing metavuln:calculate:security-advisory:axios:1117594 Completed in 1511ms
290 timing metavuln:load:security-advisory:axios:1117857 Completed in 0ms
291 timing metavuln:calculate:security-advisory:axios:1117857 Completed in 1512ms
292 timing metavuln:load:security-advisory:axios:1123825 Completed in 0ms
293 timing metavuln:calculate:security-advisory:axios:1123825 Completed in 1513ms
294 timing metavuln:load:security-advisory:axios:1123958 Completed in 0ms
295 timing metavuln:calculate:security-advisory:axios:1123958 Completed in 1514ms
296 timing metavuln:load:security-advisory:axios:1123972 Completed in 1ms
297 timing metavuln:calculate:security-advisory:axios:1123972 Completed in 1516ms
298 timing metavuln:load:security-advisory:axios:1097679 Completed in 0ms
299 timing metavuln:calculate:security-advisory:axios:1097679 Completed in 1518ms
300 http fetch GET 200 https://registry.npmjs.org/form-data 1512ms (cache revalidated)
301 timing metavuln:packument:form-data Completed in 1522ms
302 timing metavuln:load:security-advisory:form-data:1109538 Completed in 1ms
303 timing metavuln:calculate:security-advisory:form-data:1109538 Completed in 1526ms
304 timing metavuln:load:security-advisory:form-data:1120743 Completed in 0ms
305 timing metavuln:calculate:security-advisory:form-data:1120743 Completed in 1528ms
306 http fetch GET 200 https://registry.npmjs.org/minimatch 1519ms (cache revalidated)
307 timing metavuln:packument:minimatch Completed in 1526ms
308 timing metavuln:load:security-advisory:minimatch:1113459 Completed in 10ms
309 timing metavuln:calculate:security-advisory:minimatch:1113459 Completed in 1539ms
310 timing metavuln:load:security-advisory:minimatch:1113538 Completed in 1ms
311 timing metavuln:calculate:security-advisory:minimatch:1113538 Completed in 1541ms
312 timing metavuln:load:security-advisory:minimatch:1113546 Completed in 1ms
313 timing metavuln:calculate:security-advisory:minimatch:1113546 Completed in 1541ms
314 http fetch GET 200 https://registry.npmjs.org/js-yaml 1552ms (cache revalidated)
315 timing metavuln:packument:js-yaml Completed in 1556ms
316 timing metavuln:load:security-advisory:js-yaml:1112715 Completed in 1ms
317 timing metavuln:calculate:security-advisory:js-yaml:1112715 Completed in 1558ms
318 timing metavuln:load:security-advisory:js-yaml:1121860 Completed in 0ms
319 timing metavuln:calculate:security-advisory:js-yaml:1121860 Completed in 1560ms
320 timing metavuln:load:security-advisory:js-yaml:1123911 Completed in 1ms
321 timing metavuln:calculate:security-advisory:js-yaml:1123911 Completed in 1555ms
322 timing metavuln:cache:get:security-advisory:i18next:l4tbfjbVOZGuH/00FuoHxAf5DtkJBCMqzu0CQ4juWz1pfNe0diGF78qD/NikjjOQugC9THUj3QGPzO/X2ByTaQ== Completed in 25ms
323 http fetch GET 200 https://registry.npmjs.org/i18next 232ms (cache revalidated)
324 timing metavuln:packument:i18next Completed in 252ms
325 timing metavuln:load:security-advisory:i18next:xDaNmlS3J8LRk7IfDb7e9Gp3gcy/xDr1QZXCKC997SMkqKVemm2guY9vQpRI6omD11L5cfCI+STpoAdxUgnVsA== Completed in 4ms
326 timing metavuln:calculate:security-advisory:i18next:xDaNmlS3J8LRk7IfDb7e9Gp3gcy/xDr1QZXCKC997SMkqKVemm2guY9vQpRI6omD11L5cfCI+STpoAdxUgnVsA== Completed in 259ms
327 timing metavuln:cache:get:security-advisory:@node-red/nodes:H6YMUYg6/SnV6KZr5oY58qo8uT8MyYqbcIASNP4wtrJIXjoOzPaJQBXi3dnXzJunHvf18LA6CvYzrBOl4Q33mA== Completed in 37ms
328 http fetch GET 200 https://registry.npmjs.org/@node-red%2fnodes 776ms (cache revalidated)
329 timing metavuln:packument:@node-red/nodes Completed in 796ms
330 timing metavuln:load:security-advisory:@node-red/nodes:URErmxoyazZWR5lFcXpgTkGsbkrUBDlzD8W6txjBw2wZoOC7oHjHFfCrRr/VnGeJvbyUY9E2jxrL8p2XbwfP8g== Completed in 1ms
331 timing metavuln:calculate:security-advisory:@node-red/nodes:URErmxoyazZWR5lFcXpgTkGsbkrUBDlzD8W6txjBw2wZoOC7oHjHFfCrRr/VnGeJvbyUY9E2jxrL8p2XbwfP8g== Completed in 810ms
332 timing metavuln:cache:get:security-advisory:node-red-admin:fTQCeOxhqlTGErL49vBwsy40DAG6rtdTeK+9SXXVkx4rmgfwyPQHv696SyAA5D4fW9d/60PJkC6EZKG5HUh+Hw== Completed in 162ms
333 http fetch GET 200 https://registry.npmjs.org/node-red-admin 657ms (cache revalidated)
334 timing metavuln:packument:node-red-admin Completed in 665ms
335 timing metavuln:load:security-advisory:node-red-admin:We3wxcPk9kkn0xwhYIVh3tbSPV88qcTDaObr31jY6FxiY7XBPfg0F6J9WCgTA+9XIQ528JIUG23csmksMa5djw== Completed in 0ms
336 timing metavuln:calculate:security-advisory:node-red-admin:We3wxcPk9kkn0xwhYIVh3tbSPV88qcTDaObr31jY6FxiY7XBPfg0F6J9WCgTA+9XIQ528JIUG23csmksMa5djw== Completed in 672ms
337 timing metavuln:cache:get:security-advisory:@node-red/editor-api:tWKJWUn99hESwZMeEif2lA3YF1CLl+ma+0kXuRVyIhhsxGXB0z5TF8V0iLyLRkf2xGzZyFDs/zjlI8xNgbajRA== Completed in 89ms
338 timing metavuln:cache:get:security-advisory:@node-red/nodes:ZJ4ITaLe7jEcGpQppmo/KdnZTzBJ9xtLGsn26p6W1fvVJkp1OtYNwMqez3dKiJUfOcQeRZeKpu+jqwOtiZEB6A== Completed in 88ms
339 timing metavuln:load:security-advisory:@node-red/nodes:pig1SyrSKsjwjwwwj/jcD4mcNcfTO4pdo3Rc4tPJdqhmmrNQQn7BKDC6fAaFHDO30oyQ3Itoq6p8rLy4sFuQDg== Completed in 1ms
340 timing metavuln:calculate:security-advisory:@node-red/nodes:pig1SyrSKsjwjwwwj/jcD4mcNcfTO4pdo3Rc4tPJdqhmmrNQQn7BKDC6fAaFHDO30oyQ3Itoq6p8rLy4sFuQDg== Completed in 161ms
341 timing metavuln:cache:get:security-advisory:express:uYweQZJrzHqFLWrgN/fzET7ZS/ExJNOtjKfhPRnZqEoPxRdT+XltnvMhZuE8SWSHEjEC9nrk2rtf/sDLZyYP0g== Completed in 198ms
342 timing metavuln:load:security-advisory:express:pig1SyrSKsjwjwwwj/jcD4mcNcfTO4pdo3Rc4tPJdqhmmrNQQn7BKDC6fAaFHDO30oyQ3Itoq6p8rLy4sFuQDg== Completed in 2ms
343 timing metavuln:calculate:security-advisory:express:pig1SyrSKsjwjwwwj/jcD4mcNcfTO4pdo3Rc4tPJdqhmmrNQQn7BKDC6fAaFHDO30oyQ3Itoq6p8rLy4sFuQDg== Completed in 222ms
344 http fetch GET 200 https://registry.npmjs.org/@node-red%2feditor-api 784ms (cache revalidated)
345 timing metavuln:packument:@node-red/editor-api Completed in 790ms
346 timing metavuln:load:security-advisory:@node-red/editor-api:pig1SyrSKsjwjwwwj/jcD4mcNcfTO4pdo3Rc4tPJdqhmmrNQQn7BKDC6fAaFHDO30oyQ3Itoq6p8rLy4sFuQDg== Completed in 1ms
347 timing metavuln:calculate:security-advisory:@node-red/editor-api:pig1SyrSKsjwjwwwj/jcD4mcNcfTO4pdo3Rc4tPJdqhmmrNQQn7BKDC6fAaFHDO30oyQ3Itoq6p8rLy4sFuQDg== Completed in 807ms
348 timing metavuln:cache:get:security-advisory:minimatch:EdzP79sukXfwnaTxyFO/a1+fXPBBvIH9NlsgWGTGWGSpQkNPxYQxFaMxiKCAwfckwBABbsvD1jCrk+QZ4W56Rw== Completed in 47ms
349 timing metavuln:load:security-advisory:minimatch:7IQMvcVTr+svbh5KCx4Kl6FQKJ1GciM03BnJAve/5WYJjUeRzKAIrStVpfachbl3T6a7o8nYlQEVG6Ih0TNXRg== Completed in 0ms
350 timing metavuln:calculate:security-advisory:minimatch:7IQMvcVTr+svbh5KCx4Kl6FQKJ1GciM03BnJAve/5WYJjUeRzKAIrStVpfachbl3T6a7o8nYlQEVG6Ih0TNXRg== Completed in 49ms
351 timing metavuln:cache:get:security-advisory:@node-red/nodes:Q7iapCtnygJZCyD0re43aRTgNV6rqiLCe5YfF7jJmRmddASHaClkQ7D3c8k1o6yHD+2SZQ7+Zvunr5k280hFFQ== Completed in 33ms
352 timing metavuln:load:security-advisory:@node-red/nodes:O+Ys/f4bZubU3jA9Sqz4HIIJaATwc83W201O653Eo/4y8FTwrgSc3mrXs4p8n7svj0OzipJYTBXXWJCgp81mSQ== Completed in 1ms
353 timing metavuln:calculate:security-advisory:@node-red/nodes:O+Ys/f4bZubU3jA9Sqz4HIIJaATwc83W201O653Eo/4y8FTwrgSc3mrXs4p8n7svj0OzipJYTBXXWJCgp81mSQ== Completed in 36ms
354 timing metavuln:cache:get:security-advisory:express-session:wMNaFhKiShCC1n8d6Vurah9Tg+OH6hUJ0QyqEQKikAdNih2n7c9rl9FOYr1SwuYmy95c0qUaicIh2p5dg7pDSQ== Completed in 38ms
355 http fetch GET 200 https://registry.npmjs.org/express-session 262ms (cache revalidated)
356 timing metavuln:packument:express-session Completed in 290ms
357 timing metavuln:load:security-advisory:express-session:O+Ys/f4bZubU3jA9Sqz4HIIJaATwc83W201O653Eo/4y8FTwrgSc3mrXs4p8n7svj0OzipJYTBXXWJCgp81mSQ== Completed in 0ms
358 timing metavuln:calculate:security-advisory:express-session:O+Ys/f4bZubU3jA9Sqz4HIIJaATwc83W201O653Eo/4y8FTwrgSc3mrXs4p8n7svj0OzipJYTBXXWJCgp81mSQ== Completed in 312ms
359 timing metavuln:cache:get:security-advisory:cookie-parser:wMGY3CTwe1TilEBppkXmFEhwLd0qajxRq2E+aSYE5xmodo241jSbmUsYne+laUgMsb4eY82rGeNCJeLwFX3edQ== Completed in 109ms
360 timing metavuln:cache:get:security-advisory:express-session:RFFw5smL0rZuDKrfLxn6699poueLzOCubLBSzyfAqaGQ6Eq4WbWvd70fXxwEsYVZTTDGSh5+AhanApzKk8vNmQ== Completed in 117ms
361 timing metavuln:load:security-advisory:express-session:EFt7h/FZLeopARa06+F2CBY5ItUm007mP/cHgZjTJZX1MeIwg3JD7toSioRoDeE8wm5VdkimqlS+CnuPhZqbIg== Completed in 5ms
362 timing metavuln:calculate:security-advisory:express-session:EFt7h/FZLeopARa06+F2CBY5ItUm007mP/cHgZjTJZX1MeIwg3JD7toSioRoDeE8wm5VdkimqlS+CnuPhZqbIg== Completed in 134ms
363 timing metavuln:cache:get:security-advisory:express:sb5aHYxuv7oTd2v1ApotGTTuwOWqb9o3qRQ2W5Aju5V6v7nYbGS+2GR0OxQkrB3Sgzu051IbP4LwzpKgrH2WGQ== Completed in 158ms
364 timing metavuln:load:security-advisory:express:EFt7h/FZLeopARa06+F2CBY5ItUm007mP/cHgZjTJZX1MeIwg3JD7toSioRoDeE8wm5VdkimqlS+CnuPhZqbIg== Completed in 3ms
365 timing metavuln:calculate:security-advisory:express:EFt7h/FZLeopARa06+F2CBY5ItUm007mP/cHgZjTJZX1MeIwg3JD7toSioRoDeE8wm5VdkimqlS+CnuPhZqbIg== Completed in 162ms
366 timing metavuln:cache:get:security-advisory:@node-red/nodes:GrFu1PUuV0hJAN8B8Bmfp/F/aPV9iT/r+tULQi1NQiXvg5DwKywK9tEeDyLgLedgDqWkiFbiwe9QGGSrrmKIdg== Completed in 175ms
367 timing metavuln:load:security-advisory:@node-red/nodes:EFt7h/FZLeopARa06+F2CBY5ItUm007mP/cHgZjTJZX1MeIwg3JD7toSioRoDeE8wm5VdkimqlS+CnuPhZqbIg== Completed in 1ms
368 timing metavuln:calculate:security-advisory:@node-red/nodes:EFt7h/FZLeopARa06+F2CBY5ItUm007mP/cHgZjTJZX1MeIwg3JD7toSioRoDeE8wm5VdkimqlS+CnuPhZqbIg== Completed in 190ms
369 http fetch GET 200 https://registry.npmjs.org/cookie-parser 447ms (cache revalidated)
370 timing metavuln:packument:cookie-parser Completed in 456ms
371 timing metavuln:load:security-advisory:cookie-parser:EFt7h/FZLeopARa06+F2CBY5ItUm007mP/cHgZjTJZX1MeIwg3JD7toSioRoDeE8wm5VdkimqlS+CnuPhZqbIg== Completed in 0ms
372 timing metavuln:calculate:security-advisory:cookie-parser:EFt7h/FZLeopARa06+F2CBY5ItUm007mP/cHgZjTJZX1MeIwg3JD7toSioRoDeE8wm5VdkimqlS+CnuPhZqbIg== Completed in 457ms
373 timing metavuln:cache:get:security-advisory:@node-red/editor-api:F7T9TqsoiwPglpFxqdjqxiJaemxeRLwN4/VQrr4Uc9ZIqEUPTn5vh8PZKbo17i8GEV8EFQjgPJRMm+6efF30ng== Completed in 38ms
374 timing metavuln:load:security-advisory:@node-red/editor-api:NDzUiGrGJBp8DoZzCon7azLP0LOhVnGY7xx297BjzjnqdtYDRMANm8/0AgR35WeUhDSySlgbQWbt14Y+mmTBwg== Completed in 1ms
375 timing metavuln:calculate:security-advisory:@node-red/editor-api:NDzUiGrGJBp8DoZzCon7azLP0LOhVnGY7xx297BjzjnqdtYDRMANm8/0AgR35WeUhDSySlgbQWbt14Y+mmTBwg== Completed in 40ms
376 timing metavuln:cache:get:security-advisory:mqtt:Vif5m5D6xpXuSfeO/lRNOvXOgxh4Iy9Y8JKJy46LCRufE1qdus8BIjeXZ00s1bkJve/2rDFcJ4Lj90LhfYokzA== Completed in 42ms
377 timing metavuln:cache:get:security-advisory:@node-red/nodes:eoL3t6XphSnVyhvT/zWALq5gm14Kb1zfembQTvTH0bjkXRWPNxjksBDjor799VUH7+PspIx/Kk9CGoHGDax3hg== Completed in 52ms
378 timing metavuln:load:security-advisory:@node-red/nodes:NDzUiGrGJBp8DoZzCon7azLP0LOhVnGY7xx297BjzjnqdtYDRMANm8/0AgR35WeUhDSySlgbQWbt14Y+mmTBwg== Completed in 2ms
379 timing metavuln:calculate:security-advisory:@node-red/nodes:NDzUiGrGJBp8DoZzCon7azLP0LOhVnGY7xx297BjzjnqdtYDRMANm8/0AgR35WeUhDSySlgbQWbt14Y+mmTBwg== Completed in 55ms
380 http fetch GET 200 https://registry.npmjs.org/mqtt 181ms (cache revalidated)
381 timing metavuln:packument:mqtt Completed in 190ms
382 timing metavuln:load:security-advisory:mqtt:NDzUiGrGJBp8DoZzCon7azLP0LOhVnGY7xx297BjzjnqdtYDRMANm8/0AgR35WeUhDSySlgbQWbt14Y+mmTBwg== Completed in 1ms
383 timing metavuln:calculate:security-advisory:mqtt:NDzUiGrGJBp8DoZzCon7azLP0LOhVnGY7xx297BjzjnqdtYDRMANm8/0AgR35WeUhDSySlgbQWbt14Y+mmTBwg== Completed in 195ms
384 timing metavuln:cache:get:security-advisory:@node-red/editor-api:gkn5Wz4IsqobDVSdpQdUio9y1kbpQGMb3svHjFogB9fBkchzVdfM4pyOgOf5R0BwzitPePcqyc4D7dKs3cWyJA== Completed in 51ms
385 timing metavuln:load:security-advisory:@node-red/editor-api:Y6ACp2DmYM+0HQ/I8CvEhLQJwNp8DOoQ76C8ObH06Y0qG40PIuVRmOi3OWzwUOTASTLCIWqeicWSO/acR3aaGQ== Completed in 1ms
386 timing metavuln:calculate:security-advisory:@node-red/editor-api:Y6ACp2DmYM+0HQ/I8CvEhLQJwNp8DOoQ76C8ObH06Y0qG40PIuVRmOi3OWzwUOTASTLCIWqeicWSO/acR3aaGQ== Completed in 53ms
387 timing metavuln:cache:get:security-advisory:node-red:7ONkx0AukNofVjhHOBVwT+PIvQ+VOcE+wAZoRMgPQP1uYDah+cRjZhuuVlBBpyYzoYKOynEJQNu00WUmepptOw== Completed in 52ms
388 timing metavuln:cache:get:security-advisory:@node-red/runtime:4egPVIOfn1+81vt/C0cRku0gkOaAc25MIw5p8uHJucOGWrIVAuWstyEi59LfBBkuWnuUTg2Afaf1m8w9rNoFLw== Completed in 69ms
389 http fetch GET 200 https://registry.npmjs.org/node-red 385ms (cache revalidated)
390 timing metavuln:packument:node-red Completed in 401ms
391 timing metavuln:load:security-advisory:node-red:Y6ACp2DmYM+0HQ/I8CvEhLQJwNp8DOoQ76C8ObH06Y0qG40PIuVRmOi3OWzwUOTASTLCIWqeicWSO/acR3aaGQ== Completed in 2ms
392 timing metavuln:calculate:security-advisory:node-red:Y6ACp2DmYM+0HQ/I8CvEhLQJwNp8DOoQ76C8ObH06Y0qG40PIuVRmOi3OWzwUOTASTLCIWqeicWSO/acR3aaGQ== Completed in 405ms
393 http fetch GET 200 https://registry.npmjs.org/@node-red%2fruntime 691ms (cache revalidated)
394 timing metavuln:packument:@node-red/runtime Completed in 697ms
395 timing metavuln:load:security-advisory:@node-red/runtime:Y6ACp2DmYM+0HQ/I8CvEhLQJwNp8DOoQ76C8ObH06Y0qG40PIuVRmOi3OWzwUOTASTLCIWqeicWSO/acR3aaGQ== Completed in 1ms
396 timing metavuln:calculate:security-advisory:@node-red/runtime:Y6ACp2DmYM+0HQ/I8CvEhLQJwNp8DOoQ76C8ObH06Y0qG40PIuVRmOi3OWzwUOTASTLCIWqeicWSO/acR3aaGQ== Completed in 700ms
397 timing metavuln:cache:get:security-advisory:axios:/SV6pkSV0pxwG9g+eYbOx4XvVUqnFHMphxCf9Ku6J2UxW5vXiVzWkBWVe7MBXreUkfqBVBCg0Wcz+pTdOxJvYQ== Completed in 22ms
398 timing metavuln:load:security-advisory:axios:3NqE18TAUt4qyZjI0VKQQxqYNOTvBqFH3gieybQ0RWyNPvn3DFkBdXljf6AprPUbU5Zy8Np7TzSCoFP2Lo706g== Completed in 0ms
399 timing metavuln:calculate:security-advisory:axios:3NqE18TAUt4qyZjI0VKQQxqYNOTvBqFH3gieybQ0RWyNPvn3DFkBdXljf6AprPUbU5Zy8Np7TzSCoFP2Lo706g== Completed in 24ms
400 timing metavuln:cache:get:security-advisory:axios:C2fIAmAB2uOvlfUuWl4nar/gbg/mmHzmzeMphxDBwRWYxDXxg8Ta1mzTq6jDIuRTZqkNY/kJ4g85IdHIaKaoPQ== Completed in 20ms
401 timing metavuln:load:security-advisory:axios:QHwSQK89tp8y8NaEB/BmWWPJbFRmcqxbWkKungy6gPoWDFe3Fp6pmP2eW7jh8ZiRT8rEqJsege91INZ02VqjRw== Completed in 1ms
402 timing metavuln:calculate:security-advisory:axios:QHwSQK89tp8y8NaEB/BmWWPJbFRmcqxbWkKungy6gPoWDFe3Fp6pmP2eW7jh8ZiRT8rEqJsege91INZ02VqjRw== Completed in 21ms
403 timing metavuln:cache:get:security-advisory:@node-red/nodes:Pdpp+6OQoxeLWEp01EoUhygep9frRmYevZ4PTIyQi+X1eFxwlALrMpg5UXkGhYv2Lwx61xDyzngNL5LxbR3Itg== Completed in 22ms
404 timing metavuln:load:security-advisory:@node-red/nodes:QHwSQK89tp8y8NaEB/BmWWPJbFRmcqxbWkKungy6gPoWDFe3Fp6pmP2eW7jh8ZiRT8rEqJsege91INZ02VqjRw== Completed in 1ms
405 timing metavuln:calculate:security-advisory:@node-red/nodes:QHwSQK89tp8y8NaEB/BmWWPJbFRmcqxbWkKungy6gPoWDFe3Fp6pmP2eW7jh8ZiRT8rEqJsege91INZ02VqjRw== Completed in 25ms
406 timing metavuln:cache:get:security-advisory:@node-red/nodes:+IT85FxfxGHdihmzBfF9QOHn2k88tptJmtvpQVnyCXjPWKivH9/gtC2J7FEaasbLVCrBIHgLpn7mzbA2nan9Cw== Completed in 25ms
407 timing metavuln:load:security-advisory:@node-red/nodes:621IdjBdZEeVoUcjWGl1jXN0jFDGaf7dIQMeaPVKf5MxqYprJztiOC0OHOUPVoayh7Cq/fTC8L5CqEb98qlE7w== Completed in 1ms
408 timing metavuln:calculate:security-advisory:@node-red/nodes:621IdjBdZEeVoUcjWGl1jXN0jFDGaf7dIQMeaPVKf5MxqYprJztiOC0OHOUPVoayh7Cq/fTC8L5CqEb98qlE7w== Completed in 28ms
409 timing metavuln:cache:get:security-advisory:@node-red/util:VcKKpWjQUM4W4QTvOkPmXG/mn3NCJCuNJRda3aF2ZhpnuIDqOkPLnoaF6cETEA+oCJvfpAx/6qvj/VNKuGgMJg== Completed in 33ms
410 http fetch GET 200 https://registry.npmjs.org/@node-red%2futil 379ms (cache revalidated)
411 timing metavuln:packument:@node-red/util Completed in 382ms
412 timing metavuln:load:security-advisory:@node-red/util:Hfyj/dsKBv3mS0CXibFI/3oObAH3HN7f2BwiCOU+VmsorA9YgDKrvSltd7CFT+O+t2T2uzzx3rNQ6Td/+fELCg== Completed in 1ms
413 timing metavuln:calculate:security-advisory:@node-red/util:Hfyj/dsKBv3mS0CXibFI/3oObAH3HN7f2BwiCOU+VmsorA9YgDKrvSltd7CFT+O+t2T2uzzx3rNQ6Td/+fELCg== Completed in 385ms
414 timing metavuln:cache:get:security-advisory:glob:SiaR+x876RZ4PrtFfgITl2I3eRZNkCbXOr2JdOKzsfFOqrFtyoEMmqMabD5D9LbuunJXr2ioG0JXsVQhURvrcw== Completed in 15ms
415 http fetch GET 200 https://registry.npmjs.org/glob 151ms (cache revalidated)
416 timing metavuln:packument:glob Completed in 156ms
417 timing metavuln:load:security-advisory:glob:V/3cIcyAQcG1bwuH0e0PI9Qt5WRtbvb/WOz2mBxAfNzXf+Dvs9G1X05eHjnPq2b0TJY4zXXpqhCAkRAipgk3iQ== Completed in 0ms
418 timing metavuln:calculate:security-advisory:glob:V/3cIcyAQcG1bwuH0e0PI9Qt5WRtbvb/WOz2mBxAfNzXf+Dvs9G1X05eHjnPq2b0TJY4zXXpqhCAkRAipgk3iQ== Completed in 158ms
419 timing metavuln:cache:get:security-advisory:serve-static:VMA9Xvj5QO+jz0WZF77roG80h0vr8/yqXqCDcQHHVJmej+4wy5CoagzzI0fzX0hekO2hxhcidoF4uBR9z8aY1Q== Completed in 12ms
420 timing metavuln:load:security-advisory:serve-static:8NP35PpfDEVbqnzPdc9zuVQOxwpjeCWA/vn7Q9SplgLVmZPjGaDssuEM0QllxNS2U4IM79h+Qp8GEO0schn/xw== Completed in 3ms
421 timing metavuln:calculate:security-advisory:serve-static:8NP35PpfDEVbqnzPdc9zuVQOxwpjeCWA/vn7Q9SplgLVmZPjGaDssuEM0QllxNS2U4IM79h+Qp8GEO0schn/xw== Completed in 17ms
422 timing metavuln:cache:get:security-advisory:express:icN4Z/CnJ3HexuuTzhvyFELlcl9Ayp336wmeTAuWjfT/hbRPW+ZwueDz6SD9ycRuIKM/WmBUFAjzHNHL3NFgtQ== Completed in 18ms
423 timing metavuln:load:security-advisory:express:8NP35PpfDEVbqnzPdc9zuVQOxwpjeCWA/vn7Q9SplgLVmZPjGaDssuEM0QllxNS2U4IM79h+Qp8GEO0schn/xw== Completed in 2ms
424 timing metavuln:calculate:security-advisory:express:8NP35PpfDEVbqnzPdc9zuVQOxwpjeCWA/vn7Q9SplgLVmZPjGaDssuEM0QllxNS2U4IM79h+Qp8GEO0schn/xw== Completed in 20ms
425 timing metavuln:cache:get:security-advisory:express:kykTo4VuC2rM2MB0/ANQ51tOegcUPd67Lh4iIK7TUUpqt61eQaJ70XtItcffrJ8PoIYxwtnuqm5DJGT19JMA/A== Completed in 19ms
426 timing metavuln:load:security-advisory:express:VyBBWzRCPk4QPwU71mkZJ+QZdwW0bnbx/lUJDdvhij3t67jGrB4z2A5Ryyta1VjZgpmZ9kuyannc46B7jSSuiQ== Completed in 2ms
427 timing metavuln:calculate:security-advisory:express:VyBBWzRCPk4QPwU71mkZJ+QZdwW0bnbx/lUJDdvhij3t67jGrB4z2A5Ryyta1VjZgpmZ9kuyannc46B7jSSuiQ== Completed in 21ms
428 timing metavuln:cache:get:security-advisory:express:LRbUnr0WeU21QXyqYq0LKWnxCksZVHamePIRXV3//T9Aj7u3VWNsnM6K5ujI/Z6dfOKKNzbMDayMt+lQ7d6K3A== Completed in 22ms
429 timing metavuln:load:security-advisory:express:1zdQfT/2s1/9HPIPcJl7TnWCFxsytt3sSe7T+xPf8FNpp2H4co4yvyKagGg4lKEjTVlcftvXdieAZPONp1djoQ== Completed in 1ms
430 timing metavuln:calculate:security-advisory:express:1zdQfT/2s1/9HPIPcJl7TnWCFxsytt3sSe7T+xPf8FNpp2H4co4yvyKagGg4lKEjTVlcftvXdieAZPONp1djoQ== Completed in 25ms
431 timing metavuln:cache:get:security-advisory:express:Qxs0t5MAyfWkxZXrn5d46toL85dY/eYqwQswCjVN3ze7zcZExphuyuGvmDChb/mvSc6A1P848uOkCDpJiTx7sA== Completed in 15ms
432 timing metavuln:load:security-advisory:express:vVSN+MRVpdux32gCUfPGidHUGmS/0G5Ziwtmb1YXw3NARw1r47LtySeR7yFf/LZ4sKzi41443WWDDZzPHuCh9g== Completed in 1ms
433 timing metavuln:calculate:security-advisory:express:vVSN+MRVpdux32gCUfPGidHUGmS/0G5Ziwtmb1YXw3NARw1r47LtySeR7yFf/LZ4sKzi41443WWDDZzPHuCh9g== Completed in 17ms
434 timing metavuln:cache:get:security-advisory:body-parser:SVY1QJwUSfML2NehOGcSVstcXKS/eDua/5V2EUmKoUvvslju7nOUuG2U2s8Ab8JiwWLyYwOKkJuQtb6QCoInhg== Completed in 19ms
435 timing metavuln:load:security-advisory:body-parser:vVSN+MRVpdux32gCUfPGidHUGmS/0G5Ziwtmb1YXw3NARw1r47LtySeR7yFf/LZ4sKzi41443WWDDZzPHuCh9g== Completed in 0ms
436 timing metavuln:calculate:security-advisory:body-parser:vVSN+MRVpdux32gCUfPGidHUGmS/0G5Ziwtmb1YXw3NARw1r47LtySeR7yFf/LZ4sKzi41443WWDDZzPHuCh9g== Completed in 21ms
437 timing metavuln:cache:get:security-advisory:@node-red/registry:FOQxS4/pCCKeu9vnR4uaJ/Dh6KboKU3arM031ERhj5Lk1v7TiAu6GZh8oC/M0ktCbgS5twwkOeqzKMy3GUjBCg== Completed in 27ms
438 timing metavuln:cache:get:security-advisory:@mapbox/node-pre-gyp:AwnVuVUFqVnPfq5n1V9r83xD25HDCYpV7ws8YnGmozy04XUqf6i2qYt7o659eFxFO96sEh4mNuIX+QZPlcUYUA== Completed in 29ms
439 http fetch GET 200 https://registry.npmjs.org/@node-red%2fregistry 155ms (cache revalidated)
440 timing metavuln:packument:@node-red/registry Completed in 158ms
441 timing metavuln:load:security-advisory:@node-red/registry:qPQeYPFDBIedTWfYK3sbnScF6Ha7ouTs+wgndnz4PT5P+/K+GBD4epoPcYpXlu6AC7gSJlCJTJeuKbYAFoK9PA== Completed in 1ms
442 timing metavuln:calculate:security-advisory:@node-red/registry:qPQeYPFDBIedTWfYK3sbnScF6Ha7ouTs+wgndnz4PT5P+/K+GBD4epoPcYpXlu6AC7gSJlCJTJeuKbYAFoK9PA== Completed in 161ms
443 http fetch GET 200 https://registry.npmjs.org/@mapbox%2fnode-pre-gyp 163ms (cache revalidated)
444 timing metavuln:packument:@mapbox/node-pre-gyp Completed in 165ms
445 timing metavuln:load:security-advisory:@mapbox/node-pre-gyp:qPQeYPFDBIedTWfYK3sbnScF6Ha7ouTs+wgndnz4PT5P+/K+GBD4epoPcYpXlu6AC7gSJlCJTJeuKbYAFoK9PA== Completed in 0ms
446 timing metavuln:calculate:security-advisory:@mapbox/node-pre-gyp:qPQeYPFDBIedTWfYK3sbnScF6Ha7ouTs+wgndnz4PT5P+/K+GBD4epoPcYpXlu6AC7gSJlCJTJeuKbYAFoK9PA== Completed in 166ms
447 timing metavuln:cache:get:security-advisory:@node-red/nodes:qm7Br2yrD9HNXpOx4I21yWlJzB7bb7K3tQ7B2gBAh+xMGxDc1VbN5vVi8oUajZq6yDlLUH1ay4xE12QpJaaOHA== Completed in 17ms
448 timing metavuln:load:security-advisory:@node-red/nodes:fjKShcKspemxj7050oTyq4F6Ys6oXOzZoO3QUapp6PgJCcrmTMbXQaxkcJ1QLLNHzsQ9sgLuhrlezjv+hoSUhg== Completed in 0ms
449 timing metavuln:calculate:security-advisory:@node-red/nodes:fjKShcKspemxj7050oTyq4F6Ys6oXOzZoO3QUapp6PgJCcrmTMbXQaxkcJ1QLLNHzsQ9sgLuhrlezjv+hoSUhg== Completed in 19ms
450 timing metavuln:cache:get:security-advisory:node-red:ifZs3yl9Fx23g+rDXTC5qbROL1Ljam4AeMBo1x6x9xw+jx6qybR0xBr0nDzWLE7Dh3LHHkcV1cC2YVBhZLHdhA== Completed in 15ms
451 timing metavuln:load:security-advisory:node-red:H6YMUYg6/SnV6KZr5oY58qo8uT8MyYqbcIASNP4wtrJIXjoOzPaJQBXi3dnXzJunHvf18LA6CvYzrBOl4Q33mA== Completed in 1ms
452 timing metavuln:calculate:security-advisory:node-red:H6YMUYg6/SnV6KZr5oY58qo8uT8MyYqbcIASNP4wtrJIXjoOzPaJQBXi3dnXzJunHvf18LA6CvYzrBOl4Q33mA== Completed in 17ms
453 timing metavuln:cache:get:security-advisory:node-red:4V8gvXskk8tYe/BCkSg7PLbLbdQL8Ejn5BhIeG6cetzWgiOH+3I6/Gnm9aGsYC86yYCOva5gaIp/gS9+PBNj/Q== Completed in 13ms
454 timing metavuln:load:security-advisory:node-red:fTQCeOxhqlTGErL49vBwsy40DAG6rtdTeK+9SXXVkx4rmgfwyPQHv696SyAA5D4fW9d/60PJkC6EZKG5HUh+Hw== Completed in 1ms
455 timing metavuln:calculate:security-advisory:node-red:fTQCeOxhqlTGErL49vBwsy40DAG6rtdTeK+9SXXVkx4rmgfwyPQHv696SyAA5D4fW9d/60PJkC6EZKG5HUh+Hw== Completed in 17ms
456 timing metavuln:cache:get:security-advisory:node-red:P4g3IeOWGzHk69N+crF3DGFyiYyl+kOQbMt7EGfnGrVZsWE2bgBXG8An1sIQ1QnJTRIo5VK0WT75qP/MCUpdEQ== Completed in 30ms
457 timing metavuln:load:security-advisory:node-red:tWKJWUn99hESwZMeEif2lA3YF1CLl+ma+0kXuRVyIhhsxGXB0z5TF8V0iLyLRkf2xGzZyFDs/zjlI8xNgbajRA== Completed in 1ms
458 timing metavuln:calculate:security-advisory:node-red:tWKJWUn99hESwZMeEif2lA3YF1CLl+ma+0kXuRVyIhhsxGXB0z5TF8V0iLyLRkf2xGzZyFDs/zjlI8xNgbajRA== Completed in 32ms
459 timing metavuln:cache:get:security-advisory:@node-red/editor-api:YzvubnKA0xzxKvVgPdgV5XlHQCRNdqLXXnDlC8e3I79CgfO18E3LvlPxFm7pMRx5S0MrZrMd6YkQvhIlLFYIEQ== Completed in 16ms
460 timing metavuln:load:security-advisory:@node-red/editor-api:wMNaFhKiShCC1n8d6Vurah9Tg+OH6hUJ0QyqEQKikAdNih2n7c9rl9FOYr1SwuYmy95c0qUaicIh2p5dg7pDSQ== Completed in 1ms
461 timing metavuln:calculate:security-advisory:@node-red/editor-api:wMNaFhKiShCC1n8d6Vurah9Tg+OH6hUJ0QyqEQKikAdNih2n7c9rl9FOYr1SwuYmy95c0qUaicIh2p5dg7pDSQ== Completed in 18ms
462 timing metavuln:cache:get:security-advisory:@node-red/nodes:0kdEYrHJRgkIy/7p3TgmmKqTzqqqt+ACFZfO3+6T2BBSrzu8gOJcClid0u0JcH44gsavTnNZwtTLjSIWDOsT5g== Completed in 224ms
463 timing metavuln:load:security-advisory:@node-red/nodes:wMGY3CTwe1TilEBppkXmFEhwLd0qajxRq2E+aSYE5xmodo241jSbmUsYne+laUgMsb4eY82rGeNCJeLwFX3edQ== Completed in 1ms
464 timing metavuln:calculate:security-advisory:@node-red/nodes:wMGY3CTwe1TilEBppkXmFEhwLd0qajxRq2E+aSYE5xmodo241jSbmUsYne+laUgMsb4eY82rGeNCJeLwFX3edQ== Completed in 226ms
465 timing metavuln:cache:get:security-advisory:node-red:1j+4rZzTWIiZTeSoulNnEiSDvFmjQMKgfflrhepRZOD4jDnaKD4A9kR8Iqsm2DMmlWXak1u1H6TYxcyLXHo6zA== Completed in 49ms
466 timing metavuln:load:security-advisory:node-red:4egPVIOfn1+81vt/C0cRku0gkOaAc25MIw5p8uHJucOGWrIVAuWstyEi59LfBBkuWnuUTg2Afaf1m8w9rNoFLw== Completed in 1ms
467 timing metavuln:calculate:security-advisory:node-red:4egPVIOfn1+81vt/C0cRku0gkOaAc25MIw5p8uHJucOGWrIVAuWstyEi59LfBBkuWnuUTg2Afaf1m8w9rNoFLw== Completed in 52ms
468 timing metavuln:cache:get:security-advisory:@node-red/registry:43vd7z++rMRzkmSbvwSHTIQpLzgX1eAPRfEzSoYI0bpYFwGpN98LfgtEn9OBqK5HCaC7h24drTTDySKYzkM0Uw== Completed in 38ms
469 timing metavuln:load:security-advisory:@node-red/registry:VcKKpWjQUM4W4QTvOkPmXG/mn3NCJCuNJRda3aF2ZhpnuIDqOkPLnoaF6cETEA+oCJvfpAx/6qvj/VNKuGgMJg== Completed in 1ms
470 timing metavuln:calculate:security-advisory:@node-red/registry:VcKKpWjQUM4W4QTvOkPmXG/mn3NCJCuNJRda3aF2ZhpnuIDqOkPLnoaF6cETEA+oCJvfpAx/6qvj/VNKuGgMJg== Completed in 40ms
471 timing metavuln:cache:get:security-advisory:@node-red/runtime:mMe9ezEgUeAgqzhUSvCstRKP62LdsaLkYuxJgNU3OwHF1qSL07CAG9VFHHLibSTYgP0B53UTBf7MDCeF1aqK7A== Completed in 43ms
472 timing metavuln:load:security-advisory:@node-red/runtime:VcKKpWjQUM4W4QTvOkPmXG/mn3NCJCuNJRda3aF2ZhpnuIDqOkPLnoaF6cETEA+oCJvfpAx/6qvj/VNKuGgMJg== Completed in 1ms
473 timing metavuln:calculate:security-advisory:@node-red/runtime:VcKKpWjQUM4W4QTvOkPmXG/mn3NCJCuNJRda3aF2ZhpnuIDqOkPLnoaF6cETEA+oCJvfpAx/6qvj/VNKuGgMJg== Completed in 48ms
474 timing metavuln:cache:get:security-advisory:node-red:JDSVPQ8yaMyedVeSrpOq4zAV+Bf3V1l/GhzY/S+BujdzCJlqBzgnCFc/jhexdsfAgSs33Q0PLmD+be6qsBznSQ== Completed in 49ms
475 timing metavuln:load:security-advisory:node-red:VcKKpWjQUM4W4QTvOkPmXG/mn3NCJCuNJRda3aF2ZhpnuIDqOkPLnoaF6cETEA+oCJvfpAx/6qvj/VNKuGgMJg== Completed in 2ms
476 timing metavuln:calculate:security-advisory:node-red:VcKKpWjQUM4W4QTvOkPmXG/mn3NCJCuNJRda3aF2ZhpnuIDqOkPLnoaF6cETEA+oCJvfpAx/6qvj/VNKuGgMJg== Completed in 51ms
477 timing metavuln:cache:get:security-advisory:@node-red/editor-api:Z3MrlPrGIOJa7GzklZLU/IoxV3FKxNs7gydPmctc4/ParcZFhsdKpADiHH/22IsGh6PXXCf6pyccjFbpAbGn/Q== Completed in 52ms
478 timing metavuln:load:security-advisory:@node-red/editor-api:VcKKpWjQUM4W4QTvOkPmXG/mn3NCJCuNJRda3aF2ZhpnuIDqOkPLnoaF6cETEA+oCJvfpAx/6qvj/VNKuGgMJg== Completed in 1ms
479 timing metavuln:calculate:security-advisory:@node-red/editor-api:VcKKpWjQUM4W4QTvOkPmXG/mn3NCJCuNJRda3aF2ZhpnuIDqOkPLnoaF6cETEA+oCJvfpAx/6qvj/VNKuGgMJg== Completed in 54ms
480 timing metavuln:cache:get:security-advisory:@node-red/runtime:qpdHPLaA8WsewhlxHSz7fTv9DIGy/mjEWkLHcx4leZRFC5R6X+Q3D52ZVe2QSDMfbEDnumypeMOnjL8ipgsG5g== Completed in 20ms
481 timing metavuln:load:security-advisory:@node-red/runtime:FOQxS4/pCCKeu9vnR4uaJ/Dh6KboKU3arM031ERhj5Lk1v7TiAu6GZh8oC/M0ktCbgS5twwkOeqzKMy3GUjBCg== Completed in 1ms
482 timing metavuln:calculate:security-advisory:@node-red/runtime:FOQxS4/pCCKeu9vnR4uaJ/Dh6KboKU3arM031ERhj5Lk1v7TiAu6GZh8oC/M0ktCbgS5twwkOeqzKMy3GUjBCg== Completed in 21ms
483 timing metavuln:cache:get:security-advisory:bcrypt:Qp7VqeTnwP45tAqiBKyn9zIiyqBrRH5XUDAeHbN+2fjnYOogPXKnMq1MH8oHiuNcYbxBA2sg42i2wlG7jHR/Ag== Completed in 27ms
484 http fetch GET 200 https://registry.npmjs.org/bcrypt 129ms (cache revalidated)
485 timing metavuln:packument:bcrypt Completed in 132ms
486 timing metavuln:load:security-advisory:bcrypt:AwnVuVUFqVnPfq5n1V9r83xD25HDCYpV7ws8YnGmozy04XUqf6i2qYt7o659eFxFO96sEh4mNuIX+QZPlcUYUA== Completed in 1ms
487 timing metavuln:calculate:security-advisory:bcrypt:AwnVuVUFqVnPfq5n1V9r83xD25HDCYpV7ws8YnGmozy04XUqf6i2qYt7o659eFxFO96sEh4mNuIX+QZPlcUYUA== Completed in 133ms
488 timing metavuln:cache:get:security-advisory:node-red-admin:S09qhNvippu2It0Dy1XfVCWWVKBPgw+GE51QNqQW45XWYPtBwpO7TlnBI3zaDAdf44nbJeuOr7Ygsk0sMgDvGQ== Completed in 45ms
489 timing metavuln:load:security-advisory:node-red-admin:Qp7VqeTnwP45tAqiBKyn9zIiyqBrRH5XUDAeHbN+2fjnYOogPXKnMq1MH8oHiuNcYbxBA2sg42i2wlG7jHR/Ag== Completed in 1ms
490 timing metavuln:calculate:security-advisory:node-red-admin:Qp7VqeTnwP45tAqiBKyn9zIiyqBrRH5XUDAeHbN+2fjnYOogPXKnMq1MH8oHiuNcYbxBA2sg42i2wlG7jHR/Ag== Completed in 46ms
491 timing metavuln:cache:get:security-advisory:node-red:GfVJEtBDvPPxN26h0Io3QlankUR9Q/gocfwrfSnejMKmX09EarvGJKilQQSQSS0UzmsXx8x1zju1YlzBzlA9sw== Completed in 47ms
492 timing metavuln:load:security-advisory:node-red:Qp7VqeTnwP45tAqiBKyn9zIiyqBrRH5XUDAeHbN+2fjnYOogPXKnMq1MH8oHiuNcYbxBA2sg42i2wlG7jHR/Ag== Completed in 1ms
493 timing metavuln:calculate:security-advisory:node-red:Qp7VqeTnwP45tAqiBKyn9zIiyqBrRH5XUDAeHbN+2fjnYOogPXKnMq1MH8oHiuNcYbxBA2sg42i2wlG7jHR/Ag== Completed in 48ms
494 timing metavuln:cache:get:security-advisory:@node-red/editor-api:pWnofoGMojXM66cU2SjAJz/X8txBdRI2gP6ZBYONlUo067fRC5TaLiDFkgwHbcjBYlHhfvIpF17mD9Hy8TCQMw== Completed in 51ms
495 timing metavuln:load:security-advisory:@node-red/editor-api:Qp7VqeTnwP45tAqiBKyn9zIiyqBrRH5XUDAeHbN+2fjnYOogPXKnMq1MH8oHiuNcYbxBA2sg42i2wlG7jHR/Ag== Completed in 0ms
496 timing metavuln:calculate:security-advisory:@node-red/editor-api:Qp7VqeTnwP45tAqiBKyn9zIiyqBrRH5XUDAeHbN+2fjnYOogPXKnMq1MH8oHiuNcYbxBA2sg42i2wlG7jHR/Ag== Completed in 54ms
497 timing auditReport:init Completed in 7443ms
498 timing reify:audit Completed in 7894ms
499 timing reify Completed in 10743ms
500 timing command:install Completed in 10945ms
501 verbose exit 0
502 timing npm Completed in 11882ms
503 info ok
