0 verbose cli /usr/local/bin/node /usr/local/bin/npm
1 info using npm@8.19.4
2 info using node@v16.20.2
3 timing npm:load:whichnode Completed in 1ms
4 timing config:load:defaults Completed in 5ms
5 timing config:load:file:/usr/local/lib/node_modules/npm/npmrc Completed in 3ms
6 timing config:load:builtin Completed in 3ms
7 timing config:load:cli Completed in 4ms
8 timing config:load:env Completed in 1ms
9 timing config:load:file:/usr/src/node-red/.npmrc Completed in 0ms
10 timing config:load:project Completed in 75ms
11 timing config:load:file:/root/.npmrc Completed in 0ms
12 timing config:load:user Completed in 1ms
13 timing config:load:file:/usr/local/etc/npmrc Completed in 12ms
14 timing config:load:global Completed in 12ms
15 timing config:load:validate Completed in 1ms
16 timing config:load:credentials Completed in 14ms
17 timing config:load:setEnvs Completed in 30ms
18 timing config:load Completed in 153ms
19 timing npm:load:configload Completed in 153ms
20 timing npm:load:mkdirpcache Completed in 125ms
21 timing npm:load:mkdirplogs Completed in 10ms
22 verbose title npm install node-red-dashboard
23 verbose argv "install" "node-red-dashboard"
24 timing npm:load:setTitle Completed in 3ms
25 timing config:load:flatten Completed in 7ms
26 timing npm:load:display Completed in 9ms
27 verbose logfile logs-max:10 dir:/data/.npm/_logs
28 verbose logfile /data/.npm/_logs/2026-08-06T14_57_40_718Z-debug-0.log
29 timing npm:load:logFile Completed in 60ms
30 timing npm:load:timers Completed in 0ms
31 timing npm:load:configScope Completed in 1ms
32 timing npm:load Completed in 380ms
33 timing arborist:ctor Completed in 1ms
34 silly logfile start cleaning logs, removing 2 files
35 timing arborist:ctor Completed in 1ms
36 silly logfile done cleaning log files
37 timing arborist:ctor Completed in 0ms
38 timing arborist:ctor Completed in 0ms
39 timing idealTree:init Completed in 3278ms
40 timing idealTree:userRequests Completed in 4ms
41 silly idealTree buildDeps
42 silly fetch manifest node-red-dashboard@*
43 http fetch GET 200 https://registry.npmjs.org/node-red-dashboard 951ms (cache revalidated)
44 silly placeDep ROOT node-red-dashboard@3.6.6 OK for: node-red-docker@3.1.0 want: *
45 silly fetch manifest gridstack@^0.6.4
46 silly fetch manifest socket.io@^4.8.1
47 silly fetch manifest compression@^1.8.1
48 silly fetch manifest serve-static@^1.16.2
49 http fetch GET 200 https://registry.npmjs.org/socket.io 526ms (cache revalidated)
50 http fetch GET 200 https://registry.npmjs.org/compression 560ms (cache revalidated)
51 http fetch GET 200 https://registry.npmjs.org/serve-static 591ms (cache revalidated)
52 http fetch GET 200 https://registry.npmjs.org/gridstack 642ms (cache revalidated)
53 timing idealTree:#root Completed in 1709ms
54 silly placeDep ROOT compression@1.8.1 OK for: node-red-dashboard@3.6.6 want: ^1.8.1
55 silly placeDep ROOT gridstack@0.6.4 OK for: node-red-dashboard@3.6.6 want: ^0.6.4
56 silly placeDep node_modules/node-red-dashboard serve-static@1.16.3 OK for: node-red-dashboard@3.6.6 want: ^1.16.2
57 silly placeDep ROOT socket.io@4.8.3 OK for: node-red-dashboard@3.6.6 want: ^4.8.1
58 silly fetch manifest negotiator@~0.6.4
59 silly fetch manifest on-headers@~1.1.0
60 silly fetch manifest safe-buffer@5.2.1
61 silly fetch manifest compressible@~2.0.18
62 silly fetch manifest jquery@^1.8 || 2 || 3
63 silly fetch manifest send@~0.19.1
64 silly fetch manifest encodeurl@~2.0.0
65 silly fetch manifest base64id@~2.0.0
66 silly fetch manifest debug@~4.4.1
67 silly fetch manifest engine.io@~6.6.0
68 silly fetch manifest socket.io-adapter@~2.5.2
69 silly fetch manifest socket.io-parser@~4.2.4
70 http fetch GET 200 https://registry.npmjs.org/socket.io-adapter 806ms (cache revalidated)
71 http fetch GET 200 https://registry.npmjs.org/on-headers 886ms (cache revalidated)
72 http fetch GET 200 https://registry.npmjs.org/engine.io 854ms (cache revalidated)
73 http fetch GET 200 https://registry.npmjs.org/negotiator 932ms (cache revalidated)
74 http fetch GET 200 https://registry.npmjs.org/debug 910ms (cache revalidated)
75 http fetch GET 200 https://registry.npmjs.org/jquery 941ms (cache revalidated)
76 http fetch GET 200 https://registry.npmjs.org/socket.io-parser 940ms (cache revalidated)
77 http fetch GET 200 https://registry.npmjs.org/compressible 1029ms (cache revalidated)
78 http fetch GET 200 https://registry.npmjs.org/safe-buffer 1034ms (cache revalidated)
79 http fetch GET 200 https://registry.npmjs.org/encodeurl 1024ms (cache revalidated)
80 http fetch GET 200 https://registry.npmjs.org/send 1034ms (cache revalidated)
81 http fetch GET 200 https://registry.npmjs.org/base64id 1044ms (cache revalidated)
82 timing idealTree:node_modules/node-red-dashboard Completed in 1136ms
83 silly placeDep ROOT compressible@2.0.18 OK for: compression@1.8.1 want: ~2.0.18
84 silly placeDep node_modules/compression negotiator@0.6.4 OK for: compression@1.8.1 want: ~0.6.4
85 silly placeDep node_modules/compression on-headers@1.1.0 OK for: compression@1.8.1 want: ~1.1.0
86 silly placeDep node_modules/compression safe-buffer@5.2.1 OK for: compression@1.8.1 want: 5.2.1
87 timing idealTree:node_modules/compression Completed in 42ms
88 timing idealTree:node_modules/compressible Completed in 0ms
89 silly placeDep ROOT jquery@3.7.1 OK for: gridstack@0.6.4 want: ^1.8 || 2 || 3
90 timing idealTree:node_modules/gridstack Completed in 7ms
91 timing idealTree:node_modules/jquery Completed in 0ms
92 silly placeDep ROOT base64id@2.0.0 OK for: socket.io@4.8.3 want: ~2.0.0
93 silly placeDep node_modules/socket.io debug@4.4.3 OK for: socket.io@4.8.3 want: ~4.4.1
94 silly placeDep ROOT engine.io@6.6.9 OK for: socket.io@4.8.3 want: ~6.6.0
95 silly placeDep ROOT socket.io-adapter@2.5.8 OK for: socket.io@4.8.3 want: ~2.5.2
96 silly placeDep ROOT socket.io-parser@4.2.7 OK for: socket.io@4.8.3 want: ~4.2.4
97 silly fetch manifest ms@^2.1.3
98 silly fetch manifest ws@~8.21.0
99 silly fetch manifest cookie@~0.7.2
100 silly fetch manifest @types/ws@^8.5.12
101 silly fetch manifest @types/cors@^2.8.12
102 silly fetch manifest @types/node@>=10.0.0
103 silly fetch manifest engine.io-parser@~5.2.1
104 silly fetch manifest @socket.io/component-emitter@~3.1.0
105 http fetch GET 200 https://registry.npmjs.org/cookie 312ms (cache revalidated)
106 http fetch GET 200 https://registry.npmjs.org/@types%2fnode 384ms (cache revalidated)
107 http fetch GET 200 https://registry.npmjs.org/@types%2fcors 469ms (cache revalidated)
108 http fetch GET 200 https://registry.npmjs.org/engine.io-parser 471ms (cache revalidated)
109 http fetch GET 200 https://registry.npmjs.org/ms 504ms (cache revalidated)
110 http fetch GET 200 https://registry.npmjs.org/ws 510ms (cache revalidated)
111 http fetch GET 200 https://registry.npmjs.org/@types%2fws 526ms (cache revalidated)
112 http fetch GET 200 https://registry.npmjs.org/@socket.io%2fcomponent-emitter 729ms (cache revalidated)
113 timing idealTree:node_modules/socket.io Completed in 841ms
114 timing idealTree:node_modules/base64id Completed in 0ms
115 silly fetch manifest bufferutil@^4.0.1
116 http fetch GET 200 https://registry.npmjs.org/bufferutil 156ms (cache revalidated)
117 silly fetch manifest utf-8-validate@>=5.0.2
118 http fetch GET 200 https://registry.npmjs.org/utf-8-validate 126ms (cache revalidated)
119 silly placeDep ROOT @types/cors@2.8.19 OK for: engine.io@6.6.9 want: ^2.8.12
120 silly placeDep ROOT @types/node@26.1.2 OK for: engine.io@6.6.9 want: >=10.0.0
121 silly placeDep ROOT @types/ws@8.18.1 OK for: engine.io@6.6.9 want: ^8.5.12
122 silly placeDep node_modules/engine.io cookie@0.7.2 OK for: engine.io@6.6.9 want: ~0.7.2
123 silly placeDep node_modules/engine.io debug@4.4.3 OK for: engine.io@6.6.9 want: ~4.4.1
124 silly placeDep ROOT engine.io-parser@5.2.3 OK for: engine.io@6.6.9 want: ~5.2.1
125 silly placeDep node_modules/engine.io ws@8.21.2 OK for: engine.io@6.6.9 want: ~8.21.0
126 silly fetch manifest undici-types@~8.3.0
127 http fetch GET 200 https://registry.npmjs.org/undici-types 135ms (cache revalidated)
128 timing idealTree:node_modules/engine.io Completed in 500ms
129 timing idealTree:node_modules/@types/cors Completed in 0ms
130 silly placeDep ROOT undici-types@8.3.0 OK for: @types/node@26.1.2 want: ~8.3.0
131 timing idealTree:node_modules/@types/node Completed in 3ms
132 timing idealTree:node_modules/@types/ws Completed in 0ms
133 timing idealTree:node_modules/engine.io-parser Completed in 0ms
134 silly placeDep node_modules/socket.io-adapter debug@4.4.3 OK for: socket.io-adapter@2.5.8 want: ~4.4.1
135 silly placeDep node_modules/socket.io-adapter ws@8.21.2 OK for: socket.io-adapter@2.5.8 want: ~8.21.0
136 timing idealTree:node_modules/socket.io-adapter Completed in 17ms
137 silly placeDep ROOT @socket.io/component-emitter@3.1.2 OK for: socket.io-parser@4.2.7 want: ~3.1.0
138 silly placeDep node_modules/socket.io-parser debug@4.4.3 OK for: socket.io-parser@4.2.7 want: ~4.4.1
139 timing idealTree:node_modules/socket.io-parser Completed in 14ms
140 timing idealTree:node_modules/@socket.io/component-emitter Completed in 0ms
141 timing idealTree:node_modules/undici-types Completed in 0ms
142 timing idealTree:node_modules/compression/node_modules/negotiator Completed in 0ms
143 timing idealTree:node_modules/compression/node_modules/on-headers Completed in 0ms
144 timing idealTree:node_modules/compression/node_modules/safe-buffer Completed in 0ms
145 timing idealTree:node_modules/engine.io/node_modules/cookie Completed in 0ms
146 silly placeDep node_modules/engine.io ms@2.1.3 OK for: debug@4.4.3 want: ^2.1.3
147 timing idealTree:node_modules/engine.io/node_modules/debug Completed in 19ms
148 timing idealTree:node_modules/engine.io/node_modules/ms Completed in 0ms
149 timing idealTree:node_modules/engine.io/node_modules/ws Completed in 1ms
150 silly placeDep node_modules/node-red-dashboard encodeurl@2.0.0 OK for: serve-static@1.16.3 want: ~2.0.0
151 silly placeDep node_modules/node-red-dashboard send@0.19.2 OK for: serve-static@1.16.3 want: ~0.19.1
152 silly fetch manifest ms@2.1.3
153 silly fetch manifest mime@1.6.0
154 silly fetch manifest statuses@~2.0.2
155 silly fetch manifest http-errors@~2.0.1
156 http fetch GET 200 https://registry.npmjs.org/mime 598ms (cache revalidated)
157 http fetch GET 200 https://registry.npmjs.org/statuses 576ms (cache revalidated)
158 http fetch GET 200 https://registry.npmjs.org/http-errors 514ms (cache revalidated)
159 timing idealTree:node_modules/node-red-dashboard/node_modules/serve-static Completed in 732ms
160 timing idealTree:node_modules/node-red-dashboard/node_modules/encodeurl Completed in 0ms
161 silly placeDep node_modules/node-red-dashboard http-errors@2.0.1 OK for: send@0.19.2 want: ~2.0.1
162 silly placeDep node_modules/node-red-dashboard mime@1.6.0 OK for: send@0.19.2 want: 1.6.0
163 silly placeDep node_modules/node-red-dashboard ms@2.1.3 OK for: send@0.19.2 want: 2.1.3
164 silly placeDep node_modules/node-red-dashboard statuses@2.0.2 OK for: send@0.19.2 want: ~2.0.2
165 timing idealTree:node_modules/node-red-dashboard/node_modules/send Completed in 45ms
166 timing idealTree:node_modules/node-red-dashboard/node_modules/http-errors Completed in 0ms
167 timing idealTree:node_modules/node-red-dashboard/node_modules/mime Completed in 0ms
168 timing idealTree:node_modules/node-red-dashboard/node_modules/ms Completed in 1ms
169 timing idealTree:node_modules/node-red-dashboard/node_modules/statuses Completed in 0ms
170 silly placeDep node_modules/socket.io-adapter ms@2.1.3 OK for: debug@4.4.3 want: ^2.1.3
171 timing idealTree:node_modules/socket.io-adapter/node_modules/debug Completed in 13ms
172 timing idealTree:node_modules/socket.io-adapter/node_modules/ms Completed in 0ms
173 timing idealTree:node_modules/socket.io-adapter/node_modules/ws Completed in 0ms
174 silly placeDep node_modules/socket.io-parser ms@2.1.3 OK for: debug@4.4.3 want: ^2.1.3
175 timing idealTree:node_modules/socket.io-parser/node_modules/debug Completed in 3ms
176 timing idealTree:node_modules/socket.io-parser/node_modules/ms Completed in 0ms
177 silly placeDep node_modules/socket.io ms@2.1.3 OK for: debug@4.4.3 want: ^2.1.3
178 timing idealTree:node_modules/socket.io/node_modules/debug Completed in 2ms
179 timing idealTree:node_modules/socket.io/node_modules/ms Completed in 0ms
180 timing idealTree:buildDeps Completed in 5142ms
181 timing idealTree:fixDepFlags Completed in 10ms
182 timing idealTree Completed in 8449ms
183 timing reify:loadTrees Completed in 8453ms
184 timing reify:diffTrees Completed in 29ms
185 silly reify moves {}
186 timing reify:retireShallow Completed in 3ms
187 timing reify:createSparse Completed in 101ms
188 timing reify:loadBundles Completed in 0ms
189 silly audit bulk request {
189 silly audit   '@babel/runtime': [ '7.23.2' ],
189 silly audit   '@mapbox/node-pre-gyp': [ '1.0.11' ],
189 silly audit   '@node-red/editor-api': [ '3.1.0' ],
189 silly audit   '@node-red/editor-client': [ '3.1.0' ],
189 silly audit   '@node-red/nodes': [ '3.1.0' ],
189 silly audit   '@node-red/registry': [ '3.1.0' ],
189 silly audit   '@node-red/runtime': [ '3.1.0' ],
189 silly audit   '@node-red/util': [ '3.1.0' ],
189 silly audit   '@sindresorhus/is': [ '5.6.0' ],
189 silly audit   '@szmarczak/http-timer': [ '5.0.1' ],
189 silly audit   '@types/http-cache-semantics': [ '4.0.3' ],
189 silly audit   abbrev: [ '1.1.1' ],
189 silly audit   accepts: [ '1.3.8' ],
189 silly audit   acorn: [ '8.8.2' ],
189 silly audit   'acorn-walk': [ '8.2.0' ],
189 silly audit   'agent-base': [ '6.0.2' ],
189 silly audit   debug: [ '4.3.4', '2.6.9', '4.4.3' ],
189 silly audit   ms: [ '2.1.2', '2.0.0', '2.1.3' ],
189 silly audit   ajv: [ '8.12.0' ],
189 silly audit   'ansi-colors': [ '4.1.3' ],
189 silly audit   'ansi-regex': [ '5.0.1' ],
189 silly audit   'append-field': [ '1.0.0' ],
189 silly audit   aproba: [ '2.0.0' ],
189 silly audit   'are-we-there-yet': [ '2.0.0' ],
189 silly audit   argparse: [ '2.0.1' ],
189 silly audit   'array-flatten': [ '1.1.1' ],
189 silly audit   'async-mutex': [ '0.4.0' ],
189 silly audit   asynckit: [ '0.4.0' ],
189 silly audit   axios: [ '0.27.2' ],
189 silly audit   'balanced-match': [ '1.0.2' ],
189 silly audit   'base64-js': [ '1.5.1' ],
189 silly audit   'basic-auth': [ '2.0.1' ],
189 silly audit   bcrypt: [ '5.1.0', '5.1.1' ],
189 silly audit   bcryptjs: [ '2.4.3' ],
189 silly audit   bl: [ '4.1.0' ],
189 silly audit   'body-parser': [ '1.20.2', '1.20.1' ],
189 silly audit   'iconv-lite': [ '0.4.24', '0.6.3' ],
189 silly audit   boolbase: [ '1.0.0' ],
189 silly audit   'brace-expansion': [ '1.1.11' ],
189 silly audit   buffer: [ '5.7.1' ],
189 silly audit   'buffer-from': [ '1.1.2' ],
189 silly audit   busboy: [ '1.6.0' ],
189 silly audit   bytes: [ '3.1.2' ],
189 silly audit   'cacheable-lookup': [ '7.0.0' ],
189 silly audit   'cacheable-request': [ '10.2.14' ],
189 silly audit   'call-bind': [ '1.0.5' ],
189 silly audit   cheerio: [ '1.0.0-rc.10' ],
189 silly audit   'cheerio-select': [ '1.6.0' ],
189 silly audit   chownr: [ '2.0.0' ],
189 silly audit   'cli-table': [ '0.3.11' ],
189 silly audit   clone: [ '2.1.2' ],
189 silly audit   'color-support': [ '1.1.3' ],
189 silly audit   colors: [ '1.0.3' ],
189 silly audit   'combined-stream': [ '1.0.8' ],
189 silly audit   commist: [ '1.1.0' ],
189 silly audit   'concat-map': [ '0.0.1' ],
189 silly audit   'concat-stream': [ '2.0.0', '1.6.2' ],
189 silly audit   'console-control-strings': [ '1.1.0' ],
189 silly audit   'content-disposition': [ '0.5.4' ],
189 silly audit   'safe-buffer': [ '5.2.1', '5.1.2' ],
189 silly audit   'content-type': [ '1.0.5' ],
189 silly audit   cookie: [ '0.5.0', '0.4.1', '0.4.2', '0.7.2' ],
189 silly audit   'cookie-parser': [ '1.4.6' ],
189 silly audit   'cookie-signature': [ '1.0.6' ],
189 silly audit   'core-util-is': [ '1.0.3' ],
189 silly audit   cors: [ '2.8.5' ],
189 silly audit   cronosjs: [ '1.7.1' ],
189 silly audit   'css-select': [ '4.3.0' ],
189 silly audit   'css-what': [ '6.1.0' ],
189 silly audit   'decompress-response': [ '6.0.0' ],
189 silly audit   'mimic-response': [ '3.1.0', '4.0.0' ],
189 silly audit   'defer-to-connect': [ '2.0.1' ],
189 silly audit   'define-data-property': [ '1.1.1' ],
189 silly audit   'delayed-stream': [ '1.0.0' ],
189 silly audit   delegates: [ '1.0.0' ],
189 silly audit   denque: [ '2.1.0' ],
189 silly audit   depd: [ '2.0.0' ],
189 silly audit   destroy: [ '1.2.0' ],
189 silly audit   'detect-libc': [ '2.0.2' ],
189 silly audit   'dom-serializer': [ '1.4.1' ],
189 silly audit   domelementtype: [ '2.3.0' ],
189 silly audit   domhandler: [ '4.3.1' ],
189 silly audit   domutils: [ '2.8.0' ],
189 silly audit   duplexify: [ '4.1.2' ],
189 silly audit   'ee-first': [ '1.1.1' ],
189 silly audit   'emoji-regex': [ '8.0.0' ],
189 silly audit   encodeurl: [ '1.0.2', '2.0.0' ],
189 silly audit   'end-of-stream': [ '1.4.4' ],
189 silly audit   enquirer: [ '2.4.1' ],
189 silly audit   entities: [ '2.2.0' ],
189 silly audit   'escape-html': [ '1.0.3' ],
189 silly audit   etag: [ '1.8.1' ],
189 silly audit   express: [ '4.18.2' ],
189 silly audit   'raw-body': [ '2.5.1', '2.5.2' ],
189 silly audit   'express-session': [ '1.17.3' ],
189 silly audit   'fast-deep-equal': [ '3.1.3' ],
189 silly audit   finalhandler: [ '1.2.0' ],
189 silly audit   'follow-redirects': [ '1.15.3' ],
189 silly audit   'form-data': [ '4.0.0' ],
189 silly audit   'form-data-encoder': [ '2.1.4' ],
189 silly audit   forwarded: [ '0.2.0' ],
189 silly audit   fresh: [ '0.5.2' ],
189 silly audit   'fs-extra': [ '11.1.1' ],
189 silly audit   'fs-minipass': [ '2.1.0' ],
189 silly audit   minipass: [ '3.3.6', '4.2.8' ],
189 silly audit   yallist: [ '4.0.0', '2.1.2' ],
189 silly audit   'fs.realpath': [ '1.0.0' ],
189 silly audit   'function-bind': [ '1.1.2' ],
189 silly audit   gauge: [ '3.0.2' ],
189 silly audit   'get-intrinsic': [ '1.2.2' ],
189 silly audit   'get-stream': [ '6.0.1' ],
189 silly audit   glob: [ '7.2.3' ],
189 silly audit   gopd: [ '1.0.1' ],
189 silly audit   got: [ '12.6.0' ],
189 silly audit   'graceful-fs': [ '4.2.11' ],
189 silly audit   'has-property-descriptors': [ '1.0.1' ],
189 silly audit   'has-proto': [ '1.0.1' ],
189 silly audit   'has-symbols': [ '1.0.3' ],
189 silly audit   'has-unicode': [ '2.0.1' ],
189 silly audit   'hash-sum': [ '2.0.0' ],
189 silly audit   hasown: [ '2.0.0' ],
189 silly audit   'help-me': [ '3.0.0' ],
189 silly audit   hpagent: [ '1.2.0' ],
189 silly audit   htmlparser2: [ '6.1.0' ],
189 silly audit   'http-cache-semantics': [ '4.1.1' ],
189 silly audit   'http-errors': [ '2.0.0', '2.0.1' ],
189 silly audit   'http2-wrapper': [ '2.2.0' ],
189 silly audit   'https-proxy-agent': [ '5.0.1' ],
189 silly audit   i18next: [ '21.10.0' ],
189 silly audit   ieee754: [ '1.2.1' ],
189 silly audit   inflight: [ '1.0.6' ],
189 silly audit   inherits: [ '2.0.4' ],
189 silly audit   'ipaddr.js': [ '1.9.1' ],
189 silly audit   'is-fullwidth-code-point': [ '3.0.0' ],
189 silly audit   'is-utf8': [ '0.2.1' ],
189 silly audit   isarray: [ '1.0.0' ],
189 silly audit   'js-sdsl': [ '4.3.0' ],
189 silly audit   'js-yaml': [ '4.1.0' ],
189 silly audit   'json-buffer': [ '3.0.1' ],
189 silly audit   'json-schema-traverse': [ '1.0.0' ],
189 silly audit   'json-stringify-safe': [ '5.0.1' ],
189 silly audit   jsonata: [ '1.8.6' ],
189 silly audit   jsonfile: [ '6.1.0' ],
189 silly audit   keyv: [ '4.5.4' ],
189 silly audit   leven: [ '2.1.0' ],
189 silly audit   'lodash.clonedeep': [ '4.5.0' ],
189 silly audit   'lowercase-keys': [ '3.0.0' ],
189 silly audit   'lru-cache': [ '4.1.5', '6.0.0' ],
189 silly audit   'make-dir': [ '3.1.0' ],
189 silly audit   semver: [ '6.3.1', '7.5.4' ],
189 silly audit   'media-typer': [ '1.1.0', '0.3.0' ],
189 silly audit   memorystore: [ '1.6.7' ],
189 silly audit   'merge-descriptors': [ '1.0.1' ],
189 silly audit   methods: [ '1.1.2' ],
189 silly audit   mime: [ '3.0.0', '1.6.0' ],
189 silly audit   'mime-db': [ '1.52.0' ],
189 silly audit   'mime-types': [ '2.1.35' ],
189 silly audit   minimatch: [ '3.1.2' ],
189 silly audit   minimist: [ '1.2.8' ],
189 silly audit   minizlib: [ '2.1.2' ],
189 silly audit   mkdirp: [ '0.5.6', '1.0.4' ],
189 silly audit   moment: [ '2.29.4' ],
189 silly audit   'moment-timezone': [ '0.5.43' ],
189 silly audit   mqtt: [ '4.3.7' ],
189 silly audit   'mqtt-packet': [ '6.10.0' ],
189 silly audit   multer: [ '1.4.5-lts.1' ],
189 silly audit   'readable-stream': [ '2.3.8', '3.6.2' ],
189 silly audit   string_decoder: [ '1.1.1', '1.3.0' ],
189 silly audit   mustache: [ '4.2.0' ],
189 silly audit   'mute-stream': [ '0.0.8' ],
189 silly audit   negotiator: [ '0.6.3', '0.6.4' ],
189 silly audit   'node-addon-api': [ '5.1.0' ],
189 silly audit   'node-fetch': [ '2.7.0' ],
189 silly audit   'node-red': [ '3.1.0' ],
189 silly audit   'node-red-admin': [ '3.1.0' ],
189 silly audit   'node-watch': [ '0.7.4' ],
189 silly audit   nopt: [ '5.0.0' ],
189 silly audit   'normalize-url': [ '8.0.0' ],
189 silly audit   npmlog: [ '5.0.1' ],
189 silly audit   'nth-check': [ '2.1.1' ],
189 silly audit   'number-allocator': [ '1.0.14' ],
189 silly audit   oauth2orize: [ '1.11.1' ],
189 silly audit   'object-assign': [ '4.1.1' ],
189 silly audit   'object-inspect': [ '1.13.1' ],
189 silly audit   'on-finished': [ '2.4.1' ],
189 silly audit   'on-headers': [ '1.0.2', '1.1.0' ],
189 silly audit   once: [ '1.4.0' ],
189 silly audit   'p-cancelable': [ '3.0.0' ],
189 silly audit   parse5: [ '6.0.1' ],
189 silly audit   'parse5-htmlparser2-tree-adapter': [ '6.0.1' ],
189 silly audit   parseurl: [ '1.3.3' ],
189 silly audit   passport: [ '0.6.0' ],
189 silly audit   'passport-http-bearer': [ '1.0.1' ],
189 silly audit   'passport-oauth2-client-password': [ '0.1.2' ],
189 silly audit   'passport-strategy': [ '1.0.0' ],
189 silly audit   'path-is-absolute': [ '1.0.1' ],
189 silly audit   'path-to-regexp': [ '0.1.7' ],
189 silly audit   pause: [ '0.0.1' ],
189 silly audit   'process-nextick-args': [ '2.0.1' ],
189 silly audit   'proxy-addr': [ '2.0.7' ],
189 silly audit   pseudomap: [ '1.0.2' ],
189 silly audit   psl: [ '1.9.0' ],
189 silly audit   pump: [ '3.0.0' ],
189 silly audit   punycode: [ '2.3.0' ],
189 silly audit   qs: [ '6.11.0' ],
189 silly audit   querystringify: [ '2.2.0' ],
189 silly audit   'quick-lru': [ '5.1.1' ],
189 silly audit   'random-bytes': [ '1.0.0' ],
189 silly audit   'range-parser': [ '1.2.1' ],
189 silly audit   read: [ '1.0.7' ],
189 silly audit   'regenerator-runtime': [ '0.14.0' ],
189 silly audit   reinterval: [ '1.1.0' ],
189 silly audit   'require-from-string': [ '2.0.2' ],
189 silly audit   'requires-port': [ '1.0.0' ],
189 silly audit   'resolve-alpn': [ '1.2.1' ],
189 silly audit   responselike: [ '3.0.0' ],
189 silly audit   rfdc: [ '1.3.0' ],
189 silly audit   rimraf: [ '3.0.2' ],
189 silly audit   'safer-buffer': [ '2.1.2' ],
189 silly audit   sax: [ '1.3.0' ],
189 silly audit   send: [ '0.18.0', '0.19.2' ],
189 silly audit   'serve-static': [ '1.15.0', '1.16.3' ],
189 silly audit   'set-blocking': [ '2.0.0' ],
189 silly audit   'set-function-length': [ '1.1.1' ],
189 silly audit   setprototypeof: [ '1.2.0' ],
189 silly audit   'side-channel': [ '1.0.4' ],
189 silly audit   'signal-exit': [ '3.0.7' ],
189 silly audit   split2: [ '3.2.2' ],
189 silly audit   statuses: [ '2.0.1', '2.0.2' ],
189 silly audit   'stream-shift': [ '1.0.1' ],
189 silly audit   streamsearch: [ '1.1.0' ],
189 silly audit   'string-width': [ '4.2.3' ],
189 silly audit   'strip-ansi': [ '6.0.1' ],
189 silly audit   tar: [ '6.1.13' ],
189 silly audit   toidentifier: [ '1.0.1' ],
189 silly audit   'tough-cookie': [ '4.1.3' ],
189 silly audit   universalify: [ '0.2.0', '2.0.0' ],
189 silly audit   tr46: [ '0.0.3' ],
189 silly audit   tslib: [ '2.6.2' ],
189 silly audit   'type-is': [ '1.6.18' ],
189 silly audit   typedarray: [ '0.0.6' ],
189 silly audit   'uglify-js': [ '3.17.4' ],
189 silly audit   'uid-safe': [ '2.1.5' ],
189 silly audit   uid2: [ '0.0.4' ],
189 silly audit   unpipe: [ '1.0.0' ],
189 silly audit   'uri-js': [ '4.4.1' ],
189 silly audit   'url-parse': [ '1.5.10' ],
189 silly audit   'util-deprecate': [ '1.0.2' ],
189 silly audit   'utils-merge': [ '1.0.1' ],
189 silly audit   uuid: [ '9.0.0' ],
189 silly audit   vary: [ '1.1.2' ],
189 silly audit   'webidl-conversions': [ '3.0.1' ],
189 silly audit   'whatwg-url': [ '5.0.0' ],
189 silly audit   'wide-align': [ '1.1.5' ],
189 silly audit   wrappy: [ '1.0.2' ],
189 silly audit   ws: [ '7.5.6', '8.21.2' ],
189 silly audit   xml2js: [ '0.6.2' ],
189 silly audit   xmlbuilder: [ '11.0.1' ],
189 silly audit   xtend: [ '4.0.2' ],
189 silly audit   'node-red-dashboard': [ '3.6.6' ],
189 silly audit   compression: [ '1.8.1' ],
189 silly audit   gridstack: [ '0.6.4' ],
189 silly audit   'socket.io': [ '4.8.3' ],
189 silly audit   compressible: [ '2.0.18' ],
189 silly audit   jquery: [ '3.7.1' ],
189 silly audit   base64id: [ '2.0.0' ],
189 silly audit   'engine.io': [ '6.6.9' ],
189 silly audit   'socket.io-adapter': [ '2.5.8' ],
189 silly audit   'socket.io-parser': [ '4.2.7' ],
189 silly audit   '@types/cors': [ '2.8.19' ],
189 silly audit   '@types/node': [ '26.1.2' ],
189 silly audit   '@types/ws': [ '8.18.1' ],
189 silly audit   'engine.io-parser': [ '5.2.3' ],
189 silly audit   'undici-types': [ '8.3.0' ],
189 silly audit   '@socket.io/component-emitter': [ '3.1.2' ]
189 silly audit }
190 http fetch POST 200 https://registry.npmjs.org/-/npm/v1/security/advisories/bulk 452ms
191 timing auditReport:getReport Completed in 492ms
192 silly audit report {
192 silly audit report   '@babel/runtime': [
192 silly audit report     {
192 silly audit report       id: 1104000,
192 silly audit report       url: 'https://github.com/advisories/GHSA-968p-4wvh-cqc8',
192 silly audit report       title: 'Babel has inefficient RegExp complexity in generated code with .replace when transpiling named capturing groups',
192 silly audit report       severity: 'moderate',
192 silly audit report       vulnerable_versions: '<7.26.10',
192 silly audit report       cwe: [Array],
192 silly audit report       cvss: [Object]
192 silly audit report     }
192 silly audit report   ],
192 silly audit report   ajv: [
192 silly audit report     {
192 silly audit report       id: 1113715,
192 silly audit report       url: 'https://github.com/advisories/GHSA-2g4f-4pwh-qvx6',
192 silly audit report       title: 'ajv has ReDoS when using `$data` option',
192 silly audit report       severity: 'moderate',
192 silly audit report       vulnerable_versions: '>=7.0.0-alpha.0 <8.18.0',
192 silly audit report       cwe: [Array],
192 silly audit report       cvss: [Object]
192 silly audit report     }
192 silly audit report   ],
192 silly audit report   axios: [
192 silly audit report     {
192 silly audit report       id: 1111034,
192 silly audit report       url: 'https://github.com/advisories/GHSA-jr5f-v2jv-69x6',
192 silly audit report       title: 'axios Requests Vulnerable To Possible SSRF and Credential Leakage via Absolute URL',
192 silly audit report       severity: 'high',
192 silly audit report       vulnerable_versions: '<0.30.0',
192 silly audit report       cwe: [Array],
192 silly audit report       cvss: [Object]
192 silly audit report     },
192 silly audit report     {
192 silly audit report       id: 1119403,
192 silly audit report       url: 'https://github.com/advisories/GHSA-fvcv-3m26-pcqx',
192 silly audit report       title: 'Axios has Unrestricted Cloud Metadata Exfiltration via Header Injection Chain',
192 silly audit report       severity: 'moderate',
192 silly audit report       vulnerable_versions: '<0.31.0',
192 silly audit report       cwe: [Array],
192 silly audit report       cvss: [Object]
192 silly audit report     },
192 silly audit report     {
192 silly audit report       id: 1120124,
192 silly audit report       url: 'https://github.com/advisories/GHSA-62hf-57xw-28j9',
192 silly audit report       title: 'Axios: unbounded recursion in toFormData causes DoS via deeply nested request data',
192 silly audit report       severity: 'moderate',
192 silly audit report       vulnerable_versions: '<=0.31.0',
192 silly audit report       cwe: [Array],
192 silly audit report       cvss: [Object]
192 silly audit report     },
192 silly audit report     {
192 silly audit report       id: 1120546,
192 silly audit report       url: 'https://github.com/advisories/GHSA-hfxv-24rg-xrqf',
192 silly audit report       title: 'Axios: Regular Expression Denial of Service (ReDoS) via Cookie Name Injection',
192 silly audit report       severity: 'high',
192 silly audit report       vulnerable_versions: '<=0.31.1',
192 silly audit report       cwe: [Array],
192 silly audit report       cvss: [Object]
192 silly audit report     },
192 silly audit report     {
192 silly audit report       id: 1120644,
192 silly audit report       url: 'https://github.com/advisories/GHSA-p92q-9vqr-4j8v',
192 silly audit report       title: 'Axios: Proxy-Authorization Credential Leak to Origin Server Across HTTP-to-HTTPS Redirect in Axios Node.js HTTP Adapter',
192 silly audit report       severity: 'high',
192 silly audit report       vulnerable_versions: '<=0.31.1',
192 silly audit report       cwe: [Array],
192 silly audit report       cvss: [Object]
192 silly audit report     },
192 silly audit report     {
192 silly audit report       id: 1120646,
192 silly audit report       url: 'https://github.com/advisories/GHSA-j5f8-grm9-p9fc',
192 silly audit report       title: 'Axios: Proxy-Authorization header leaks to redirect target when proxy is re-evaluated to direct connection',
192 silly audit report       severity: 'high',
192 silly audit report       vulnerable_versions: '<=0.31.1',
192 silly audit report       cwe: [Array],
192 silly audit report       cvss: [Object]
192 silly audit report     },
192 silly audit report     {
192 silly audit report       id: 1120648,
192 silly audit report       url: 'https://github.com/advisories/GHSA-3g43-6gmg-66jw',
192 silly audit report       title: 'axios Vulnerable to Credential Theft and Response Hijacking via Prototype Pollution Gadget in Config Merge',
192 silly audit report       severity: 'high',
192 silly audit report       vulnerable_versions: '>=0.19.0 <0.31.1',
192 silly audit report       cwe: [Array],
192 silly audit report       cvss: [Object]
192 silly audit report     },
192 silly audit report     {
192 silly audit report       id: 1120651,
192 silly audit report       url: 'https://github.com/advisories/GHSA-898c-q2cr-xwhg',
192 silly audit report       title: 'axios has DoS & Header Injection via Prototype Pollution Read-Side Gadgets in axios merge functions',
192 silly audit report       severity: 'moderate',
192 silly audit report       vulnerable_versions: '<=0.31.1',
192 silly audit report       cwe: [Array],
192 silly audit report       cvss: [Object]
192 silly audit report     },
192 silly audit report     {
192 silly audit report       id: 1116672,
192 silly audit report       url: 'https://github.com/advisories/GHSA-3p68-rc4w-qgx5',
192 silly audit report       title: 'Axios has a NO_PROXY Hostname Normalization Bypass that Leads to SSRF',
192 silly audit report       severity: 'moderate',
192 silly audit report       vulnerable_versions: '<0.31.0',
192 silly audit report       cwe: [Array],
192 silly audit report       cvss: [Object]
192 silly audit report     },
192 silly audit report     {
192 silly audit report       id: 1117573,
192 silly audit report       url: 'https://github.com/advisories/GHSA-w9j2-pvgh-6h63',
192 silly audit report       title: 'Axios: Authentication Bypass via Prototype Pollution Gadget in `validateStatus` Merge Strategy',
192 silly audit report       severity: 'moderate',
192 silly audit report       vulnerable_versions: '<=0.31.0',
192 silly audit report       cwe: [Array],
192 silly audit report       cvss: [Object]
192 silly audit report     },
192 silly audit report     {
192 silly audit report       id: 1117575,
192 silly audit report       url: 'https://github.com/advisories/GHSA-pmwg-cvhr-8vh7',
192 silly audit report       title: 'Axios: Incomplete Fix for CVE-2025-62718 — NO_PROXY Protection Bypassed via RFC 1122 Loopback Subnet (127.0.0.0/8) in Axios 1.15.0',
192 silly audit report       severity: 'high',
192 silly audit report       vulnerable_versions: '<=0.31.0',
192 silly audit report       cwe: [Array],
192 silly audit report       cvss: [Object]
192 silly audit report     },
192 silly audit report     {
192 silly audit report       id: 1117579,
192 silly audit report       url: 'https://github.com/advisories/GHSA-xhjh-pmcv-23jw',
192 silly audit report       title: 'Axios: Null Byte Injection via Reverse-Encoding in AxiosURLSearchParams',
192 silly audit report       severity: 'low',
192 silly audit report       vulnerable_versions: '<=0.31.0',
192 silly audit report       cwe: [Array],
192 silly audit report       cvss: [Object]
192 silly audit report     },
192 silly audit report     {
192 silly audit report       id: 1117582,
192 silly audit report       url: 'https://github.com/advisories/GHSA-m7pr-hjqh-92cm',
192 silly audit report       title: 'Axios: no_proxy bypass via IP alias allows SSRF',
192 silly audit report       severity: 'moderate',
192 silly audit report       vulnerable_versions: '<=0.31.0',
192 silly audit report       cwe: [Array],
192 silly audit report       cvss: [Object]
192 silly audit report     },
192 silly audit report     {
192 silly audit report       id: 1117586,
192 silly audit report       url: 'https://github.com/advisories/GHSA-5c9x-8gcm-mpgx',
192 silly audit report       title: "Axios' HTTP adapter-streamed uploads bypass maxBodyLength when maxRedirects: 0",
192 silly audit report       severity: 'moderate',
192 silly audit report       vulnerable_versions: '<=0.31.0',
192 silly audit report       cwe: [Array],
192 silly audit report       cvss: [Object]
192 silly audit report     },
192 silly audit report     {
192 silly audit report       id: 1117588,
192 silly audit report       url: 'https://github.com/advisories/GHSA-vf2m-468p-8v99',
192 silly audit report       title: 'Axios: HTTP adapter streamed responses bypass maxContentLength',
192 silly audit report       severity: 'moderate',
192 silly audit report       vulnerable_versions: '<=0.31.0',
192 silly audit report       cwe: [Array],
192 silly audit report       cvss: [Object]
192 silly audit report     },
192 silly audit report     {
192 silly audit report       id: 1117590,
192 silly audit report       url: 'https://github.com/advisories/GHSA-pf86-5x62-jrwf',
192 silly audit report       title: 'Axios: Prototype Pollution Gadgets - Response Tampering, Data Exfiltration, and Request Hijacking',
192 silly audit report       severity: 'high',
192 silly audit report       vulnerable_versions: '<=0.31.0',
192 silly audit report       cwe: [Array],
192 silly audit report       cvss: [Object]
192 silly audit report     },
192 silly audit report     {
192 silly audit report       id: 1117592,
192 silly audit report       url: 'https://github.com/advisories/GHSA-6chq-wfr3-2hj9',
192 silly audit report       title: 'Axios: Header Injection via Prototype Pollution',
192 silly audit report       severity: 'high',
192 silly audit report       vulnerable_versions: '<=0.31.0',
192 silly audit report       cwe: [Array],
192 silly audit report       cvss: [Object]
192 silly audit report     },
192 silly audit report     {
192 silly audit report       id: 1117594,
192 silly audit report       url: 'https://github.com/advisories/GHSA-xx6v-rp6x-q39c',
192 silly audit report       title: 'Axios: XSRF Token Cross-Origin Leakage via Prototype Pollution Gadget in `withXSRFToken` Boolean Coercion',
192 silly audit report       severity: 'moderate',
192 silly audit report       vulnerable_versions: '<=0.31.0',
192 silly audit report       cwe: [Array],
192 silly audit report       cvss: [Object]
192 silly audit report     },
192 silly audit report     {
192 silly audit report       id: 1117857,
192 silly audit report       url: 'https://github.com/advisories/GHSA-43fc-jf86-j433',
192 silly audit report       title: 'Axios is Vulnerable to Denial of Service via __proto__ Key in mergeConfig',
192 silly audit report       severity: 'high',
192 silly audit report       vulnerable_versions: '<=0.30.2',
192 silly audit report       cwe: [Array],
192 silly audit report       cvss: [Object]
192 silly audit report     },
192 silly audit report     {
192 silly audit report       id: 1123825,
192 silly audit report       url: 'https://github.com/advisories/GHSA-pjwm-pj3p-43mv',
192 silly audit report       title: "axios's shouldBypassProxy does not recognize IPv4-mapped IPv6 addresses, allowing NO_PROXY bypass (incomplete fix for CVE-2025-62718)",
192 silly audit report       severity: 'high',
192 silly audit report       vulnerable_versions: '<=0.31.1',
192 silly audit report       cwe: [Array],
192 silly audit report       cvss: [Object]
192 silly audit report     },
192 silly audit report     {
192 silly audit report       id: 1123958,
192 silly audit report       url: 'https://github.com/advisories/GHSA-mmx7-hfxf-jppx',
192 silly audit report       title: 'Axios: Prototype pollution gadgets can alter axios request construction',
192 silly audit report       severity: 'moderate',
192 silly audit report       vulnerable_versions: '<0.33.0',
192 silly audit report       cwe: [Array],
192 silly audit report       cvss: [Object]
192 silly audit report     },
192 silly audit report     {
192 silly audit report       id: 1123972,
192 silly audit report       url: 'https://github.com/advisories/GHSA-7q8q-rj6j-mhjq',
192 silly audit report       title: 'Axios: Nested axios option objects can consume polluted prototype values',
192 silly audit report       severity: 'moderate',
192 silly audit report       vulnerable_versions: '>=0.8.0 <0.33.0',
192 silly audit report       cwe: [Array],
192 silly audit report       cvss: [Object]
192 silly audit report     },
192 silly audit report     {
192 silly audit report       id: 1097679,
192 silly audit report       url: 'https://github.com/advisories/GHSA-wf5p-g6vw-rhxx',
192 silly audit report       title: 'Axios Cross-Site Request Forgery Vulnerability',
192 silly audit report       severity: 'moderate',
192 silly audit report       vulnerable_versions: '>=0.8.1 <0.28.0',
192 silly audit report       cwe: [Array],
192 silly audit report       cvss: [Object]
192 silly audit report     }
192 silly audit report   ],
192 silly audit report   'body-parser': [
192 silly audit report     {
192 silly audit report       id: 1123977,
192 silly audit report       url: 'https://github.com/advisories/GHSA-v422-hmwv-36x6',
192 silly audit report       title: 'body-parser vulnerable to denial of service when invalid limit value silently disables size enforcement',
192 silly audit report       severity: 'low',
192 silly audit report       vulnerable_versions: '<1.20.6',
192 silly audit report       cwe: [Array],
192 silly audit report       cvss: [Object]
192 silly audit report     },
192 silly audit report     {
192 silly audit report       id: 1099520,
192 silly audit report       url: 'https://github.com/advisories/GHSA-qwcr-r2fm-qrc7',
192 silly audit report       title: 'body-parser vulnerable to denial of service when url encoding is enabled',
192 silly audit report       severity: 'high',
192 silly audit report       vulnerable_versions: '<1.20.3',
192 silly audit report       cwe: [Array],
192 silly audit report       cvss: [Object]
192 silly audit report     }
192 silly audit report   ],
192 silly audit report   'brace-expansion': [
192 silly audit report     {
192 silly audit report       id: 1105443,
192 silly audit report       url: 'https://github.com/advisories/GHSA-v6h2-p8h4-qcjw',
192 silly audit report       title: 'brace-expansion Regular Expression Denial of Service vulnerability',
192 silly audit report       severity: 'low',
192 silly audit report       vulnerable_versions: '>=1.0.0 <=1.1.11',
192 silly audit report       cwe: [Array],
192 silly audit report       cvss: [Object]
192 silly audit report     },
192 silly audit report     {
192 silly audit report       id: 1130588,
192 silly audit report       url: 'https://github.com/advisories/GHSA-mh99-v99m-4gvg',
192 silly audit report       title: 'brace-expansion: DoS via unbounded expansion length causing an out-of-memory process crash',
192 silly audit report       severity: 'high',
192 silly audit report       vulnerable_versions: '<1.1.17',
192 silly audit report       cwe: [Array],
192 silly audit report       cvss: [Object]
192 silly audit report     },
192 silly audit report     {
192 silly audit report       id: 1130737,
192 silly audit report       url: 'https://github.com/advisories/GHSA-rgw5-rvv9-x895',
192 silly audit report       title: 'brace-expansion: DoS via unbounded intermediate arrays, bypassing the CVE-2026-14257 mitigation',
192 silly audit report       severity: 'high',
192 silly audit report       vulnerable_versions: '<1.1.18',
192 silly audit report       cwe: [Array],
192 silly audit report       cvss: [Object]
192 silly audit report     },
192 silly audit report     {
192 silly audit report       id: 1115540,
192 silly audit report       url: 'https://github.com/advisories/GHSA-f886-m6hf-6m8v',
192 silly audit report       title: 'brace-expansion: Zero-step sequence causes process hang and memory exhaustion',
192 silly audit report       severity: 'moderate',
192 silly audit report       vulnerable_versions: '<1.1.13',
192 silly audit report       cwe: [Array],
192 silly audit report       cvss: [Object]
192 silly audit report     },
192 silly audit report     {
192 silly audit report       id: 1123897,
192 silly audit report       url: 'https://github.com/advisories/GHSA-3jxr-9vmj-r5cp',
192 silly audit report       title: 'brace-expansion: DoS via exponential-time expansion of consecutive non-expanding {} groups',
192 silly audit report       severity: 'high',
192 silly audit report       vulnerable_versions: '<1.1.16',
192 silly audit report       cwe: [Array],
192 silly audit report       cvss: [Object]
192 silly audit report     }
192 silly audit report   ],
192 silly audit report   cookie: [
192 silly audit report     {
192 silly audit report       id: 1103907,
192 silly audit report       url: 'https://github.com/advisories/GHSA-pxg6-pf52-xh8x',
192 silly audit report       title: 'cookie accepts cookie name, path, and domain with out of bounds characters',
192 silly audit report       severity: 'low',
192 silly audit report       vulnerable_versions: '<0.7.0',
192 silly audit report       cwe: [Array],
192 silly audit report       cvss: [Object]
192 silly audit report     }
192 silly audit report   ],
192 silly audit report   express: [
192 silly audit report     {
192 silly audit report       id: 1100530,
192 silly audit report       url: 'https://github.com/advisories/GHSA-qw6h-vgh9-j6wx',
192 silly audit report       title: 'express vulnerable to XSS via response.redirect()',
192 silly audit report       severity: 'low',
192 silly audit report       vulnerable_versions: '<4.20.0',
192 silly audit report       cwe: [Array],
192 silly audit report       cvss: [Object]
192 silly audit report     },
192 silly audit report     {
192 silly audit report       id: 1111636,
192 silly audit report       url: 'https://github.com/advisories/GHSA-rv95-896h-c2vc',
192 silly audit report       title: 'Express.js Open Redirect in malformed URLs',
192 silly audit report       severity: 'moderate',
192 silly audit report       vulnerable_versions: '<4.19.2',
192 silly audit report       cwe: [Array],
192 silly audit report       cvss: [Object]
192 silly audit report     }
192 silly audit report   ],
192 silly audit report   'follow-redirects': [
192 silly audit report     {
192 silly audit report       id: 1109569,
192 silly audit report       url: 'https://github.com/advisories/GHSA-jchw-25xp-jwwc',
192 silly audit report       title: 'Follow Redirects improperly handles URLs in the url.parse() function',
192 silly audit report       severity: 'moderate',
192 silly audit report       vulnerable_versions: '<1.15.4',
192 silly audit report       cwe: [Array],
192 silly audit report       cvss: [Object]
192 silly audit report     },
192 silly audit report     {
192 silly audit report       id: 1096856,
192 silly audit report       url: 'https://github.com/advisories/GHSA-cxjh-pqwp-8mfp',
192 silly audit report       title: "follow-redirects' Proxy-Authorization header kept across hosts",
192 silly audit report       severity: 'moderate',
192 silly audit report       vulnerable_versions: '<=1.15.5',
192 silly audit report       cwe: [Array],
192 silly audit report       cvss: [Object]
192 silly audit report     },
192 silly audit report     {
192 silly audit report       id: 1116560,
192 silly audit report       url: 'https://github.com/advisories/GHSA-r4q5-vmmm-2653',
192 silly audit report       title: 'follow-redirects leaks Custom Authentication Headers to Cross-Domain Redirect Targets',
192 silly audit report       severity: 'moderate',
192 silly audit report       vulnerable_versions: '<=1.15.11',
192 silly audit report       cwe: [Array],
192 silly audit report       cvss: [Object]
192 silly audit report     }
192 silly audit report   ],
192 silly audit report   'form-data': [
192 silly audit report     {
192 silly audit report       id: 1109538,
192 silly audit report       url: 'https://github.com/advisories/GHSA-fjxv-7rqg-78g4',
192 silly audit report       title: 'form-data uses unsafe random function in form-data for choosing boundary',
192 silly audit report       severity: 'critical',
192 silly audit report       vulnerable_versions: '>=4.0.0 <4.0.4',
192 silly audit report       cwe: [Array],
192 silly audit report       cvss: [Object]
192 silly audit report     },
192 silly audit report     {
192 silly audit report       id: 1120743,
192 silly audit report       url: 'https://github.com/advisories/GHSA-hmw2-7cc7-3qxx',
192 silly audit report       title: 'form-data: CRLF injection in form-data via unescaped multipart field names and filenames',
192 silly audit report       severity: 'high',
192 silly audit report       vulnerable_versions: '>=4.0.0 <4.0.6',
192 silly audit report       cwe: [Array],
192 silly audit report       cvss: [Object]
192 silly audit report     }
192 silly audit report   ],
192 silly audit report   'js-yaml': [
192 silly audit report     {
192 silly audit report       id: 1112715,
192 silly audit report       url: 'https://github.com/advisories/GHSA-mh29-5h37-fv8m',
192 silly audit report       title: 'js-yaml has prototype pollution in merge (<<)',
192 silly audit report       severity: 'moderate',
192 silly audit report       vulnerable_versions: '>=4.0.0 <4.1.1',
192 silly audit report       cwe: [Array],
192 silly audit report       cvss: [Object]
192 silly audit report     },
192 silly audit report     {
192 silly audit report       id: 1121860,
192 silly audit report       url: 'https://github.com/advisories/GHSA-h67p-54hq-rp68',
192 silly audit report       title: 'JS-YAML: Quadratic-complexity DoS in merge key handling via repeated aliases',
192 silly audit report       severity: 'moderate',
192 silly audit report       vulnerable_versions: '>=4.0.0 <=4.1.1',
192 silly audit report       cwe: [Array],
192 silly audit report       cvss: [Object]
192 silly audit report     },
192 silly audit report     {
192 silly audit report       id: 1123911,
192 silly audit report       url: 'https://github.com/advisories/GHSA-52cp-r559-cp3m',
192 silly audit report       title: 'js-yaml: YAML merge-key chains can force quadratic CPU consumption',
192 silly audit report       severity: 'high',
192 silly audit report       vulnerable_versions: '>=4.0.0 <4.3.0',
192 silly audit report       cwe: [Array],
192 silly audit report       cvss: [Object]
192 silly audit report     }
192 silly audit report   ],
192 silly audit report   jsonata: [
192 silly audit report     {
192 silly audit report       id: 1130739,
192 silly audit report       url: 'https://github.com/advisories/GHSA-86vw-mfpg-wwv9',
192 silly audit report       title: 'jsonata: Malicious inputs to "$toMillis" function can cause resource exhaustion',
192 silly audit report       severity: 'high',
192 silly audit report       vulnerable_versions: '<1.8.9',
192 silly audit report       cwe: [Array],
192 silly audit report       cvss: [Object]
192 silly audit report     },
192 silly audit report     {
192 silly audit report       id: 1096642,
192 silly audit report       url: 'https://github.com/advisories/GHSA-fqg8-vfv7-8fj8',
192 silly audit report       title: 'JSONata expression can pollute the "Object" prototype',
192 silly audit report       severity: 'critical',
192 silly audit report       vulnerable_versions: '>=1.4.0 <1.8.7',
192 silly audit report       cwe: [Array],
192 silly audit report       cvss: [Object]
192 silly audit report     }
192 silly audit report   ],
192 silly audit report   minimatch: [
192 silly audit report     {
192 silly audit report       id: 1113459,
192 silly audit report       url: 'https://github.com/advisories/GHSA-3ppc-4f35-3m26',
192 silly audit report       title: 'minimatch has a ReDoS via repeated wildcards with non-matching literal in pattern',
192 silly audit report       severity: 'high',
192 silly audit report       vulnerable_versions: '<3.1.3',
192 silly audit report       cwe: [Array],
192 silly audit report       cvss: [Object]
192 silly audit report     },
192 silly audit report     {
192 silly audit report       id: 1113538,
192 silly audit report       url: 'https://github.com/advisories/GHSA-7r86-cg39-jmmj',
192 silly audit report       title: 'minimatch has ReDoS: matchOne() combinatorial backtracking via multiple non-adjacent GLOBSTAR segments',
192 silly audit report       severity: 'high',
192 silly audit report       vulnerable_versions: '<3.1.3',
192 silly audit report       cwe: [Array],
192 silly audit report       cvss: [Object]
192 silly audit report     },
192 silly audit report     {
192 silly audit report       id: 1113546,
192 silly audit report       url: 'https://github.com/advisories/GHSA-23c5-xmqv-rm74',
192 silly audit report       title: 'minimatch ReDoS: nested *() extglobs generate catastrophically backtracking regular expressions',
192 silly audit report       severity: 'high',
192 silly audit report       vulnerable_versions: '<3.1.4',
192 silly audit report       cwe: [Array],
192 silly audit report       cvss: [Object]
192 silly audit report     }
192 silly audit report   ],
192 silly audit report   'on-headers': [
192 silly audit report     {
192 silly audit report       id: 1106812,
192 silly audit report       url: 'https://github.com/advisories/GHSA-76c9-3jph-rj3q',
192 silly audit report       title: 'on-headers is vulnerable to http response header manipulation',
192 silly audit report       severity: 'low',
192 silly audit report       vulnerable_versions: '<1.1.0',
192 silly audit report       cwe: [Array],
192 silly audit report       cvss: [Object]
192 silly audit report     }
192 silly audit report   ],
192 silly audit report   'path-to-regexp': [
192 silly audit report     {
192 silly audit report       id: 1101850,
192 silly audit report       url: 'https://github.com/advisories/GHSA-9wv6-86v2-598j',
192 silly audit report       title: 'path-to-regexp outputs backtracking regular expressions',
192 silly audit report       severity: 'high',
192 silly audit report       vulnerable_versions: '<0.1.10',
192 silly audit report       cwe: [Array],
192 silly audit report       cvss: [Object]
192 silly audit report     },
192 silly audit report     {
192 silly audit report       id: 1105199,
192 silly audit report       url: 'https://github.com/advisories/GHSA-rhx6-c78j-4q9w',
192 silly audit report       title: 'path-to-regexp contains a ReDoS',
192 silly audit report       severity: 'high',
192 silly audit report       vulnerable_versions: '<0.1.12',
192 silly audit report       cwe: [Array],
192 silly audit report       cvss: [Object]
192 silly audit report     },
192 silly audit report     {
192 silly audit report       id: 1115527,
192 silly audit report       url: 'https://github.com/advisories/GHSA-37ch-88jc-xwx2',
192 silly audit report       title: 'path-to-regexp vulnerable to Regular Expression Denial of Service via multiple route parameters',
192 silly audit report       severity: 'high',
192 silly audit report       vulnerable_versions: '<0.1.13',
192 silly audit report       cwe: [Array],
192 silly audit report       cvss: [Object]
192 silly audit report     }
192 silly audit report   ],
192 silly audit report   qs: [
192 silly audit report     {
192 silly audit report       id: 1113161,
192 silly audit report       url: 'https://github.com/advisories/GHSA-w7fw-mjwx-w883',
192 silly audit report       title: "qs's arrayLimit bypass in comma parsing allows denial of service",
192 silly audit report       severity: 'low',
192 silly audit report       vulnerable_versions: '>=6.7.0 <=6.14.1',
192 silly audit report       cwe: [Array],
192 silly audit report       cvss: [Object]
192 silly audit report     },
192 silly audit report     {
192 silly audit report       id: 1113719,
192 silly audit report       url: 'https://github.com/advisories/GHSA-6rw7-vpxm-498p',
192 silly audit report       title: "qs's arrayLimit bypass in its bracket notation allows DoS via memory exhaustion",
192 silly audit report       severity: 'moderate',
192 silly audit report       vulnerable_versions: '<6.14.1',
192 silly audit report       cwe: [Array],
192 silly audit report       cvss: [Object]
192 silly audit report     }
192 silly audit report   ],
192 silly audit report   send: [
192 silly audit report     {
192 silly audit report       id: 1109556,
192 silly audit report       url: 'https://github.com/advisories/GHSA-m6fv-jmcg-4jfg',
192 silly audit report       title: 'send vulnerable to template injection that can lead to XSS',
192 silly audit report       severity: 'low',
192 silly audit report       vulnerable_versions: '<0.19.0',
192 silly audit report       cwe: [Array],
192 silly audit report       cvss: [Object]
192 silly audit report     }
192 silly audit report   ],
192 silly audit report   'serve-static': [
192 silly audit report     {
192 silly audit report       id: 1100528,
192 silly audit report       url: 'https://github.com/advisories/GHSA-cm22-4g7w-348p',
192 silly audit report       title: 'serve-static vulnerable to template injection that can lead to XSS',
192 silly audit report       severity: 'low',
192 silly audit report       vulnerable_versions: '<1.16.0',
192 silly audit report       cwe: [Array],
192 silly audit report       cvss: [Object]
192 silly audit report     }
192 silly audit report   ],
192 silly audit report   tar: [
192 silly audit report     {
192 silly audit report       id: 1112659,
192 silly audit report       url: 'https://github.com/advisories/GHSA-34x7-hfp2-rc4v',
192 silly audit report       title: 'node-tar Vulnerable to Arbitrary File Creation/Overwrite via Hardlink Path Traversal',
192 silly audit report       severity: 'high',
192 silly audit report       vulnerable_versions: '<7.5.7',
192 silly audit report       cwe: [Array],
192 silly audit report       cvss: [Object]
192 silly audit report     },
192 silly audit report     {
192 silly audit report       id: 1113300,
192 silly audit report       url: 'https://github.com/advisories/GHSA-8qq5-rm4j-mr97',
192 silly audit report       title: 'node-tar is Vulnerable to Arbitrary File Overwrite and Symlink Poisoning via Insufficient Path Sanitization',
192 silly audit report       severity: 'high',
192 silly audit report       vulnerable_versions: '<=7.5.2',
192 silly audit report       cwe: [Array],
192 silly audit report       cvss: [Object]
192 silly audit report     },
192 silly audit report     {
192 silly audit report       id: 1113375,
192 silly audit report       url: 'https://github.com/advisories/GHSA-83g3-92jg-28cx',
192 silly audit report       title: 'Arbitrary File Read/Write via Hardlink Target Escape Through Symlink Chain in node-tar Extraction',
192 silly audit report       severity: 'high',
192 silly audit report       vulnerable_versions: '<7.5.8',
192 silly audit report       cwe: [Array],
192 silly audit report       cvss: [Object]
192 silly audit report     },
192 silly audit report     {
192 silly audit report       id: 1114200,
192 silly audit report       url: 'https://github.com/advisories/GHSA-qffp-2rhf-9h96',
192 silly audit report       title: 'tar has Hardlink Path Traversal via Drive-Relative Linkpath',
192 silly audit report       severity: 'high',
192 silly audit report       vulnerable_versions: '<=7.5.9',
192 silly audit report       cwe: [Array],
192 silly audit report       cvss: [Object]
192 silly audit report     },
192 silly audit report     {
192 silly audit report       id: 1114302,
192 silly audit report       url: 'https://github.com/advisories/GHSA-9ppj-qmqm-q256',
192 silly audit report       title: 'node-tar Symlink Path Traversal via Drive-Relative Linkpath',
192 silly audit report       severity: 'high',
192 silly audit report       vulnerable_versions: '<=7.5.10',
192 silly audit report       cwe: [Array],
192 silly audit report       cvss: [Object]
192 silly audit report     },
192 silly audit report     {
192 silly audit report       id: 1120782,
192 silly audit report       url: 'https://github.com/advisories/GHSA-vmf3-w455-68vh',
192 silly audit report       title: 'node-tar applies PAX size override to intermediary GNU long-name/long-link headers, causing tar parser interpretation differential (file smuggling)',
192 silly audit report       severity: 'moderate',
192 silly audit report       vulnerable_versions: '<=7.5.15',
192 silly audit report       cwe: [Array],
192 silly audit report       cvss: [Object]
192 silly audit report     },
192 silly audit report     {
192 silly audit report       id: 1114680,
192 silly audit report       url: 'https://github.com/advisories/GHSA-r6q2-hw4h-h46w',
192 silly audit report       title: 'Race Condition in node-tar Path Reservations via Unicode Ligature Collisions on macOS APFS',
192 silly audit report       severity: 'high',
192 silly audit report       vulnerable_versions: '<=7.5.3',
192 silly audit report       cwe: [Array],
192 silly audit report       cvss: [Object]
192 silly audit report     },
192 silly audit report     {
192 silly audit report       id: 1123939,
192 silly audit report       url: 'https://github.com/advisories/GHSA-w8wr-v893-vjvp',
192 silly audit report       title: 'node-tar: Process crash via PAX numeric path type confusion',
192 silly audit report       severity: 'moderate',
192 silly audit report       vulnerable_versions: '<=7.5.17',
192 silly audit report       cwe: [Array],
192 silly audit report       cvss: [Object]
192 silly audit report     },
192 silly audit report     {
192 silly audit report       id: 1123940,
192 silly audit report       url: 'https://github.com/advisories/GHSA-23hp-3jrh-7fpw',
192 silly audit report       title: 'node-tar: Decompression/parse DoS via unlimited input',
192 silly audit report       severity: 'critical',
192 silly audit report       vulnerable_versions: '<=7.5.18',
192 silly audit report       cwe: [Array],
192 silly audit report       cvss: [Object]
192 silly audit report     },
192 silly audit report     {
192 silly audit report       id: 1123941,
192 silly audit report       url: 'https://github.com/advisories/GHSA-8x88-c5mf-7j5w',
192 silly audit report       title: 'node-tar: Negative tar entry size causes infinite loop in archive replace',
192 silly audit report       severity: 'high',
192 silly audit report       vulnerable_versions: '<=7.5.17',
192 silly audit report       cwe: [Array],
192 silly audit report       cvss: [Object]
192 silly audit report     },
192 silly audit report     {
192 silly audit report       id: 1123942,
192 silly audit report       url: 'https://github.com/advisories/GHSA-gvwx-54wh-qm9j',
192 silly audit report       title: 'node-tar: Uncaught Exception DoS via NUL byte in PAX path/linkpath records',
192 silly audit report       severity: 'moderate',
192 silly audit report       vulnerable_versions: '<=7.5.16',
192 silly audit report       cwe: [Array],
192 silly audit report       cvss: [Object]
192 silly audit report     },
192 silly audit report     {
192 silly audit report       id: 1124287,
192 silly audit report       url: 'https://github.com/advisories/GHSA-r292-9mhp-454m',
192 silly audit report       title: 'node-tar: Uncontrolled recursion in mapHas/filesFilter allows uncatchable stack-overflow DoS via crafted long-path tar with member selection',
192 silly audit report       severity: 'moderate',
192 silly audit report       vulnerable_versions: '<=7.5.20',
192 silly audit report       cwe: [Array],
192 silly audit report       cvss: [Object]
192 silly audit report     },
192 silly audit report     {
192 silly audit report       id: 1097493,
192 silly audit report       url: 'https://github.com/advisories/GHSA-f5x3-32g6-xq36',
192 silly audit report       title: 'Denial of service while parsing a tar file due to lack of folders count validation',
192 silly audit report       severity: 'moderate',
192 silly audit report       vulnerable_versions: '<6.2.1',
192 silly audit report       cwe: [Array],
192 silly audit report       cvss: [Object]
192 silly audit report     }
192 silly audit report   ],
192 silly audit report   uuid: [
192 silly audit report     {
192 silly audit report       id: 1119441,
192 silly audit report       url: 'https://github.com/advisories/GHSA-w5hq-g745-h8pq',
192 silly audit report       title: 'uuid: Missing buffer bounds check in v3/v5/v6 when buf is provided',
192 silly audit report       severity: 'moderate',
192 silly audit report       vulnerable_versions: '<11.1.1',
192 silly audit report       cwe: [Array],
192 silly audit report       cvss: [Object]
192 silly audit report     }
192 silly audit report   ],
192 silly audit report   ws: [
192 silly audit report     {
192 silly audit report       id: 1118729,
192 silly audit report       url: 'https://github.com/advisories/GHSA-3h5v-q93c-6h6q',
192 silly audit report       title: 'ws affected by a DoS when handling a request with many HTTP headers',
192 silly audit report       severity: 'high',
192 silly audit report       vulnerable_versions: '>=7.0.0 <7.5.10',
192 silly audit report       cwe: [Array],
192 silly audit report       cvss: [Object]
192 silly audit report     },
192 silly audit report     {
192 silly audit report       id: 1123260,
192 silly audit report       url: 'https://github.com/advisories/GHSA-96hv-2xvq-fx4p',
192 silly audit report       title: 'ws: Memory exhaustion DoS from tiny fragments and data chunks',
192 silly audit report       severity: 'high',
192 silly audit report       vulnerable_versions: '>=7.0.0 <7.5.11',
192 silly audit report       cwe: [Array],
192 silly audit report       cvss: [Object]
192 silly audit report     }
192 silly audit report   ]
192 silly audit report }
193 timing metavuln:packument:cookie Completed in 130ms
194 timing metavuln:packument:on-headers Completed in 69ms
195 timing metavuln:packument:send Completed in 91ms
196 timing metavuln:packument:serve-static Completed in 114ms
197 timing metavuln:packument:ws Completed in 98ms
198 timing metavuln:cache:get:security-advisory:axios:We3wxcPk9kkn0xwhYIVh3tbSPV88qcTDaObr31jY6FxiY7XBPfg0F6J9WCgTA+9XIQ528JIUG23csmksMa5djw== Completed in 3934ms
199 timing metavuln:cache:get:security-advisory:axios:QPfIXkp/KZhwoyDyIKzXtdE5YVwI2CFG+xq5lYncSaAFETAWIc3tDc1nWtX9NdkseMgP2w/pMvh67yZscw3UNg== Completed in 3999ms
200 timing metavuln:cache:get:security-advisory:axios:VbHlEYhlaqXJ9XvkLvQDKIntUPMbCgErC/N9Zum/3t3773LIvvQeM3w6FtpMLijOhiYvdIo1tA6l08d/KG2owQ== Completed in 3995ms
201 timing metavuln:cache:get:security-advisory:axios:9BgnJ5uNiAEA9AX3r28GdpHA9UAuw/zECHBI2I93Cx8klT6+tlxcdA+ob4IIMxYEwQ61zvzrFU4MSK38c//vuQ== Completed in 4010ms
202 timing metavuln:cache:get:security-advisory:ajv:URErmxoyazZWR5lFcXpgTkGsbkrUBDlzD8W6txjBw2wZoOC7oHjHFfCrRr/VnGeJvbyUY9E2jxrL8p2XbwfP8g== Completed in 4052ms
203 timing metavuln:cache:get:security-advisory:axios:GAKQXbl5ZrDh6yPoCgAGqZg1pXtocM+FGQ3xyw0k7oSRYqAOTJcmI3GLT5qOXQ908JNlY/vCYYnhZdmv0O4Cug== Completed in 4018ms
204 timing metavuln:cache:get:security-advisory:axios:HaFCbyynICQoKliGRKF6NzyKaBXBKwl7utqpIxjszhP2jqtFlFJreFpWl+ygxGxv9FE9lgX1QbaVYqdn79NSaw== Completed in 4029ms
205 timing metavuln:cache:get:security-advisory:axios:da7txlcY/7Ud7JRkw/hvt9g+mVpSRkFPDiUAR4h2g1sv4Choxul9KPzX2084lIt3yQYmv0pOzYb2UDEMw+N5Fg== Completed in 4032ms
206 timing metavuln:cache:get:security-advisory:axios:0/ZJRH6u+le/6+OgeLVGoMRIV/riEu/tDidw6VaBPqEScQFI4Ghcls7Dg+d/NoC2wlQPadVwa7q6fXDRHmOaDA== Completed in 4031ms
207 timing metavuln:cache:get:security-advisory:axios:v0RODbRA4yOk4ATIypjKITM3bAWeM6ZZIcMb/4u8Q72a0CVC2Gu3l43X1O4gZ5Yme6KBEnbhBmZ3QLAr2U4OGQ== Completed in 4046ms
208 timing metavuln:cache:get:security-advisory:axios:q0IxoUiLEFwUKMZuqye/K/lJ9rWG2BRJeYkupGtEYvclxVT2itMKF5Rbbd9CEBYyVuMH8/1JwoSq/m3SC8pozw== Completed in 4037ms
209 timing metavuln:cache:get:security-advisory:axios:13kkiLWthvKI7ALhu+e9E14Gn4WsKsQLjirfIQrVCHHIoCKEHb5MFtn5klyrL9Erku0swIkJp7hR8cosYYUrhg== Completed in 4044ms
210 timing metavuln:cache:get:security-advisory:axios:FsTMaMwbtgv7VaUD5XVoaVbJRkWYBNaCvC/BbsbJKieT7PjzWWVyp2DD832es8+7LhxAUE9tgyMPZu+G/y2S5A== Completed in 4061ms
211 timing metavuln:cache:get:security-advisory:axios:pU7OBwGYlv5vjEjm5gS/R59cRyvQZOaYDg8YceyIhv7tSJGvAVLOJrIr56QqCqFKvfiF+gvbK0cZ+sdZq+P0og== Completed in 4057ms
212 timing metavuln:cache:get:security-advisory:axios:3z1wZ+t5oo1oiWqaw4A+Ga2q836GxbSNFXP9zMdclN854POYJgY+bYZcmF5VVJVY7Q/5Jgf+5/xxhWNljM3jFA== Completed in 4091ms
213 timing metavuln:cache:get:security-advisory:axios:eKzX6XjUVDxqokqC9gHZQbbNcaH0zIme189WnJ0nmCCu/O8L3BSbli76X7TB0OsfBNBrm+Z5rrGUJb0goTQpNA== Completed in 4103ms
214 timing metavuln:cache:get:security-advisory:axios:Xfg5Chh1KX+A7ZVBBHB9fQfBlcL0HbCUk/TNIlC/hv4LNR7vOuZ5WOy1Y1NqXKmKGcW3mcF3RkVi2V+K7k4bEg== Completed in 4107ms
215 timing metavuln:cache:get:security-advisory:axios:Oi6B9AucyObhJnAMQYb3eyigkQbiqrclLJ09eDn16DgUHYfFa+9WQjxUGArwnF1cWOy0gbdKMrAbkp8xW8Fwkg== Completed in 4117ms
216 timing metavuln:cache:get:security-advisory:axios:RnzhIG6np6I4kkWxbE9wXPfbTXf5jrKZroFgyIY8z+LhdxaEfkyrvzdTbynSxJegb7LX9t5nbUmkbtXpj3ih+A== Completed in 4128ms
217 timing metavuln:cache:get:security-advisory:@babel/runtime:xDaNmlS3J8LRk7IfDb7e9Gp3gcy/xDr1QZXCKC997SMkqKVemm2guY9vQpRI6omD11L5cfCI+STpoAdxUgnVsA== Completed in 4181ms
218 timing metavuln:cache:get:security-advisory:brace-expansion:geBusfkNqQP6hxCT/x7QDM6pAPJMDIqmDW84J1DA4uDjuSM6GXgzKwYw+N4CptLZRUTx8jSydbfAJhrWxpkzqg== Completed in 4140ms
219 timing metavuln:cache:get:security-advisory:axios:qGAYykxMa4bTydf03N7AfaSaurDLRQzZ8CSiDboAbC/8eNOputJ7XylOMgxvgHwGeloaHyXzrNh7pIo623soWA== Completed in 4169ms
220 timing metavuln:cache:get:security-advisory:axios:kPuju4Djzw+Fkb6a74pKuBpATGwQ3c2Ajn3FHbos8Iuxef0JgG3CZ3i20zmiXJF4DqwwZS8X0m2g2hZqhPez7g== Completed in 4174ms
221 timing metavuln:cache:get:security-advisory:brace-expansion:wDEbqWk4yLp9m7y1JKlfB/VOQdNxO6zv9mx3cQ5VptPHpE7Ova1G3NkU4hgGmOmyWoA3/1d/SEsb3LnkNTA35A== Completed in 4189ms
222 timing metavuln:cache:get:security-advisory:body-parser:uoEU0GS6gk35ZdcQ5nagZYzZcDz5Th0PEvPIVa8rzwbO20pRdxYbAhpIm6Wc5MALXoWb1C4X8WqCtH02U0Wo1A== Completed in 4223ms
223 timing metavuln:cache:get:security-advisory:body-parser:pig1SyrSKsjwjwwwj/jcD4mcNcfTO4pdo3Rc4tPJdqhmmrNQQn7BKDC6fAaFHDO30oyQ3Itoq6p8rLy4sFuQDg== Completed in 4253ms
224 timing metavuln:cache:get:security-advisory:axios:dNmA7C2S7NfbQkaVJBIemUN/WBzaXgNZTD2VFofXkOWvGXb1+be8l9+fo+EAZHEVPiHI9rYwjbCcMIx7SKVf3A== Completed in 4305ms
225 timing metavuln:cache:get:security-advisory:axios:xNyxJ1BmVDeLCXzbOxkzab5iAVkG5RfQ0iqqfA2Fmsi7ee6xURvNi72w+UgFDHC6c7toI5CZ+FsMynWMNVcizw== Completed in 4323ms
226 timing metavuln:cache:get:security-advisory:axios:NdCkm7j4yjnMlC82+f8vRKyDiZeIBnnOqxoG0ZT2cunEZcSEIsFrZ3EEZULTvL3vgaKy7pKpshZOUoNeaMdUgw== Completed in 4317ms
227 timing metavuln:cache:get:security-advisory:express:i1lv/mW3LDhCPxcU8tmYv85dckQQGUSeQtASYLVoMkQNcpH1gG93hQzZIslm4Zlt3AYRSx4rg+plteAtIC0Z1w== Completed in 4290ms
228 timing metavuln:cache:get:security-advisory:express:Y6ACp2DmYM+0HQ/I8CvEhLQJwNp8DOoQ76C8ObH06Y0qG40PIuVRmOi3OWzwUOTASTLCIWqeicWSO/acR3aaGQ== Completed in 4303ms
229 timing metavuln:cache:get:security-advisory:follow-redirects:rD8yi3a8mVyeNvoX3wItq4e+Oa65QVDtc8KKes6VfIYPKX53VkWnOuxGYgUihdiwlz4i5mjg4yX/2qVYafhjyA== Completed in 4287ms
230 timing metavuln:cache:get:security-advisory:follow-redirects:3NqE18TAUt4qyZjI0VKQQxqYNOTvBqFH3gieybQ0RWyNPvn3DFkBdXljf6AprPUbU5Zy8Np7TzSCoFP2Lo706g== Completed in 4293ms
231 timing metavuln:cache:get:security-advisory:cookie:EFt7h/FZLeopARa06+F2CBY5ItUm007mP/cHgZjTJZX1MeIwg3JD7toSioRoDeE8wm5VdkimqlS+CnuPhZqbIg== Completed in 4308ms
232 timing metavuln:load:security-advisory:cookie:1103907 Completed in 2ms
233 timing metavuln:calculate:security-advisory:cookie:1103907 Completed in 4314ms
234 timing metavuln:cache:get:security-advisory:follow-redirects:4omfKvh6Ya8SJnn3CVNWLzlRKgsHqsp8XgTxFFWXdSXyBqVHeW5UgGhBrNoO2e0bLHnlnK954cJp6k7PjkvXLg== Completed in 4297ms
235 timing metavuln:cache:get:security-advisory:form-data:QtrJYuspC2x6/4C1Oat3mkU+5vF1sgqWmutMSh+7dhDRYSJrsvU/AVAJgWDUWLgGNj7X4aMNonvcZovhtgldng== Completed in 4298ms
236 timing metavuln:cache:get:security-advisory:brace-expansion:7IQMvcVTr+svbh5KCx4Kl6FQKJ1GciM03BnJAve/5WYJjUeRzKAIrStVpfachbl3T6a7o8nYlQEVG6Ih0TNXRg== Completed in 4331ms
237 timing metavuln:cache:get:security-advisory:brace-expansion:kIHgu1L8zIy7pY0wp6wYzUm7tst3xTM2tiSYrstcGK/XsO7o4p6zyuUSjq93oH1dvU2tbEvlSW+gaNbGIbeudw== Completed in 4329ms
238 timing metavuln:cache:get:security-advisory:js-yaml:4JRmIWaw7t9g2nj2coc/knMKSpUTTvf6gd7QGFDejryJnGjc+YeBUVzshR5afcQZnuPyYGRjBRxydkQEqdhtbQ== Completed in 4263ms
239 timing metavuln:cache:get:security-advisory:js-yaml:621IdjBdZEeVoUcjWGl1jXN0jFDGaf7dIQMeaPVKf5MxqYprJztiOC0OHOUPVoayh7Cq/fTC8L5CqEb98qlE7w== Completed in 4313ms
240 timing metavuln:cache:get:security-advisory:brace-expansion:7ICbONgS6sI8RWhzTgNqqH552BWC4INFpZZfXI9U4oWgS/KeQEBLPtG82pnddpKRYaLAG9ti7ET/UUaZIDmFqA== Completed in 4343ms
241 timing metavuln:cache:get:security-advisory:form-data:QHwSQK89tp8y8NaEB/BmWWPJbFRmcqxbWkKungy6gPoWDFe3Fp6pmP2eW7jh8ZiRT8rEqJsege91INZ02VqjRw== Completed in 4323ms
242 timing metavuln:cache:get:security-advisory:js-yaml:hRHUgW0MJiPqjWt2sUfet2EYlqoE1gaxACC2WErx8y0hzruS4JIdQFSyu03fknqwUeEglYl2LNhb3CLbe1gk7A== Completed in 4318ms
243 timing metavuln:cache:get:security-advisory:minimatch:kx7kRjUmjSYmgQBpfsU82Na4xORZqvqpRRSlOyPLadasPBl0YfFJCjIETC00BG7Gd2omQLizgz8/GnnE/hk+Jw== Completed in 4266ms
244 timing metavuln:cache:get:security-advisory:minimatch:V/3cIcyAQcG1bwuH0e0PI9Qt5WRtbvb/WOz2mBxAfNzXf+Dvs9G1X05eHjnPq2b0TJY4zXXpqhCAkRAipgk3iQ== Completed in 4288ms
245 timing metavuln:cache:get:security-advisory:jsonata:Hfyj/dsKBv3mS0CXibFI/3oObAH3HN7f2BwiCOU+VmsorA9YgDKrvSltd7CFT+O+t2T2uzzx3rNQ6Td/+fELCg== Completed in 4293ms
246 timing metavuln:cache:get:security-advisory:path-to-regexp:0sP5sOjSm2jEVzBjQIX2s9I2rZ6lj48WyfSR+oVtUzndwLs0Cww28/j1R5EWf/fv+a3hc7KtVDL8gxcHV6kAiQ== Completed in 4278ms
247 timing metavuln:cache:get:security-advisory:jsonata:5dKlP/6FLURciFRRzR/na3nitvuO2U4vuHG9b5XFFBWiPwATncTqd7g7rdgpqyT0cjUgFreubadTXF4xr42K2A== Completed in 4295ms
248 timing metavuln:cache:get:security-advisory:path-to-regexp:1zdQfT/2s1/9HPIPcJl7TnWCFxsytt3sSe7T+xPf8FNpp2H4co4yvyKagGg4lKEjTVlcftvXdieAZPONp1djoQ== Completed in 4301ms
249 timing metavuln:cache:get:security-advisory:on-headers:O+Ys/f4bZubU3jA9Sqz4HIIJaATwc83W201O653Eo/4y8FTwrgSc3mrXs4p8n7svj0OzipJYTBXXWJCgp81mSQ== Completed in 4304ms
250 timing metavuln:load:security-advisory:on-headers:1106812 Completed in 0ms
251 timing metavuln:calculate:security-advisory:on-headers:1106812 Completed in 4308ms
252 timing metavuln:cache:get:security-advisory:path-to-regexp:MgjHwCEvzlLz9p6+Yk8DdZLdAuprFRwJM/BcLFKUnsW5C1PzGCjbdvhfzdrEOsmCJB7eOyV5TvQe+zy4C++sJQ== Completed in 4310ms
253 timing metavuln:cache:get:security-advisory:serve-static:VyBBWzRCPk4QPwU71mkZJ+QZdwW0bnbx/lUJDdvhij3t67jGrB4z2A5Ryyta1VjZgpmZ9kuyannc46B7jSSuiQ== Completed in 4308ms
254 timing metavuln:load:security-advisory:serve-static:1100528 Completed in 3ms
255 timing metavuln:calculate:security-advisory:serve-static:1100528 Completed in 4328ms
256 timing metavuln:cache:get:security-advisory:tar:qPQeYPFDBIedTWfYK3sbnScF6Ha7ouTs+wgndnz4PT5P+/K+GBD4epoPcYpXlu6AC7gSJlCJTJeuKbYAFoK9PA== Completed in 4340ms
257 timing metavuln:cache:get:security-advisory:minimatch:tdaAHfWGUw/nl/W8ALWVH+LvG2E3gvo3P2FI/fVPxm3aZteLxWMOEuk/9iDk5O0/cZN/GRXnabt/mW/bfUoL/g== Completed in 4348ms
258 timing metavuln:cache:get:security-advisory:send:8NP35PpfDEVbqnzPdc9zuVQOxwpjeCWA/vn7Q9SplgLVmZPjGaDssuEM0QllxNS2U4IM79h+Qp8GEO0schn/xw== Completed in 4353ms
259 timing metavuln:load:security-advisory:send:1109556 Completed in 1ms
260 timing metavuln:calculate:security-advisory:send:1109556 Completed in 4355ms
261 timing metavuln:cache:get:security-advisory:tar:eeMx7uxRjV2T2ub1XcSZGVUMDQllh5SgBOjApRXoDwccZb2xPyoJEKCNDkl/ZQGHcurw9K/Nf+wQF6u7SWH6CQ== Completed in 4340ms
262 timing metavuln:cache:get:security-advisory:tar:UWW3Y4BpqE/fE3Qp2/QBaix5a7TZZoP7gM6asxPYL9ED9MweoK3ryao+Bp0Y6Y8Xds/rmjAafpG21YRYkP3N4g== Completed in 4347ms
263 timing metavuln:cache:get:security-advisory:tar:Bbf0Br7FJ1lJBIJDoLLFwjsDrbaYgLVqfrwr0ATzSQWEKW7Xp073S+5zxU9imRf4OqRJHo2MsCDeyKR0KRVsdA== Completed in 4360ms
264 timing metavuln:cache:get:security-advisory:qs:vVSN+MRVpdux32gCUfPGidHUGmS/0G5Ziwtmb1YXw3NARw1r47LtySeR7yFf/LZ4sKzi41443WWDDZzPHuCh9g== Completed in 4366ms
265 timing metavuln:cache:get:security-advisory:tar:9WNWShpJfn52pM8ZKKqi6EHYXLJH6jIL35WJ1kx3R94kQ68yiei98QDX2MAYELuoz72lFzgt8ZNwVFO+0shTPQ== Completed in 4356ms
266 timing metavuln:cache:get:security-advisory:tar:WPAHyAaav02PDduw2eGnG6X+ABpwBjqmBwdNXRWo4FQEksB49HA4+TNk5yn/gtgvovYrJSHS2rT9f+21J9+P5g== Completed in 4367ms
267 timing metavuln:cache:get:security-advisory:tar:HvLlMJbJXEUK/onHcx6iH5KU2NP+7E7MMPhRhGnsmcr2FY6JAnWF2rcRAgVDBJAOnatQ9kP+OBlK6rRRB4Lm1w== Completed in 4379ms
268 timing metavuln:cache:get:security-advisory:tar:vbDW3SJe6e2hhLv65iuyXehzCzEAirdu2MloZluu8ApJ5S0mpjZNCz+7tMRaz8WDOzMKfYQKi/M/IfcFNOa3Cw== Completed in 4398ms
269 timing metavuln:cache:get:security-advisory:tar:cbwMpzkxWE086TmEbj2aUk80Z6hlvP0jzlWS+XiX15JwqEtFzUgHyHj3QX4I6EZYk8tgcYPuNr3hYFVCQY6e3Q== Completed in 4433ms
270 timing metavuln:cache:get:security-advisory:tar:xsfciMtNhQn+Vb692L8h5HEYBYUJ5Lhjy3bF//LOsKSn8tp0f1hbuDX26k9UtKJNPZjM5uuq2Cxlz3KwL19oJg== Completed in 4519ms
271 timing metavuln:cache:get:security-advisory:tar:t6qp9bDoOJC5ykUhMod9HFHgHDvI1UW6GnqB8jJS6Yi46hF+kajSpG1iT7saQrxA8wmMjWcqOhBiMPJM8/0lzQ== Completed in 4706ms
272 timing metavuln:cache:get:security-advisory:tar:arb4g8pdc7oanKU5x4mZlj4SU69lbBj1SSV/G1A404J9n2o/hIuWJHnMVKD9bwNuOjGRq9jrqCqZbeRyPHxymw== Completed in 4736ms
273 timing metavuln:cache:get:security-advisory:uuid:fjKShcKspemxj7050oTyq4F6Ys6oXOzZoO3QUapp6PgJCcrmTMbXQaxkcJ1QLLNHzsQ9sgLuhrlezjv+hoSUhg== Completed in 4826ms
274 timing metavuln:cache:get:security-advisory:ws:NDzUiGrGJBp8DoZzCon7azLP0LOhVnGY7xx297BjzjnqdtYDRMANm8/0AgR35WeUhDSySlgbQWbt14Y+mmTBwg== Completed in 4844ms
275 timing metavuln:load:security-advisory:ws:1118729 Completed in 2ms
276 timing metavuln:calculate:security-advisory:ws:1118729 Completed in 4892ms
277 timing metavuln:cache:get:security-advisory:qs:iChjlXxtVMTpyXsUse674XoeCayLW4gF6rE7sQcXvHRFegwpM44fUr9Eqlmsmu+S9udu9w9eZmpzcAcyiUJMIQ== Completed in 4931ms
278 timing metavuln:cache:get:security-advisory:tar:W1TcF4N8X2Krsm+r3h0ddGUXMEZZiAaynzYZTQxJc/5bpRkiYZlmagV6PyPqJsq/qtKMzvdrdTLDuOgdPU5XNA== Completed in 4924ms
279 timing metavuln:cache:get:security-advisory:ws:X1zzrfhbKpEJXO0VHdW/NpwmNGX+/AhJMY5mLpBQyiLg9bCnd7OZZ1KOjcgGi89DSjYF2d96mtEscLNWlXOZ2A== Completed in 4935ms
280 timing metavuln:load:security-advisory:ws:1123260 Completed in 7ms
281 timing metavuln:calculate:security-advisory:ws:1123260 Completed in 4963ms
282 timing reifyNode:node_modules/@types/cors Completed in 5729ms
283 timing reifyNode:node_modules/socket.io-adapter/node_modules/ms Completed in 5735ms
284 timing reifyNode:node_modules/socket.io-parser/node_modules/ms Completed in 5753ms
285 timing reifyNode:node_modules/socket.io/node_modules/ms Completed in 5758ms
286 timing reifyNode:node_modules/engine.io/node_modules/ms Completed in 5787ms
287 timing reifyNode:node_modules/node-red-dashboard/node_modules/ms Completed in 5797ms
288 timing reifyNode:node_modules/node-red-dashboard/node_modules/encodeurl Completed in 5808ms
289 timing reifyNode:node_modules/compressible Completed in 5840ms
290 timing reifyNode:node_modules/compression/node_modules/on-headers Completed in 5842ms
291 timing reifyNode:node_modules/node-red-dashboard/node_modules/http-errors Completed in 5862ms
292 timing reifyNode:node_modules/engine.io/node_modules/cookie Completed in 5947ms
293 timing reifyNode:node_modules/node-red-dashboard/node_modules/statuses Completed in 5935ms
294 timing reifyNode:node_modules/node-red-dashboard/node_modules/serve-static Completed in 5942ms
295 timing reifyNode:node_modules/base64id Completed in 5962ms
296 timing reifyNode:node_modules/compression/node_modules/safe-buffer Completed in 5957ms
297 timing reifyNode:node_modules/@types/ws Completed in 5980ms
298 timing reifyNode:node_modules/socket.io-parser/node_modules/debug Completed in 6025ms
299 timing reifyNode:node_modules/socket.io-adapter/node_modules/debug Completed in 6038ms
300 timing reifyNode:node_modules/engine.io/node_modules/debug Completed in 6063ms
301 timing reifyNode:node_modules/socket.io/node_modules/debug Completed in 6053ms
302 timing reifyNode:node_modules/node-red-dashboard/node_modules/send Completed in 6101ms
303 timing reifyNode:node_modules/compression Completed in 6198ms
304 timing reifyNode:node_modules/compression/node_modules/negotiator Completed in 6377ms
305 timing reifyNode:node_modules/node-red-dashboard/node_modules/mime Completed in 6427ms
306 timing reifyNode:node_modules/@socket.io/component-emitter Completed in 6528ms
307 http fetch GET 200 https://registry.npmjs.org/path-to-regexp 6002ms (cache revalidated)
308 timing metavuln:packument:path-to-regexp Completed in 6014ms
309 timing metavuln:load:security-advisory:path-to-regexp:1101850 Completed in 0ms
310 timing metavuln:calculate:security-advisory:path-to-regexp:1101850 Completed in 6021ms
311 timing metavuln:load:security-advisory:path-to-regexp:1105199 Completed in 18ms
312 timing metavuln:calculate:security-advisory:path-to-regexp:1105199 Completed in 6040ms
313 timing metavuln:load:security-advisory:path-to-regexp:1115527 Completed in 6ms
314 timing metavuln:calculate:security-advisory:path-to-regexp:1115527 Completed in 6057ms
315 http fetch GET 200 https://registry.npmjs.org/body-parser 6164ms (cache revalidated)
316 timing metavuln:packument:body-parser Completed in 6173ms
317 timing metavuln:load:security-advisory:body-parser:1123977 Completed in 17ms
318 timing metavuln:calculate:security-advisory:body-parser:1123977 Completed in 6197ms
319 timing metavuln:load:security-advisory:body-parser:1099520 Completed in 10ms
320 timing metavuln:calculate:security-advisory:body-parser:1099520 Completed in 6207ms
321 http fetch GET 200 https://registry.npmjs.org/@babel%2fruntime 6262ms (cache revalidated)
322 timing metavuln:packument:@babel/runtime Completed in 6296ms
323 timing metavuln:load:security-advisory:@babel/runtime:1104000 Completed in 5ms
324 timing metavuln:calculate:security-advisory:@babel/runtime:1104000 Completed in 6305ms
325 http fetch GET 200 https://registry.npmjs.org/axios 6289ms (cache revalidated)
326 timing metavuln:packument:axios Completed in 6305ms
327 timing metavuln:load:security-advisory:axios:1111034 Completed in 4ms
328 timing metavuln:calculate:security-advisory:axios:1111034 Completed in 6314ms
329 timing metavuln:load:security-advisory:axios:1119403 Completed in 1ms
330 timing metavuln:calculate:security-advisory:axios:1119403 Completed in 6304ms
331 timing metavuln:load:security-advisory:axios:1120124 Completed in 3ms
332 timing metavuln:calculate:security-advisory:axios:1120124 Completed in 6297ms
333 timing metavuln:load:security-advisory:axios:1120546 Completed in 2ms
334 timing metavuln:calculate:security-advisory:axios:1120546 Completed in 6304ms
335 timing metavuln:load:security-advisory:axios:1120644 Completed in 2ms
336 timing metavuln:calculate:security-advisory:axios:1120644 Completed in 6307ms
337 timing metavuln:load:security-advisory:axios:1120646 Completed in 1ms
338 timing metavuln:calculate:security-advisory:axios:1120646 Completed in 6311ms
339 timing metavuln:load:security-advisory:axios:1120648 Completed in 3ms
340 timing metavuln:calculate:security-advisory:axios:1120648 Completed in 6316ms
341 timing metavuln:load:security-advisory:axios:1120651 Completed in 2ms
342 timing metavuln:calculate:security-advisory:axios:1120651 Completed in 6323ms
343 timing metavuln:load:security-advisory:axios:1116672 Completed in 0ms
344 timing metavuln:calculate:security-advisory:axios:1116672 Completed in 6327ms
345 timing metavuln:load:security-advisory:axios:1117573 Completed in 1ms
346 timing metavuln:calculate:security-advisory:axios:1117573 Completed in 6324ms
347 timing metavuln:load:security-advisory:axios:1117575 Completed in 1ms
348 timing metavuln:calculate:security-advisory:axios:1117575 Completed in 6332ms
349 timing metavuln:load:security-advisory:axios:1117579 Completed in 1ms
350 timing metavuln:calculate:security-advisory:axios:1117579 Completed in 6334ms
351 timing metavuln:load:security-advisory:axios:1117582 Completed in 1ms
352 timing metavuln:calculate:security-advisory:axios:1117582 Completed in 6344ms
353 timing metavuln:load:security-advisory:axios:1117586 Completed in 0ms
354 timing metavuln:calculate:security-advisory:axios:1117586 Completed in 6345ms
355 timing metavuln:load:security-advisory:axios:1117588 Completed in 1ms
356 timing metavuln:calculate:security-advisory:axios:1117588 Completed in 6347ms
357 timing metavuln:load:security-advisory:axios:1117590 Completed in 0ms
358 timing metavuln:calculate:security-advisory:axios:1117590 Completed in 6350ms
359 timing metavuln:load:security-advisory:axios:1117592 Completed in 1ms
360 timing metavuln:calculate:security-advisory:axios:1117592 Completed in 6354ms
361 timing metavuln:load:security-advisory:axios:1117594 Completed in 22ms
362 timing metavuln:calculate:security-advisory:axios:1117594 Completed in 6378ms
363 timing metavuln:load:security-advisory:axios:1117857 Completed in 1ms
364 timing metavuln:calculate:security-advisory:axios:1117857 Completed in 6381ms
365 timing metavuln:load:security-advisory:axios:1123825 Completed in 2ms
366 timing metavuln:calculate:security-advisory:axios:1123825 Completed in 6387ms
367 timing metavuln:load:security-advisory:axios:1123958 Completed in 1ms
368 timing metavuln:calculate:security-advisory:axios:1123958 Completed in 6391ms
369 timing metavuln:load:security-advisory:axios:1123972 Completed in 9ms
370 timing metavuln:calculate:security-advisory:axios:1123972 Completed in 6403ms
371 timing metavuln:load:security-advisory:axios:1097679 Completed in 8ms
372 timing metavuln:calculate:security-advisory:axios:1097679 Completed in 6418ms
373 http fetch GET 200 https://registry.npmjs.org/minimatch 6336ms (cache revalidated)
374 timing metavuln:packument:minimatch Completed in 6359ms
375 timing metavuln:load:security-advisory:minimatch:1113459 Completed in 1ms
376 timing metavuln:calculate:security-advisory:minimatch:1113459 Completed in 6365ms
377 timing metavuln:load:security-advisory:minimatch:1113538 Completed in 0ms
378 timing metavuln:calculate:security-advisory:minimatch:1113538 Completed in 6363ms
379 timing metavuln:load:security-advisory:minimatch:1113546 Completed in 2ms
380 timing metavuln:calculate:security-advisory:minimatch:1113546 Completed in 6367ms
381 http fetch GET 200 https://registry.npmjs.org/ajv 6508ms (cache revalidated)
382 timing metavuln:packument:ajv Completed in 6522ms
383 timing metavuln:load:security-advisory:ajv:1113715 Completed in 5ms
384 timing metavuln:calculate:security-advisory:ajv:1113715 Completed in 6535ms
385 http fetch GET 200 https://registry.npmjs.org/express 6466ms (cache revalidated)
386 timing metavuln:packument:express Completed in 6491ms
387 timing metavuln:load:security-advisory:express:1100530 Completed in 2ms
388 timing metavuln:calculate:security-advisory:express:1100530 Completed in 6499ms
389 timing metavuln:load:security-advisory:express:1111636 Completed in 6ms
390 timing metavuln:calculate:security-advisory:express:1111636 Completed in 6493ms
391 http fetch GET 200 https://registry.npmjs.org/js-yaml 6482ms (cache revalidated)
392 timing metavuln:packument:js-yaml Completed in 6493ms
393 timing metavuln:load:security-advisory:js-yaml:1112715 Completed in 3ms
394 timing metavuln:calculate:security-advisory:js-yaml:1112715 Completed in 6499ms
395 timing metavuln:load:security-advisory:js-yaml:1121860 Completed in 1ms
396 timing metavuln:calculate:security-advisory:js-yaml:1121860 Completed in 6509ms
397 timing metavuln:load:security-advisory:js-yaml:1123911 Completed in 1ms
398 timing metavuln:calculate:security-advisory:js-yaml:1123911 Completed in 6471ms
399 http fetch GET 200 https://registry.npmjs.org/brace-expansion 6541ms (cache revalidated)
400 timing metavuln:packument:brace-expansion Completed in 6544ms
401 timing metavuln:load:security-advisory:brace-expansion:1105443 Completed in 1ms
402 timing metavuln:calculate:security-advisory:brace-expansion:1105443 Completed in 6557ms
403 timing metavuln:load:security-advisory:brace-expansion:1130588 Completed in 0ms
404 timing metavuln:calculate:security-advisory:brace-expansion:1130588 Completed in 6555ms
405 timing metavuln:load:security-advisory:brace-expansion:1130737 Completed in 0ms
406 timing metavuln:calculate:security-advisory:brace-expansion:1130737 Completed in 6556ms
407 timing metavuln:load:security-advisory:brace-expansion:1115540 Completed in 0ms
408 timing metavuln:calculate:security-advisory:brace-expansion:1115540 Completed in 6558ms
409 timing metavuln:load:security-advisory:brace-expansion:1123897 Completed in 0ms
410 timing metavuln:calculate:security-advisory:brace-expansion:1123897 Completed in 6559ms
411 timing reifyNode:node_modules/socket.io-adapter Completed in 7160ms
412 http fetch GET 200 https://registry.npmjs.org/tar 6484ms (cache revalidated)
413 timing metavuln:packument:tar Completed in 6493ms
414 timing metavuln:load:security-advisory:tar:1112659 Completed in 0ms
415 timing metavuln:calculate:security-advisory:tar:1112659 Completed in 6517ms
416 timing metavuln:load:security-advisory:tar:1113300 Completed in 1ms
417 timing metavuln:calculate:security-advisory:tar:1113300 Completed in 6526ms
418 timing metavuln:load:security-advisory:tar:1113375 Completed in 1ms
419 timing metavuln:calculate:security-advisory:tar:1113375 Completed in 6536ms
420 timing metavuln:load:security-advisory:tar:1114200 Completed in 1ms
421 timing metavuln:calculate:security-advisory:tar:1114200 Completed in 6536ms
422 timing metavuln:load:security-advisory:tar:1114302 Completed in 1ms
423 timing metavuln:calculate:security-advisory:tar:1114302 Completed in 6529ms
424 timing metavuln:load:security-advisory:tar:1120782 Completed in 2ms
425 timing metavuln:calculate:security-advisory:tar:1120782 Completed in 6532ms
426 timing metavuln:load:security-advisory:tar:1114680 Completed in 2ms
427 timing metavuln:calculate:security-advisory:tar:1114680 Completed in 6534ms
428 timing metavuln:load:security-advisory:tar:1123939 Completed in 1ms
429 timing metavuln:calculate:security-advisory:tar:1123939 Completed in 6537ms
430 timing metavuln:load:security-advisory:tar:1123940 Completed in 1ms
431 timing metavuln:calculate:security-advisory:tar:1123940 Completed in 6539ms
432 timing metavuln:load:security-advisory:tar:1123941 Completed in 1ms
433 timing metavuln:calculate:security-advisory:tar:1123941 Completed in 6548ms
434 timing metavuln:load:security-advisory:tar:1123942 Completed in 2ms
435 timing metavuln:calculate:security-advisory:tar:1123942 Completed in 6559ms
436 timing metavuln:load:security-advisory:tar:1124287 Completed in 23ms
437 timing metavuln:calculate:security-advisory:tar:1124287 Completed in 6589ms
438 timing metavuln:load:security-advisory:tar:1097493 Completed in 2ms
439 timing metavuln:calculate:security-advisory:tar:1097493 Completed in 6592ms
440 http fetch GET 200 https://registry.npmjs.org/jsonata 6703ms (cache revalidated)
441 timing metavuln:packument:jsonata Completed in 6718ms
442 timing metavuln:load:security-advisory:jsonata:1130739 Completed in 4ms
443 timing metavuln:calculate:security-advisory:jsonata:1130739 Completed in 6726ms
444 timing metavuln:load:security-advisory:jsonata:1096642 Completed in 3ms
445 timing metavuln:calculate:security-advisory:jsonata:1096642 Completed in 6729ms
446 http fetch GET 200 https://registry.npmjs.org/qs 6726ms (cache revalidated)
447 timing metavuln:packument:qs Completed in 6736ms
448 timing metavuln:load:security-advisory:qs:1113161 Completed in 1ms
449 timing metavuln:calculate:security-advisory:qs:1113161 Completed in 6739ms
450 timing metavuln:load:security-advisory:qs:1113719 Completed in 1ms
451 timing metavuln:calculate:security-advisory:qs:1113719 Completed in 6745ms
452 http fetch GET 200 https://registry.npmjs.org/uuid 6729ms (cache revalidated)
453 timing metavuln:packument:uuid Completed in 6745ms
454 timing metavuln:load:security-advisory:uuid:1119441 Completed in 1ms
455 timing metavuln:calculate:security-advisory:uuid:1119441 Completed in 6762ms
456 http fetch GET 200 https://registry.npmjs.org/form-data 6860ms (cache revalidated)
457 timing metavuln:packument:form-data Completed in 6878ms
458 timing metavuln:load:security-advisory:form-data:1109538 Completed in 1ms
459 timing metavuln:calculate:security-advisory:form-data:1109538 Completed in 6892ms
460 timing metavuln:load:security-advisory:form-data:1120743 Completed in 6ms
461 timing metavuln:calculate:security-advisory:form-data:1120743 Completed in 6905ms
462 timing reifyNode:node_modules/socket.io-adapter/node_modules/ws Completed in 7526ms
463 http fetch GET 200 https://registry.npmjs.org/follow-redirects 6915ms (cache revalidated)
464 timing metavuln:packument:follow-redirects Completed in 6925ms
465 timing metavuln:load:security-advisory:follow-redirects:1109569 Completed in 2ms
466 timing metavuln:calculate:security-advisory:follow-redirects:1109569 Completed in 6940ms
467 timing metavuln:load:security-advisory:follow-redirects:1096856 Completed in 1ms
468 timing metavuln:calculate:security-advisory:follow-redirects:1096856 Completed in 6946ms
469 timing metavuln:load:security-advisory:follow-redirects:1116560 Completed in 0ms
470 timing metavuln:calculate:security-advisory:follow-redirects:1116560 Completed in 6955ms
471 timing reifyNode:node_modules/engine.io/node_modules/ws Completed in 7578ms
472 timing reifyNode:node_modules/socket.io-parser Completed in 7673ms
473 timing reifyNode:node_modules/undici-types Completed in 7704ms
474 timing metavuln:cache:get:security-advisory:i18next:l4tbfjbVOZGuH/00FuoHxAf5DtkJBCMqzu0CQ4juWz1pfNe0diGF78qD/NikjjOQugC9THUj3QGPzO/X2ByTaQ== Completed in 122ms
475 timing reifyNode:node_modules/engine.io-parser Completed in 7711ms
476 timing reifyNode:node_modules/engine.io Completed in 7736ms
477 timing reifyNode:node_modules/gridstack Completed in 7777ms
478 timing reifyNode:node_modules/socket.io Completed in 7872ms
479 http fetch GET 200 https://registry.npmjs.org/i18next 495ms (cache revalidated)
480 timing metavuln:packument:i18next Completed in 526ms
481 timing metavuln:load:security-advisory:i18next:xDaNmlS3J8LRk7IfDb7e9Gp3gcy/xDr1QZXCKC997SMkqKVemm2guY9vQpRI6omD11L5cfCI+STpoAdxUgnVsA== Completed in 4ms
482 timing metavuln:calculate:security-advisory:i18next:xDaNmlS3J8LRk7IfDb7e9Gp3gcy/xDr1QZXCKC997SMkqKVemm2guY9vQpRI6omD11L5cfCI+STpoAdxUgnVsA== Completed in 536ms
483 timing metavuln:cache:get:security-advisory:@node-red/nodes:H6YMUYg6/SnV6KZr5oY58qo8uT8MyYqbcIASNP4wtrJIXjoOzPaJQBXi3dnXzJunHvf18LA6CvYzrBOl4Q33mA== Completed in 70ms
484 timing reifyNode:node_modules/jquery Completed in 8443ms
485 timing reifyNode:node_modules/@types/node Completed in 8625ms
486 warn deprecated node-red-dashboard@3.6.6: No longer maintained - please look at alternatives such as @flowfuse/node-red-dashboard or node-red-contrib-uibuilder
487 timing reifyNode:node_modules/node-red-dashboard Completed in 8792ms
488 timing reify:unpack Completed in 8856ms
489 timing reify:unretire Completed in 1ms
490 timing build:queue Completed in 24ms
491 timing build:link:node_modules/node-red-dashboard/node_modules/mime Completed in 8ms
492 timing build:link Completed in 31ms
493 info run node-red-dashboard@3.6.6 postinstall node_modules/node-red-dashboard node fixgrid.js
494 http fetch GET 200 https://registry.npmjs.org/@node-red%2fnodes 924ms (cache revalidated)
495 timing metavuln:packument:@node-red/nodes Completed in 933ms
496 timing metavuln:load:security-advisory:@node-red/nodes:URErmxoyazZWR5lFcXpgTkGsbkrUBDlzD8W6txjBw2wZoOC7oHjHFfCrRr/VnGeJvbyUY9E2jxrL8p2XbwfP8g== Completed in 1ms
497 timing metavuln:calculate:security-advisory:@node-red/nodes:URErmxoyazZWR5lFcXpgTkGsbkrUBDlzD8W6txjBw2wZoOC7oHjHFfCrRr/VnGeJvbyUY9E2jxrL8p2XbwfP8g== Completed in 941ms
498 info run node-red-dashboard@3.6.6 postinstall { code: 0, signal: null }
499 timing build:run:postinstall:node_modules/node-red-dashboard Completed in 199ms
500 timing build:run:postinstall Completed in 200ms
501 timing build:deps Completed in 280ms
502 timing build Completed in 280ms
503 timing reify:build Completed in 282ms
504 timing reify:trash Completed in 0ms
505 timing reify:save Completed in 374ms
506 timing metavuln:cache:get:security-advisory:node-red-admin:fTQCeOxhqlTGErL49vBwsy40DAG6rtdTeK+9SXXVkx4rmgfwyPQHv696SyAA5D4fW9d/60PJkC6EZKG5HUh+Hw== Completed in 525ms
507 http fetch GET 200 https://registry.npmjs.org/node-red-admin 706ms (cache revalidated)
508 timing metavuln:packument:node-red-admin Completed in 715ms
509 timing metavuln:load:security-advisory:node-red-admin:We3wxcPk9kkn0xwhYIVh3tbSPV88qcTDaObr31jY6FxiY7XBPfg0F6J9WCgTA+9XIQ528JIUG23csmksMa5djw== Completed in 1ms
510 timing metavuln:calculate:security-advisory:node-red-admin:We3wxcPk9kkn0xwhYIVh3tbSPV88qcTDaObr31jY6FxiY7XBPfg0F6J9WCgTA+9XIQ528JIUG23csmksMa5djw== Completed in 719ms
511 timing metavuln:cache:get:security-advisory:express:uYweQZJrzHqFLWrgN/fzET7ZS/ExJNOtjKfhPRnZqEoPxRdT+XltnvMhZuE8SWSHEjEC9nrk2rtf/sDLZyYP0g== Completed in 177ms
512 timing metavuln:load:security-advisory:express:pig1SyrSKsjwjwwwj/jcD4mcNcfTO4pdo3Rc4tPJdqhmmrNQQn7BKDC6fAaFHDO30oyQ3Itoq6p8rLy4sFuQDg== Completed in 2ms
513 timing metavuln:calculate:security-advisory:express:pig1SyrSKsjwjwwwj/jcD4mcNcfTO4pdo3Rc4tPJdqhmmrNQQn7BKDC6fAaFHDO30oyQ3Itoq6p8rLy4sFuQDg== Completed in 181ms
514 timing metavuln:cache:get:security-advisory:@node-red/nodes:ZJ4ITaLe7jEcGpQppmo/KdnZTzBJ9xtLGsn26p6W1fvVJkp1OtYNwMqez3dKiJUfOcQeRZeKpu+jqwOtiZEB6A== Completed in 182ms
515 timing metavuln:load:security-advisory:@node-red/nodes:pig1SyrSKsjwjwwwj/jcD4mcNcfTO4pdo3Rc4tPJdqhmmrNQQn7BKDC6fAaFHDO30oyQ3Itoq6p8rLy4sFuQDg== Completed in 1ms
516 timing metavuln:calculate:security-advisory:@node-red/nodes:pig1SyrSKsjwjwwwj/jcD4mcNcfTO4pdo3Rc4tPJdqhmmrNQQn7BKDC6fAaFHDO30oyQ3Itoq6p8rLy4sFuQDg== Completed in 193ms
517 timing metavuln:cache:get:security-advisory:@node-red/editor-api:tWKJWUn99hESwZMeEif2lA3YF1CLl+ma+0kXuRVyIhhsxGXB0z5TF8V0iLyLRkf2xGzZyFDs/zjlI8xNgbajRA== Completed in 205ms
518 http fetch GET 200 https://registry.npmjs.org/@node-red%2feditor-api 935ms (cache revalidated)
519 timing metavuln:packument:@node-red/editor-api Completed in 945ms
520 timing metavuln:load:security-advisory:@node-red/editor-api:pig1SyrSKsjwjwwwj/jcD4mcNcfTO4pdo3Rc4tPJdqhmmrNQQn7BKDC6fAaFHDO30oyQ3Itoq6p8rLy4sFuQDg== Completed in 3ms
521 timing metavuln:calculate:security-advisory:@node-red/editor-api:pig1SyrSKsjwjwwwj/jcD4mcNcfTO4pdo3Rc4tPJdqhmmrNQQn7BKDC6fAaFHDO30oyQ3Itoq6p8rLy4sFuQDg== Completed in 949ms
522 timing metavuln:cache:get:security-advisory:minimatch:EdzP79sukXfwnaTxyFO/a1+fXPBBvIH9NlsgWGTGWGSpQkNPxYQxFaMxiKCAwfckwBABbsvD1jCrk+QZ4W56Rw== Completed in 41ms
523 timing metavuln:load:security-advisory:minimatch:7IQMvcVTr+svbh5KCx4Kl6FQKJ1GciM03BnJAve/5WYJjUeRzKAIrStVpfachbl3T6a7o8nYlQEVG6Ih0TNXRg== Completed in 1ms
524 timing metavuln:calculate:security-advisory:minimatch:7IQMvcVTr+svbh5KCx4Kl6FQKJ1GciM03BnJAve/5WYJjUeRzKAIrStVpfachbl3T6a7o8nYlQEVG6Ih0TNXRg== Completed in 42ms
525 timing metavuln:cache:get:security-advisory:cookie-parser:wMGY3CTwe1TilEBppkXmFEhwLd0qajxRq2E+aSYE5xmodo241jSbmUsYne+laUgMsb4eY82rGeNCJeLwFX3edQ== Completed in 57ms
526 timing metavuln:cache:get:security-advisory:express-session:RFFw5smL0rZuDKrfLxn6699poueLzOCubLBSzyfAqaGQ6Eq4WbWvd70fXxwEsYVZTTDGSh5+AhanApzKk8vNmQ== Completed in 57ms
527 timing metavuln:cache:get:security-advisory:@node-red/nodes:GrFu1PUuV0hJAN8B8Bmfp/F/aPV9iT/r+tULQi1NQiXvg5DwKywK9tEeDyLgLedgDqWkiFbiwe9QGGSrrmKIdg== Completed in 62ms
528 timing metavuln:load:security-advisory:@node-red/nodes:EFt7h/FZLeopARa06+F2CBY5ItUm007mP/cHgZjTJZX1MeIwg3JD7toSioRoDeE8wm5VdkimqlS+CnuPhZqbIg== Completed in 1ms
529 timing metavuln:calculate:security-advisory:@node-red/nodes:EFt7h/FZLeopARa06+F2CBY5ItUm007mP/cHgZjTJZX1MeIwg3JD7toSioRoDeE8wm5VdkimqlS+CnuPhZqbIg== Completed in 64ms
530 timing metavuln:cache:get:security-advisory:express:sb5aHYxuv7oTd2v1ApotGTTuwOWqb9o3qRQ2W5Aju5V6v7nYbGS+2GR0OxQkrB3Sgzu051IbP4LwzpKgrH2WGQ== Completed in 63ms
531 timing metavuln:load:security-advisory:express:EFt7h/FZLeopARa06+F2CBY5ItUm007mP/cHgZjTJZX1MeIwg3JD7toSioRoDeE8wm5VdkimqlS+CnuPhZqbIg== Completed in 2ms
532 timing metavuln:calculate:security-advisory:express:EFt7h/FZLeopARa06+F2CBY5ItUm007mP/cHgZjTJZX1MeIwg3JD7toSioRoDeE8wm5VdkimqlS+CnuPhZqbIg== Completed in 67ms
533 http fetch GET 200 https://registry.npmjs.org/express-session 253ms (cache revalidated)
534 timing metavuln:packument:express-session Completed in 259ms
535 timing metavuln:load:security-advisory:express-session:EFt7h/FZLeopARa06+F2CBY5ItUm007mP/cHgZjTJZX1MeIwg3JD7toSioRoDeE8wm5VdkimqlS+CnuPhZqbIg== Completed in 1ms
536 timing metavuln:calculate:security-advisory:express-session:EFt7h/FZLeopARa06+F2CBY5ItUm007mP/cHgZjTJZX1MeIwg3JD7toSioRoDeE8wm5VdkimqlS+CnuPhZqbIg== Completed in 262ms
537 http fetch GET 200 https://registry.npmjs.org/cookie-parser 353ms (cache revalidated)
538 timing metavuln:packument:cookie-parser Completed in 357ms
539 timing metavuln:load:security-advisory:cookie-parser:EFt7h/FZLeopARa06+F2CBY5ItUm007mP/cHgZjTJZX1MeIwg3JD7toSioRoDeE8wm5VdkimqlS+CnuPhZqbIg== Completed in 0ms
540 timing metavuln:calculate:security-advisory:cookie-parser:EFt7h/FZLeopARa06+F2CBY5ItUm007mP/cHgZjTJZX1MeIwg3JD7toSioRoDeE8wm5VdkimqlS+CnuPhZqbIg== Completed in 358ms
541 timing metavuln:cache:get:security-advisory:@node-red/editor-api:gkn5Wz4IsqobDVSdpQdUio9y1kbpQGMb3svHjFogB9fBkchzVdfM4pyOgOf5R0BwzitPePcqyc4D7dKs3cWyJA== Completed in 26ms
542 timing metavuln:load:security-advisory:@node-red/editor-api:Y6ACp2DmYM+0HQ/I8CvEhLQJwNp8DOoQ76C8ObH06Y0qG40PIuVRmOi3OWzwUOTASTLCIWqeicWSO/acR3aaGQ== Completed in 1ms
543 timing metavuln:calculate:security-advisory:@node-red/editor-api:Y6ACp2DmYM+0HQ/I8CvEhLQJwNp8DOoQ76C8ObH06Y0qG40PIuVRmOi3OWzwUOTASTLCIWqeicWSO/acR3aaGQ== Completed in 36ms
544 timing metavuln:cache:get:security-advisory:@node-red/runtime:4egPVIOfn1+81vt/C0cRku0gkOaAc25MIw5p8uHJucOGWrIVAuWstyEi59LfBBkuWnuUTg2Afaf1m8w9rNoFLw== Completed in 35ms
545 timing metavuln:cache:get:security-advisory:node-red:7ONkx0AukNofVjhHOBVwT+PIvQ+VOcE+wAZoRMgPQP1uYDah+cRjZhuuVlBBpyYzoYKOynEJQNu00WUmepptOw== Completed in 34ms
546 http fetch GET 200 https://registry.npmjs.org/@node-red%2fruntime 348ms (cache revalidated)
547 timing metavuln:packument:@node-red/runtime Completed in 369ms
548 timing metavuln:load:security-advisory:@node-red/runtime:Y6ACp2DmYM+0HQ/I8CvEhLQJwNp8DOoQ76C8ObH06Y0qG40PIuVRmOi3OWzwUOTASTLCIWqeicWSO/acR3aaGQ== Completed in 3ms
549 timing metavuln:calculate:security-advisory:@node-red/runtime:Y6ACp2DmYM+0HQ/I8CvEhLQJwNp8DOoQ76C8ObH06Y0qG40PIuVRmOi3OWzwUOTASTLCIWqeicWSO/acR3aaGQ== Completed in 372ms
550 http fetch GET 200 https://registry.npmjs.org/node-red 373ms (cache revalidated)
551 timing metavuln:packument:node-red Completed in 382ms
552 timing metavuln:load:security-advisory:node-red:Y6ACp2DmYM+0HQ/I8CvEhLQJwNp8DOoQ76C8ObH06Y0qG40PIuVRmOi3OWzwUOTASTLCIWqeicWSO/acR3aaGQ== Completed in 4ms
553 timing metavuln:calculate:security-advisory:node-red:Y6ACp2DmYM+0HQ/I8CvEhLQJwNp8DOoQ76C8ObH06Y0qG40PIuVRmOi3OWzwUOTASTLCIWqeicWSO/acR3aaGQ== Completed in 388ms
554 timing metavuln:cache:get:security-advisory:axios:/SV6pkSV0pxwG9g+eYbOx4XvVUqnFHMphxCf9Ku6J2UxW5vXiVzWkBWVe7MBXreUkfqBVBCg0Wcz+pTdOxJvYQ== Completed in 38ms
555 timing metavuln:load:security-advisory:axios:3NqE18TAUt4qyZjI0VKQQxqYNOTvBqFH3gieybQ0RWyNPvn3DFkBdXljf6AprPUbU5Zy8Np7TzSCoFP2Lo706g== Completed in 1ms
556 timing metavuln:calculate:security-advisory:axios:3NqE18TAUt4qyZjI0VKQQxqYNOTvBqFH3gieybQ0RWyNPvn3DFkBdXljf6AprPUbU5Zy8Np7TzSCoFP2Lo706g== Completed in 41ms
557 timing metavuln:cache:get:security-advisory:axios:C2fIAmAB2uOvlfUuWl4nar/gbg/mmHzmzeMphxDBwRWYxDXxg8Ta1mzTq6jDIuRTZqkNY/kJ4g85IdHIaKaoPQ== Completed in 34ms
558 timing metavuln:load:security-advisory:axios:QHwSQK89tp8y8NaEB/BmWWPJbFRmcqxbWkKungy6gPoWDFe3Fp6pmP2eW7jh8ZiRT8rEqJsege91INZ02VqjRw== Completed in 0ms
559 timing metavuln:calculate:security-advisory:axios:QHwSQK89tp8y8NaEB/BmWWPJbFRmcqxbWkKungy6gPoWDFe3Fp6pmP2eW7jh8ZiRT8rEqJsege91INZ02VqjRw== Completed in 36ms
560 timing metavuln:cache:get:security-advisory:@node-red/nodes:Pdpp+6OQoxeLWEp01EoUhygep9frRmYevZ4PTIyQi+X1eFxwlALrMpg5UXkGhYv2Lwx61xDyzngNL5LxbR3Itg== Completed in 44ms
561 timing metavuln:load:security-advisory:@node-red/nodes:QHwSQK89tp8y8NaEB/BmWWPJbFRmcqxbWkKungy6gPoWDFe3Fp6pmP2eW7jh8ZiRT8rEqJsege91INZ02VqjRw== Completed in 2ms
562 timing metavuln:calculate:security-advisory:@node-red/nodes:QHwSQK89tp8y8NaEB/BmWWPJbFRmcqxbWkKungy6gPoWDFe3Fp6pmP2eW7jh8ZiRT8rEqJsege91INZ02VqjRw== Completed in 47ms
563 timing metavuln:cache:get:security-advisory:@node-red/nodes:+IT85FxfxGHdihmzBfF9QOHn2k88tptJmtvpQVnyCXjPWKivH9/gtC2J7FEaasbLVCrBIHgLpn7mzbA2nan9Cw== Completed in 41ms
564 timing metavuln:load:security-advisory:@node-red/nodes:621IdjBdZEeVoUcjWGl1jXN0jFDGaf7dIQMeaPVKf5MxqYprJztiOC0OHOUPVoayh7Cq/fTC8L5CqEb98qlE7w== Completed in 1ms
565 timing metavuln:calculate:security-advisory:@node-red/nodes:621IdjBdZEeVoUcjWGl1jXN0jFDGaf7dIQMeaPVKf5MxqYprJztiOC0OHOUPVoayh7Cq/fTC8L5CqEb98qlE7w== Completed in 48ms
566 timing metavuln:cache:get:security-advisory:@node-red/util:VcKKpWjQUM4W4QTvOkPmXG/mn3NCJCuNJRda3aF2ZhpnuIDqOkPLnoaF6cETEA+oCJvfpAx/6qvj/VNKuGgMJg== Completed in 71ms
567 http fetch GET 200 https://registry.npmjs.org/@node-red%2futil 472ms (cache revalidated)
568 timing metavuln:packument:@node-red/util Completed in 480ms
569 timing metavuln:load:security-advisory:@node-red/util:Hfyj/dsKBv3mS0CXibFI/3oObAH3HN7f2BwiCOU+VmsorA9YgDKrvSltd7CFT+O+t2T2uzzx3rNQ6Td/+fELCg== Completed in 1ms
570 timing metavuln:calculate:security-advisory:@node-red/util:Hfyj/dsKBv3mS0CXibFI/3oObAH3HN7f2BwiCOU+VmsorA9YgDKrvSltd7CFT+O+t2T2uzzx3rNQ6Td/+fELCg== Completed in 485ms
571 timing metavuln:cache:get:security-advisory:glob:SiaR+x876RZ4PrtFfgITl2I3eRZNkCbXOr2JdOKzsfFOqrFtyoEMmqMabD5D9LbuunJXr2ioG0JXsVQhURvrcw== Completed in 24ms
572 http fetch GET 200 https://registry.npmjs.org/glob 159ms (cache revalidated)
573 timing metavuln:packument:glob Completed in 165ms
574 timing metavuln:load:security-advisory:glob:V/3cIcyAQcG1bwuH0e0PI9Qt5WRtbvb/WOz2mBxAfNzXf+Dvs9G1X05eHjnPq2b0TJY4zXXpqhCAkRAipgk3iQ== Completed in 1ms
575 timing metavuln:calculate:security-advisory:glob:V/3cIcyAQcG1bwuH0e0PI9Qt5WRtbvb/WOz2mBxAfNzXf+Dvs9G1X05eHjnPq2b0TJY4zXXpqhCAkRAipgk3iQ== Completed in 169ms
576 timing metavuln:cache:get:security-advisory:express-session:wMNaFhKiShCC1n8d6Vurah9Tg+OH6hUJ0QyqEQKikAdNih2n7c9rl9FOYr1SwuYmy95c0qUaicIh2p5dg7pDSQ== Completed in 19ms
577 timing metavuln:load:security-advisory:express-session:O+Ys/f4bZubU3jA9Sqz4HIIJaATwc83W201O653Eo/4y8FTwrgSc3mrXs4p8n7svj0OzipJYTBXXWJCgp81mSQ== Completed in 0ms
578 timing metavuln:calculate:security-advisory:express-session:O+Ys/f4bZubU3jA9Sqz4HIIJaATwc83W201O653Eo/4y8FTwrgSc3mrXs4p8n7svj0OzipJYTBXXWJCgp81mSQ== Completed in 20ms
579 timing metavuln:cache:get:security-advisory:@node-red/nodes:Q7iapCtnygJZCyD0re43aRTgNV6rqiLCe5YfF7jJmRmddASHaClkQ7D3c8k1o6yHD+2SZQ7+Zvunr5k280hFFQ== Completed in 20ms
580 timing metavuln:load:security-advisory:@node-red/nodes:O+Ys/f4bZubU3jA9Sqz4HIIJaATwc83W201O653Eo/4y8FTwrgSc3mrXs4p8n7svj0OzipJYTBXXWJCgp81mSQ== Completed in 1ms
581 timing metavuln:calculate:security-advisory:@node-red/nodes:O+Ys/f4bZubU3jA9Sqz4HIIJaATwc83W201O653Eo/4y8FTwrgSc3mrXs4p8n7svj0OzipJYTBXXWJCgp81mSQ== Completed in 22ms
582 timing metavuln:cache:get:security-advisory:express:LRbUnr0WeU21QXyqYq0LKWnxCksZVHamePIRXV3//T9Aj7u3VWNsnM6K5ujI/Z6dfOKKNzbMDayMt+lQ7d6K3A== Completed in 38ms
583 timing metavuln:load:security-advisory:express:1zdQfT/2s1/9HPIPcJl7TnWCFxsytt3sSe7T+xPf8FNpp2H4co4yvyKagGg4lKEjTVlcftvXdieAZPONp1djoQ== Completed in 2ms
584 timing metavuln:calculate:security-advisory:express:1zdQfT/2s1/9HPIPcJl7TnWCFxsytt3sSe7T+xPf8FNpp2H4co4yvyKagGg4lKEjTVlcftvXdieAZPONp1djoQ== Completed in 43ms
585 timing metavuln:cache:get:security-advisory:body-parser:SVY1QJwUSfML2NehOGcSVstcXKS/eDua/5V2EUmKoUvvslju7nOUuG2U2s8Ab8JiwWLyYwOKkJuQtb6QCoInhg== Completed in 28ms
586 timing metavuln:load:security-advisory:body-parser:vVSN+MRVpdux32gCUfPGidHUGmS/0G5Ziwtmb1YXw3NARw1r47LtySeR7yFf/LZ4sKzi41443WWDDZzPHuCh9g== Completed in 2ms
587 timing metavuln:calculate:security-advisory:body-parser:vVSN+MRVpdux32gCUfPGidHUGmS/0G5Ziwtmb1YXw3NARw1r47LtySeR7yFf/LZ4sKzi41443WWDDZzPHuCh9g== Completed in 32ms
588 timing metavuln:cache:get:security-advisory:express:Qxs0t5MAyfWkxZXrn5d46toL85dY/eYqwQswCjVN3ze7zcZExphuyuGvmDChb/mvSc6A1P848uOkCDpJiTx7sA== Completed in 32ms
589 timing metavuln:load:security-advisory:express:vVSN+MRVpdux32gCUfPGidHUGmS/0G5Ziwtmb1YXw3NARw1r47LtySeR7yFf/LZ4sKzi41443WWDDZzPHuCh9g== Completed in 2ms
590 timing metavuln:calculate:security-advisory:express:vVSN+MRVpdux32gCUfPGidHUGmS/0G5Ziwtmb1YXw3NARw1r47LtySeR7yFf/LZ4sKzi41443WWDDZzPHuCh9g== Completed in 38ms
591 timing metavuln:cache:get:security-advisory:express:icN4Z/CnJ3HexuuTzhvyFELlcl9Ayp336wmeTAuWjfT/hbRPW+ZwueDz6SD9ycRuIKM/WmBUFAjzHNHL3NFgtQ== Completed in 25ms
592 timing metavuln:load:security-advisory:express:8NP35PpfDEVbqnzPdc9zuVQOxwpjeCWA/vn7Q9SplgLVmZPjGaDssuEM0QllxNS2U4IM79h+Qp8GEO0schn/xw== Completed in 5ms
593 timing metavuln:calculate:security-advisory:express:8NP35PpfDEVbqnzPdc9zuVQOxwpjeCWA/vn7Q9SplgLVmZPjGaDssuEM0QllxNS2U4IM79h+Qp8GEO0schn/xw== Completed in 31ms
594 timing metavuln:cache:get:security-advisory:serve-static:VMA9Xvj5QO+jz0WZF77roG80h0vr8/yqXqCDcQHHVJmej+4wy5CoagzzI0fzX0hekO2hxhcidoF4uBR9z8aY1Q== Completed in 33ms
595 timing metavuln:load:security-advisory:serve-static:8NP35PpfDEVbqnzPdc9zuVQOxwpjeCWA/vn7Q9SplgLVmZPjGaDssuEM0QllxNS2U4IM79h+Qp8GEO0schn/xw== Completed in 1ms
596 timing metavuln:calculate:security-advisory:serve-static:8NP35PpfDEVbqnzPdc9zuVQOxwpjeCWA/vn7Q9SplgLVmZPjGaDssuEM0QllxNS2U4IM79h+Qp8GEO0schn/xw== Completed in 34ms
597 timing metavuln:cache:get:security-advisory:express:kykTo4VuC2rM2MB0/ANQ51tOegcUPd67Lh4iIK7TUUpqt61eQaJ70XtItcffrJ8PoIYxwtnuqm5DJGT19JMA/A== Completed in 24ms
598 timing metavuln:load:security-advisory:express:VyBBWzRCPk4QPwU71mkZJ+QZdwW0bnbx/lUJDdvhij3t67jGrB4z2A5Ryyta1VjZgpmZ9kuyannc46B7jSSuiQ== Completed in 2ms
599 timing metavuln:calculate:security-advisory:express:VyBBWzRCPk4QPwU71mkZJ+QZdwW0bnbx/lUJDdvhij3t67jGrB4z2A5Ryyta1VjZgpmZ9kuyannc46B7jSSuiQ== Completed in 27ms
600 timing metavuln:cache:get:security-advisory:@mapbox/node-pre-gyp:AwnVuVUFqVnPfq5n1V9r83xD25HDCYpV7ws8YnGmozy04XUqf6i2qYt7o659eFxFO96sEh4mNuIX+QZPlcUYUA== Completed in 36ms
601 timing metavuln:cache:get:security-advisory:@node-red/registry:FOQxS4/pCCKeu9vnR4uaJ/Dh6KboKU3arM031ERhj5Lk1v7TiAu6GZh8oC/M0ktCbgS5twwkOeqzKMy3GUjBCg== Completed in 39ms
602 http fetch GET 200 https://registry.npmjs.org/@mapbox%2fnode-pre-gyp 187ms (cache revalidated)
603 timing metavuln:packument:@mapbox/node-pre-gyp Completed in 190ms
604 timing metavuln:load:security-advisory:@mapbox/node-pre-gyp:qPQeYPFDBIedTWfYK3sbnScF6Ha7ouTs+wgndnz4PT5P+/K+GBD4epoPcYpXlu6AC7gSJlCJTJeuKbYAFoK9PA== Completed in 1ms
605 timing metavuln:calculate:security-advisory:@mapbox/node-pre-gyp:qPQeYPFDBIedTWfYK3sbnScF6Ha7ouTs+wgndnz4PT5P+/K+GBD4epoPcYpXlu6AC7gSJlCJTJeuKbYAFoK9PA== Completed in 191ms
606 http fetch GET 200 https://registry.npmjs.org/@node-red%2fregistry -319ms (cache revalidated)
607 timing metavuln:packument:@node-red/registry Completed in -276ms
608 timing metavuln:load:security-advisory:@node-red/registry:qPQeYPFDBIedTWfYK3sbnScF6Ha7ouTs+wgndnz4PT5P+/K+GBD4epoPcYpXlu6AC7gSJlCJTJeuKbYAFoK9PA== Completed in 9ms
609 timing metavuln:calculate:security-advisory:@node-red/registry:qPQeYPFDBIedTWfYK3sbnScF6Ha7ouTs+wgndnz4PT5P+/K+GBD4epoPcYpXlu6AC7gSJlCJTJeuKbYAFoK9PA== Completed in -261ms
610 timing metavuln:cache:get:security-advisory:@node-red/nodes:qm7Br2yrD9HNXpOx4I21yWlJzB7bb7K3tQ7B2gBAh+xMGxDc1VbN5vVi8oUajZq6yDlLUH1ay4xE12QpJaaOHA== Completed in 65ms
611 timing metavuln:load:security-advisory:@node-red/nodes:fjKShcKspemxj7050oTyq4F6Ys6oXOzZoO3QUapp6PgJCcrmTMbXQaxkcJ1QLLNHzsQ9sgLuhrlezjv+hoSUhg== Completed in 6ms
612 timing metavuln:calculate:security-advisory:@node-red/nodes:fjKShcKspemxj7050oTyq4F6Ys6oXOzZoO3QUapp6PgJCcrmTMbXQaxkcJ1QLLNHzsQ9sgLuhrlezjv+hoSUhg== Completed in 73ms
613 timing metavuln:cache:get:security-advisory:mqtt:Vif5m5D6xpXuSfeO/lRNOvXOgxh4Iy9Y8JKJy46LCRufE1qdus8BIjeXZ00s1bkJve/2rDFcJ4Lj90LhfYokzA== Completed in 24ms
614 timing metavuln:cache:get:security-advisory:@node-red/editor-api:F7T9TqsoiwPglpFxqdjqxiJaemxeRLwN4/VQrr4Uc9ZIqEUPTn5vh8PZKbo17i8GEV8EFQjgPJRMm+6efF30ng== Completed in 32ms
615 timing metavuln:load:security-advisory:@node-red/editor-api:NDzUiGrGJBp8DoZzCon7azLP0LOhVnGY7xx297BjzjnqdtYDRMANm8/0AgR35WeUhDSySlgbQWbt14Y+mmTBwg== Completed in 2ms
616 timing metavuln:calculate:security-advisory:@node-red/editor-api:NDzUiGrGJBp8DoZzCon7azLP0LOhVnGY7xx297BjzjnqdtYDRMANm8/0AgR35WeUhDSySlgbQWbt14Y+mmTBwg== Completed in 44ms
617 timing metavuln:cache:get:security-advisory:@node-red/nodes:eoL3t6XphSnVyhvT/zWALq5gm14Kb1zfembQTvTH0bjkXRWPNxjksBDjor799VUH7+PspIx/Kk9CGoHGDax3hg== Completed in 47ms
618 timing metavuln:load:security-advisory:@node-red/nodes:NDzUiGrGJBp8DoZzCon7azLP0LOhVnGY7xx297BjzjnqdtYDRMANm8/0AgR35WeUhDSySlgbQWbt14Y+mmTBwg== Completed in 6ms
619 timing metavuln:calculate:security-advisory:@node-red/nodes:NDzUiGrGJBp8DoZzCon7azLP0LOhVnGY7xx297BjzjnqdtYDRMANm8/0AgR35WeUhDSySlgbQWbt14Y+mmTBwg== Completed in 61ms
620 http fetch GET 200 https://registry.npmjs.org/mqtt 286ms (cache revalidated)
621 timing metavuln:packument:mqtt Completed in 308ms
622 timing metavuln:load:security-advisory:mqtt:NDzUiGrGJBp8DoZzCon7azLP0LOhVnGY7xx297BjzjnqdtYDRMANm8/0AgR35WeUhDSySlgbQWbt14Y+mmTBwg== Completed in 0ms
623 timing metavuln:calculate:security-advisory:mqtt:NDzUiGrGJBp8DoZzCon7azLP0LOhVnGY7xx297BjzjnqdtYDRMANm8/0AgR35WeUhDSySlgbQWbt14Y+mmTBwg== Completed in 311ms
624 timing metavuln:cache:get:security-advisory:node-red:ifZs3yl9Fx23g+rDXTC5qbROL1Ljam4AeMBo1x6x9xw+jx6qybR0xBr0nDzWLE7Dh3LHHkcV1cC2YVBhZLHdhA== Completed in 66ms
625 timing metavuln:load:security-advisory:node-red:H6YMUYg6/SnV6KZr5oY58qo8uT8MyYqbcIASNP4wtrJIXjoOzPaJQBXi3dnXzJunHvf18LA6CvYzrBOl4Q33mA== Completed in 1ms
626 timing metavuln:calculate:security-advisory:node-red:H6YMUYg6/SnV6KZr5oY58qo8uT8MyYqbcIASNP4wtrJIXjoOzPaJQBXi3dnXzJunHvf18LA6CvYzrBOl4Q33mA== Completed in 81ms
627 timing metavuln:cache:get:security-advisory:node-red:4V8gvXskk8tYe/BCkSg7PLbLbdQL8Ejn5BhIeG6cetzWgiOH+3I6/Gnm9aGsYC86yYCOva5gaIp/gS9+PBNj/Q== Completed in 60ms
628 timing metavuln:load:security-advisory:node-red:fTQCeOxhqlTGErL49vBwsy40DAG6rtdTeK+9SXXVkx4rmgfwyPQHv696SyAA5D4fW9d/60PJkC6EZKG5HUh+Hw== Completed in 1ms
629 timing metavuln:calculate:security-advisory:node-red:fTQCeOxhqlTGErL49vBwsy40DAG6rtdTeK+9SXXVkx4rmgfwyPQHv696SyAA5D4fW9d/60PJkC6EZKG5HUh+Hw== Completed in 64ms
630 timing metavuln:cache:get:security-advisory:node-red:P4g3IeOWGzHk69N+crF3DGFyiYyl+kOQbMt7EGfnGrVZsWE2bgBXG8An1sIQ1QnJTRIo5VK0WT75qP/MCUpdEQ== Completed in 18ms
631 timing metavuln:load:security-advisory:node-red:tWKJWUn99hESwZMeEif2lA3YF1CLl+ma+0kXuRVyIhhsxGXB0z5TF8V0iLyLRkf2xGzZyFDs/zjlI8xNgbajRA== Completed in 1ms
632 timing metavuln:calculate:security-advisory:node-red:tWKJWUn99hESwZMeEif2lA3YF1CLl+ma+0kXuRVyIhhsxGXB0z5TF8V0iLyLRkf2xGzZyFDs/zjlI8xNgbajRA== Completed in 20ms
633 timing metavuln:cache:get:security-advisory:@node-red/editor-api:AnIpJLo5eupbXMWU5m83qXSjUOBicgmN34ZhbFpsOxhuSq0TWdT0xYd3GANtfLt4IQB73Eox0BRgk0cAvBtDNg== Completed in 19ms
634 timing metavuln:load:security-advisory:@node-red/editor-api:RFFw5smL0rZuDKrfLxn6699poueLzOCubLBSzyfAqaGQ6Eq4WbWvd70fXxwEsYVZTTDGSh5+AhanApzKk8vNmQ== Completed in 1ms
635 timing metavuln:calculate:security-advisory:@node-red/editor-api:RFFw5smL0rZuDKrfLxn6699poueLzOCubLBSzyfAqaGQ6Eq4WbWvd70fXxwEsYVZTTDGSh5+AhanApzKk8vNmQ== Completed in 22ms
636 timing metavuln:cache:get:security-advisory:@node-red/nodes:0kdEYrHJRgkIy/7p3TgmmKqTzqqqt+ACFZfO3+6T2BBSrzu8gOJcClid0u0JcH44gsavTnNZwtTLjSIWDOsT5g== Completed in 17ms
637 timing metavuln:load:security-advisory:@node-red/nodes:wMGY3CTwe1TilEBppkXmFEhwLd0qajxRq2E+aSYE5xmodo241jSbmUsYne+laUgMsb4eY82rGeNCJeLwFX3edQ== Completed in 1ms
638 timing metavuln:calculate:security-advisory:@node-red/nodes:wMGY3CTwe1TilEBppkXmFEhwLd0qajxRq2E+aSYE5xmodo241jSbmUsYne+laUgMsb4eY82rGeNCJeLwFX3edQ== Completed in 19ms
639 timing metavuln:cache:get:security-advisory:node-red:1j+4rZzTWIiZTeSoulNnEiSDvFmjQMKgfflrhepRZOD4jDnaKD4A9kR8Iqsm2DMmlWXak1u1H6TYxcyLXHo6zA== Completed in 18ms
640 timing metavuln:load:security-advisory:node-red:4egPVIOfn1+81vt/C0cRku0gkOaAc25MIw5p8uHJucOGWrIVAuWstyEi59LfBBkuWnuUTg2Afaf1m8w9rNoFLw== Completed in 1ms
641 timing metavuln:calculate:security-advisory:node-red:4egPVIOfn1+81vt/C0cRku0gkOaAc25MIw5p8uHJucOGWrIVAuWstyEi59LfBBkuWnuUTg2Afaf1m8w9rNoFLw== Completed in 21ms
642 timing metavuln:cache:get:security-advisory:node-red:JDSVPQ8yaMyedVeSrpOq4zAV+Bf3V1l/GhzY/S+BujdzCJlqBzgnCFc/jhexdsfAgSs33Q0PLmD+be6qsBznSQ== Completed in 21ms
643 timing metavuln:load:security-advisory:node-red:VcKKpWjQUM4W4QTvOkPmXG/mn3NCJCuNJRda3aF2ZhpnuIDqOkPLnoaF6cETEA+oCJvfpAx/6qvj/VNKuGgMJg== Completed in 1ms
644 timing metavuln:calculate:security-advisory:node-red:VcKKpWjQUM4W4QTvOkPmXG/mn3NCJCuNJRda3aF2ZhpnuIDqOkPLnoaF6cETEA+oCJvfpAx/6qvj/VNKuGgMJg== Completed in 23ms
645 timing metavuln:cache:get:security-advisory:@node-red/registry:43vd7z++rMRzkmSbvwSHTIQpLzgX1eAPRfEzSoYI0bpYFwGpN98LfgtEn9OBqK5HCaC7h24drTTDySKYzkM0Uw== Completed in 25ms
646 timing metavuln:load:security-advisory:@node-red/registry:VcKKpWjQUM4W4QTvOkPmXG/mn3NCJCuNJRda3aF2ZhpnuIDqOkPLnoaF6cETEA+oCJvfpAx/6qvj/VNKuGgMJg== Completed in 0ms
647 timing metavuln:calculate:security-advisory:@node-red/registry:VcKKpWjQUM4W4QTvOkPmXG/mn3NCJCuNJRda3aF2ZhpnuIDqOkPLnoaF6cETEA+oCJvfpAx/6qvj/VNKuGgMJg== Completed in 29ms
648 timing metavuln:cache:get:security-advisory:@node-red/runtime:mMe9ezEgUeAgqzhUSvCstRKP62LdsaLkYuxJgNU3OwHF1qSL07CAG9VFHHLibSTYgP0B53UTBf7MDCeF1aqK7A== Completed in 30ms
649 timing metavuln:load:security-advisory:@node-red/runtime:VcKKpWjQUM4W4QTvOkPmXG/mn3NCJCuNJRda3aF2ZhpnuIDqOkPLnoaF6cETEA+oCJvfpAx/6qvj/VNKuGgMJg== Completed in 1ms
650 timing metavuln:calculate:security-advisory:@node-red/runtime:VcKKpWjQUM4W4QTvOkPmXG/mn3NCJCuNJRda3aF2ZhpnuIDqOkPLnoaF6cETEA+oCJvfpAx/6qvj/VNKuGgMJg== Completed in 31ms
651 timing metavuln:cache:get:security-advisory:@node-red/editor-api:Z3MrlPrGIOJa7GzklZLU/IoxV3FKxNs7gydPmctc4/ParcZFhsdKpADiHH/22IsGh6PXXCf6pyccjFbpAbGn/Q== Completed in 32ms
652 timing metavuln:load:security-advisory:@node-red/editor-api:VcKKpWjQUM4W4QTvOkPmXG/mn3NCJCuNJRda3aF2ZhpnuIDqOkPLnoaF6cETEA+oCJvfpAx/6qvj/VNKuGgMJg== Completed in 1ms
653 timing metavuln:calculate:security-advisory:@node-red/editor-api:VcKKpWjQUM4W4QTvOkPmXG/mn3NCJCuNJRda3aF2ZhpnuIDqOkPLnoaF6cETEA+oCJvfpAx/6qvj/VNKuGgMJg== Completed in 34ms
654 timing metavuln:cache:get:security-advisory:bcrypt:Qp7VqeTnwP45tAqiBKyn9zIiyqBrRH5XUDAeHbN+2fjnYOogPXKnMq1MH8oHiuNcYbxBA2sg42i2wlG7jHR/Ag== Completed in 28ms
655 http fetch GET 200 https://registry.npmjs.org/bcrypt 145ms (cache revalidated)
656 timing metavuln:packument:bcrypt Completed in 148ms
657 timing metavuln:load:security-advisory:bcrypt:AwnVuVUFqVnPfq5n1V9r83xD25HDCYpV7ws8YnGmozy04XUqf6i2qYt7o659eFxFO96sEh4mNuIX+QZPlcUYUA== Completed in 0ms
658 timing metavuln:calculate:security-advisory:bcrypt:AwnVuVUFqVnPfq5n1V9r83xD25HDCYpV7ws8YnGmozy04XUqf6i2qYt7o659eFxFO96sEh4mNuIX+QZPlcUYUA== Completed in 149ms
659 timing metavuln:cache:get:security-advisory:@node-red/runtime:qpdHPLaA8WsewhlxHSz7fTv9DIGy/mjEWkLHcx4leZRFC5R6X+Q3D52ZVe2QSDMfbEDnumypeMOnjL8ipgsG5g== Completed in 20ms
660 timing metavuln:load:security-advisory:@node-red/runtime:FOQxS4/pCCKeu9vnR4uaJ/Dh6KboKU3arM031ERhj5Lk1v7TiAu6GZh8oC/M0ktCbgS5twwkOeqzKMy3GUjBCg== Completed in 1ms
661 timing metavuln:calculate:security-advisory:@node-red/runtime:FOQxS4/pCCKeu9vnR4uaJ/Dh6KboKU3arM031ERhj5Lk1v7TiAu6GZh8oC/M0ktCbgS5twwkOeqzKMy3GUjBCg== Completed in 23ms
662 timing metavuln:cache:get:security-advisory:@node-red/editor-api:pWnofoGMojXM66cU2SjAJz/X8txBdRI2gP6ZBYONlUo067fRC5TaLiDFkgwHbcjBYlHhfvIpF17mD9Hy8TCQMw== Completed in 16ms
663 timing metavuln:load:security-advisory:@node-red/editor-api:Qp7VqeTnwP45tAqiBKyn9zIiyqBrRH5XUDAeHbN+2fjnYOogPXKnMq1MH8oHiuNcYbxBA2sg42i2wlG7jHR/Ag== Completed in 1ms
664 timing metavuln:calculate:security-advisory:@node-red/editor-api:Qp7VqeTnwP45tAqiBKyn9zIiyqBrRH5XUDAeHbN+2fjnYOogPXKnMq1MH8oHiuNcYbxBA2sg42i2wlG7jHR/Ag== Completed in 17ms
665 timing metavuln:cache:get:security-advisory:node-red-admin:S09qhNvippu2It0Dy1XfVCWWVKBPgw+GE51QNqQW45XWYPtBwpO7TlnBI3zaDAdf44nbJeuOr7Ygsk0sMgDvGQ== Completed in 18ms
666 timing metavuln:load:security-advisory:node-red-admin:Qp7VqeTnwP45tAqiBKyn9zIiyqBrRH5XUDAeHbN+2fjnYOogPXKnMq1MH8oHiuNcYbxBA2sg42i2wlG7jHR/Ag== Completed in 0ms
667 timing metavuln:calculate:security-advisory:node-red-admin:Qp7VqeTnwP45tAqiBKyn9zIiyqBrRH5XUDAeHbN+2fjnYOogPXKnMq1MH8oHiuNcYbxBA2sg42i2wlG7jHR/Ag== Completed in 18ms
668 timing metavuln:cache:get:security-advisory:node-red:GfVJEtBDvPPxN26h0Io3QlankUR9Q/gocfwrfSnejMKmX09EarvGJKilQQSQSS0UzmsXx8x1zju1YlzBzlA9sw== Completed in 19ms
669 timing metavuln:load:security-advisory:node-red:Qp7VqeTnwP45tAqiBKyn9zIiyqBrRH5XUDAeHbN+2fjnYOogPXKnMq1MH8oHiuNcYbxBA2sg42i2wlG7jHR/Ag== Completed in 2ms
670 timing metavuln:calculate:security-advisory:node-red:Qp7VqeTnwP45tAqiBKyn9zIiyqBrRH5XUDAeHbN+2fjnYOogPXKnMq1MH8oHiuNcYbxBA2sg42i2wlG7jHR/Ag== Completed in 22ms
671 timing auditReport:init Completed in 12585ms
672 timing reify:audit Completed in 13210ms
673 timing reify Completed in 21868ms
674 silly ADD node_modules/@socket.io/component-emitter
675 silly ADD node_modules/undici-types
676 silly ADD node_modules/engine.io-parser
677 silly ADD node_modules/@types/ws
678 silly ADD node_modules/@types/node
679 silly ADD node_modules/@types/cors
680 silly ADD node_modules/socket.io-parser
681 silly ADD node_modules/socket.io-parser/node_modules/ms
682 silly ADD node_modules/socket.io-parser/node_modules/debug
683 silly ADD node_modules/socket.io-adapter
684 silly ADD node_modules/socket.io-adapter/node_modules/ms
685 silly ADD node_modules/socket.io-adapter/node_modules/ws
686 silly ADD node_modules/socket.io-adapter/node_modules/debug
687 silly ADD node_modules/engine.io
688 silly ADD node_modules/engine.io/node_modules/ms
689 silly ADD node_modules/engine.io/node_modules/ws
690 silly ADD node_modules/engine.io/node_modules/debug
691 silly ADD node_modules/engine.io/node_modules/cookie
692 silly ADD node_modules/base64id
693 silly ADD node_modules/jquery
694 silly ADD node_modules/compressible
695 silly ADD node_modules/socket.io
696 silly ADD node_modules/socket.io/node_modules/ms
697 silly ADD node_modules/socket.io/node_modules/debug
698 silly ADD node_modules/gridstack
699 silly ADD node_modules/compression
700 silly ADD node_modules/compression/node_modules/safe-buffer
701 silly ADD node_modules/compression/node_modules/on-headers
702 silly ADD node_modules/compression/node_modules/negotiator
703 silly ADD node_modules/node-red-dashboard
704 silly ADD node_modules/node-red-dashboard/node_modules/statuses
705 silly ADD node_modules/node-red-dashboard/node_modules/ms
706 silly ADD node_modules/node-red-dashboard/node_modules/mime
707 silly ADD node_modules/node-red-dashboard/node_modules/http-errors
708 silly ADD node_modules/node-red-dashboard/node_modules/send
709 silly ADD node_modules/node-red-dashboard/node_modules/encodeurl
710 silly ADD node_modules/node-red-dashboard/node_modules/serve-static
711 timing command:install Completed in 22021ms
712 verbose exit 0
713 timing npm Completed in 23098ms
714 info ok
