0 verbose cli /usr/local/bin/node /usr/local/bin/npm
1 info using npm@8.19.4
2 info using node@v16.20.2
3 timing npm:load:whichnode Completed in 2ms
4 timing config:load:defaults Completed in 61ms
5 timing config:load:file:/usr/local/lib/node_modules/npm/npmrc Completed in 84ms
6 timing config:load:builtin Completed in 88ms
7 timing config:load:cli Completed in 136ms
8 timing config:load:env Completed in 1ms
9 timing config:load:file:/usr/src/node-red/.npmrc Completed in 1ms
10 timing config:load:project Completed in 533ms
11 timing config:load:file:/root/.npmrc Completed in 0ms
12 timing config:load:user Completed in 3ms
13 timing config:load:file:/usr/local/etc/npmrc Completed in 3ms
14 timing config:load:global Completed in 4ms
15 timing config:load:validate Completed in 1ms
16 timing config:load:credentials Completed in 28ms
17 timing config:load:setEnvs Completed in 49ms
18 timing config:load Completed in 911ms
19 timing npm:load:configload Completed in 912ms
20 timing npm:load:mkdirpcache Completed in 120ms
21 timing npm:load:mkdirplogs Completed in 98ms
22 verbose title npm install node-red-dashboard
23 verbose argv "install" "node-red-dashboard"
24 timing npm:load:setTitle Completed in 25ms
25 timing config:load:flatten Completed in 15ms
26 timing npm:load:display Completed in 17ms
27 verbose logfile logs-max:10 dir:/data/.npm/_logs
28 verbose logfile /data/.npm/_logs/2026-08-06T10_35_42_736Z-debug-0.log
29 timing npm:load:logFile Completed in 254ms
30 timing npm:load:timers Completed in 0ms
31 timing npm:load:configScope Completed in 0ms
32 timing npm:load Completed in 1448ms
33 timing arborist:ctor Completed in 2ms
34 silly logfile start cleaning logs, removing 2 files
35 timing arborist:ctor Completed in 0ms
36 silly logfile done cleaning log files
37 timing arborist:ctor Completed in 31ms
38 timing arborist:ctor Completed in 0ms
39 timing idealTree:init Completed in 10914ms
40 timing idealTree:userRequests Completed in 3ms
41 silly idealTree buildDeps
42 silly fetch manifest node-red-dashboard@*
43 http fetch GET 200 https://registry.npmjs.org/node-red-dashboard 1319ms (cache revalidated)
44 silly placeDep ROOT node-red-dashboard@3.6.6 OK for: node-red-docker@3.1.0 want: *
45 silly fetch manifest gridstack@^0.6.4
46 silly fetch manifest socket.io@^4.8.1
47 silly fetch manifest compression@^1.8.1
48 silly fetch manifest serve-static@^1.16.2
49 http fetch GET 200 https://registry.npmjs.org/compression 902ms (cache revalidated)
50 http fetch GET 200 https://registry.npmjs.org/serve-static 916ms (cache revalidated)
51 http fetch GET 200 https://registry.npmjs.org/gridstack 997ms (cache revalidated)
52 http fetch GET 200 https://registry.npmjs.org/socket.io 1329ms (cache revalidated)
53 timing idealTree:#root Completed in 2873ms
54 silly placeDep ROOT compression@1.8.1 OK for: node-red-dashboard@3.6.6 want: ^1.8.1
55 silly placeDep ROOT gridstack@0.6.4 OK for: node-red-dashboard@3.6.6 want: ^0.6.4
56 silly placeDep node_modules/node-red-dashboard serve-static@1.16.3 OK for: node-red-dashboard@3.6.6 want: ^1.16.2
57 silly placeDep ROOT socket.io@4.8.3 OK for: node-red-dashboard@3.6.6 want: ^4.8.1
58 silly fetch manifest negotiator@~0.6.4
59 silly fetch manifest on-headers@~1.1.0
60 silly fetch manifest safe-buffer@5.2.1
61 silly fetch manifest compressible@~2.0.18
62 silly fetch manifest jquery@^1.8 || 2 || 3
63 silly fetch manifest send@~0.19.1
64 silly fetch manifest encodeurl@~2.0.0
65 silly fetch manifest base64id@~2.0.0
66 silly fetch manifest debug@~4.4.1
67 silly fetch manifest engine.io@~6.6.0
68 silly fetch manifest socket.io-adapter@~2.5.2
69 silly fetch manifest socket.io-parser@~4.2.4
70 http fetch GET 200 https://registry.npmjs.org/safe-buffer 3128ms (cache revalidated)
71 http fetch GET 200 https://registry.npmjs.org/on-headers 3179ms (cache revalidated)
72 http fetch GET 200 https://registry.npmjs.org/negotiator 3250ms (cache revalidated)
73 http fetch GET 200 https://registry.npmjs.org/engine.io 3184ms (cache revalidated)
74 http fetch GET 200 https://registry.npmjs.org/socket.io-adapter 3225ms (cache revalidated)
75 http fetch GET 200 https://registry.npmjs.org/encodeurl 3337ms (cache revalidated)
76 http fetch GET 200 https://registry.npmjs.org/compressible 3405ms (cache revalidated)
77 http fetch GET 200 https://registry.npmjs.org/debug 3360ms (cache revalidated)
78 http fetch GET 200 https://registry.npmjs.org/base64id 3391ms (cache revalidated)
79 http fetch GET 200 https://registry.npmjs.org/jquery 3430ms (cache revalidated)
80 http fetch GET 200 https://registry.npmjs.org/socket.io-parser 3433ms (cache revalidated)
81 http fetch GET 200 https://registry.npmjs.org/send 3492ms (cache revalidated)
82 timing idealTree:node_modules/node-red-dashboard Completed in 3808ms
83 silly placeDep ROOT compressible@2.0.18 OK for: compression@1.8.1 want: ~2.0.18
84 silly placeDep node_modules/compression negotiator@0.6.4 OK for: compression@1.8.1 want: ~0.6.4
85 silly placeDep node_modules/compression on-headers@1.1.0 OK for: compression@1.8.1 want: ~1.1.0
86 silly placeDep node_modules/compression safe-buffer@5.2.1 OK for: compression@1.8.1 want: 5.2.1
87 timing idealTree:node_modules/compression Completed in 93ms
88 timing idealTree:node_modules/compressible Completed in 0ms
89 silly placeDep ROOT jquery@3.7.1 OK for: gridstack@0.6.4 want: ^1.8 || 2 || 3
90 timing idealTree:node_modules/gridstack Completed in 9ms
91 timing idealTree:node_modules/jquery Completed in 0ms
92 silly placeDep ROOT base64id@2.0.0 OK for: socket.io@4.8.3 want: ~2.0.0
93 silly placeDep node_modules/socket.io debug@4.4.3 OK for: socket.io@4.8.3 want: ~4.4.1
94 silly placeDep ROOT engine.io@6.6.9 OK for: socket.io@4.8.3 want: ~6.6.0
95 silly placeDep ROOT socket.io-adapter@2.5.8 OK for: socket.io@4.8.3 want: ~2.5.2
96 silly placeDep ROOT socket.io-parser@4.2.7 OK for: socket.io@4.8.3 want: ~4.2.4
97 silly fetch manifest ms@^2.1.3
98 silly fetch manifest ws@~8.21.0
99 silly fetch manifest cookie@~0.7.2
100 silly fetch manifest @types/ws@^8.5.12
101 silly fetch manifest @types/cors@^2.8.12
102 silly fetch manifest @types/node@>=10.0.0
103 silly fetch manifest engine.io-parser@~5.2.1
104 silly fetch manifest @socket.io/component-emitter@~3.1.0
105 http fetch GET 200 https://registry.npmjs.org/ms 1158ms (cache revalidated)
106 http fetch GET 200 https://registry.npmjs.org/engine.io-parser 1170ms (cache revalidated)
107 http fetch GET 200 https://registry.npmjs.org/@types%2fcors 1199ms (cache revalidated)
108 http fetch GET 200 https://registry.npmjs.org/cookie 1247ms (cache revalidated)
109 http fetch GET 200 https://registry.npmjs.org/@types%2fws 1241ms (cache revalidated)
110 http fetch GET 200 https://registry.npmjs.org/@socket.io%2fcomponent-emitter 1237ms (cache revalidated)
111 http fetch GET 200 https://registry.npmjs.org/@types%2fnode 1308ms (cache revalidated)
112 http fetch GET 200 https://registry.npmjs.org/ws 1450ms (cache revalidated)
113 timing idealTree:node_modules/socket.io Completed in 1528ms
114 timing idealTree:node_modules/base64id Completed in 0ms
115 silly fetch manifest bufferutil@^4.0.1
116 http fetch GET 200 https://registry.npmjs.org/bufferutil 543ms (cache revalidated)
117 silly fetch manifest utf-8-validate@>=5.0.2
118 http fetch GET 200 https://registry.npmjs.org/utf-8-validate 273ms (cache revalidated)
119 silly placeDep ROOT @types/cors@2.8.19 OK for: engine.io@6.6.9 want: ^2.8.12
120 silly placeDep ROOT @types/node@26.1.2 OK for: engine.io@6.6.9 want: >=10.0.0
121 silly placeDep ROOT @types/ws@8.18.1 OK for: engine.io@6.6.9 want: ^8.5.12
122 silly placeDep node_modules/engine.io cookie@0.7.2 OK for: engine.io@6.6.9 want: ~0.7.2
123 silly placeDep node_modules/engine.io debug@4.4.3 OK for: engine.io@6.6.9 want: ~4.4.1
124 silly placeDep ROOT engine.io-parser@5.2.3 OK for: engine.io@6.6.9 want: ~5.2.1
125 silly placeDep node_modules/engine.io ws@8.21.2 OK for: engine.io@6.6.9 want: ~8.21.0
126 silly fetch manifest undici-types@~8.3.0
127 http fetch GET 200 https://registry.npmjs.org/undici-types 851ms (cache updated)
128 timing idealTree:node_modules/engine.io Completed in 1839ms
129 timing idealTree:node_modules/@types/cors Completed in 5ms
130 silly placeDep ROOT undici-types@8.3.0 OK for: @types/node@26.1.2 want: ~8.3.0
131 timing idealTree:node_modules/@types/node Completed in 24ms
132 timing idealTree:node_modules/@types/ws Completed in 0ms
133 timing idealTree:node_modules/engine.io-parser Completed in 0ms
134 silly placeDep node_modules/socket.io-adapter debug@4.4.3 OK for: socket.io-adapter@2.5.8 want: ~4.4.1
135 silly placeDep node_modules/socket.io-adapter ws@8.21.2 OK for: socket.io-adapter@2.5.8 want: ~8.21.0
136 timing idealTree:node_modules/socket.io-adapter Completed in 14ms
137 silly placeDep ROOT @socket.io/component-emitter@3.1.2 OK for: socket.io-parser@4.2.7 want: ~3.1.0
138 silly placeDep node_modules/socket.io-parser debug@4.4.3 OK for: socket.io-parser@4.2.7 want: ~4.4.1
139 timing idealTree:node_modules/socket.io-parser Completed in 13ms
140 timing idealTree:node_modules/@socket.io/component-emitter Completed in 1ms
141 timing idealTree:node_modules/undici-types Completed in 0ms
142 timing idealTree:node_modules/compression/node_modules/negotiator Completed in 1ms
143 timing idealTree:node_modules/compression/node_modules/on-headers Completed in 0ms
144 timing idealTree:node_modules/compression/node_modules/safe-buffer Completed in 0ms
145 timing idealTree:node_modules/engine.io/node_modules/cookie Completed in 1ms
146 silly placeDep node_modules/engine.io ms@2.1.3 OK for: debug@4.4.3 want: ^2.1.3
147 timing idealTree:node_modules/engine.io/node_modules/debug Completed in 19ms
148 timing idealTree:node_modules/engine.io/node_modules/ms Completed in 0ms
149 timing idealTree:node_modules/engine.io/node_modules/ws Completed in 0ms
150 silly placeDep node_modules/node-red-dashboard encodeurl@2.0.0 OK for: serve-static@1.16.3 want: ~2.0.0
151 silly placeDep node_modules/node-red-dashboard send@0.19.2 OK for: serve-static@1.16.3 want: ~0.19.1
152 silly fetch manifest ms@2.1.3
153 silly fetch manifest mime@1.6.0
154 silly fetch manifest statuses@~2.0.2
155 silly fetch manifest http-errors@~2.0.1
156 http fetch GET 200 https://registry.npmjs.org/mime 525ms (cache revalidated)
157 http fetch GET 200 https://registry.npmjs.org/http-errors 539ms (cache revalidated)
158 http fetch GET 200 https://registry.npmjs.org/statuses 573ms (cache revalidated)
159 timing idealTree:node_modules/node-red-dashboard/node_modules/serve-static Completed in 647ms
160 timing idealTree:node_modules/node-red-dashboard/node_modules/encodeurl Completed in 0ms
161 silly placeDep node_modules/node-red-dashboard http-errors@2.0.1 OK for: send@0.19.2 want: ~2.0.1
162 silly placeDep node_modules/node-red-dashboard mime@1.6.0 OK for: send@0.19.2 want: 1.6.0
163 silly placeDep node_modules/node-red-dashboard ms@2.1.3 OK for: send@0.19.2 want: 2.1.3
164 silly placeDep node_modules/node-red-dashboard statuses@2.0.2 OK for: send@0.19.2 want: ~2.0.2
165 timing idealTree:node_modules/node-red-dashboard/node_modules/send Completed in 208ms
166 timing idealTree:node_modules/node-red-dashboard/node_modules/http-errors Completed in 0ms
167 timing idealTree:node_modules/node-red-dashboard/node_modules/mime Completed in 0ms
168 timing idealTree:node_modules/node-red-dashboard/node_modules/ms Completed in 1ms
169 timing idealTree:node_modules/node-red-dashboard/node_modules/statuses Completed in 0ms
170 silly placeDep node_modules/socket.io-adapter ms@2.1.3 OK for: debug@4.4.3 want: ^2.1.3
171 timing idealTree:node_modules/socket.io-adapter/node_modules/debug Completed in 30ms
172 timing idealTree:node_modules/socket.io-adapter/node_modules/ms Completed in 1ms
173 timing idealTree:node_modules/socket.io-adapter/node_modules/ws Completed in 0ms
174 silly placeDep node_modules/socket.io-parser ms@2.1.3 OK for: debug@4.4.3 want: ^2.1.3
175 timing idealTree:node_modules/socket.io-parser/node_modules/debug Completed in 6ms
176 timing idealTree:node_modules/socket.io-parser/node_modules/ms Completed in 0ms
177 silly placeDep node_modules/socket.io ms@2.1.3 OK for: debug@4.4.3 want: ^2.1.3
178 timing idealTree:node_modules/socket.io/node_modules/debug Completed in 11ms
179 timing idealTree:node_modules/socket.io/node_modules/ms Completed in 0ms
180 timing idealTree:buildDeps Completed in 11366ms
181 timing idealTree:fixDepFlags Completed in 28ms
182 timing idealTree Completed in 22402ms
183 timing reify:loadTrees Completed in 22405ms
184 timing reify:diffTrees Completed in 45ms
185 silly reify moves {}
186 timing reify:retireShallow Completed in 2ms
187 timing reify:createSparse Completed in -483ms
188 timing reify:loadBundles Completed in 0ms
189 silly audit bulk request {
189 silly audit   '@babel/runtime': [ '7.23.2' ],
189 silly audit   '@mapbox/node-pre-gyp': [ '1.0.11' ],
189 silly audit   '@node-red/editor-api': [ '3.1.0' ],
189 silly audit   '@node-red/editor-client': [ '3.1.0' ],
189 silly audit   '@node-red/nodes': [ '3.1.0' ],
189 silly audit   '@node-red/registry': [ '3.1.0' ],
189 silly audit   '@node-red/runtime': [ '3.1.0' ],
189 silly audit   '@node-red/util': [ '3.1.0' ],
189 silly audit   '@sindresorhus/is': [ '5.6.0' ],
189 silly audit   '@szmarczak/http-timer': [ '5.0.1' ],
189 silly audit   '@types/http-cache-semantics': [ '4.0.3' ],
189 silly audit   abbrev: [ '1.1.1' ],
189 silly audit   accepts: [ '1.3.8' ],
189 silly audit   acorn: [ '8.8.2' ],
189 silly audit   'acorn-walk': [ '8.2.0' ],
189 silly audit   'agent-base': [ '6.0.2' ],
189 silly audit   debug: [ '4.3.4', '2.6.9', '4.4.3' ],
189 silly audit   ms: [ '2.1.2', '2.0.0', '2.1.3' ],
189 silly audit   ajv: [ '8.12.0' ],
189 silly audit   'ansi-colors': [ '4.1.3' ],
189 silly audit   'ansi-regex': [ '5.0.1' ],
189 silly audit   'append-field': [ '1.0.0' ],
189 silly audit   aproba: [ '2.0.0' ],
189 silly audit   'are-we-there-yet': [ '2.0.0' ],
189 silly audit   argparse: [ '2.0.1' ],
189 silly audit   'array-flatten': [ '1.1.1' ],
189 silly audit   'async-mutex': [ '0.4.0' ],
189 silly audit   asynckit: [ '0.4.0' ],
189 silly audit   axios: [ '0.27.2' ],
189 silly audit   'balanced-match': [ '1.0.2' ],
189 silly audit   'base64-js': [ '1.5.1' ],
189 silly audit   'basic-auth': [ '2.0.1' ],
189 silly audit   bcrypt: [ '5.1.0', '5.1.1' ],
189 silly audit   bcryptjs: [ '2.4.3' ],
189 silly audit   bl: [ '4.1.0' ],
189 silly audit   'body-parser': [ '1.20.2', '1.20.1' ],
189 silly audit   'iconv-lite': [ '0.4.24', '0.6.3' ],
189 silly audit   boolbase: [ '1.0.0' ],
189 silly audit   'brace-expansion': [ '1.1.11' ],
189 silly audit   buffer: [ '5.7.1' ],
189 silly audit   'buffer-from': [ '1.1.2' ],
189 silly audit   busboy: [ '1.6.0' ],
189 silly audit   bytes: [ '3.1.2' ],
189 silly audit   'cacheable-lookup': [ '7.0.0' ],
189 silly audit   'cacheable-request': [ '10.2.14' ],
189 silly audit   'call-bind': [ '1.0.5' ],
189 silly audit   cheerio: [ '1.0.0-rc.10' ],
189 silly audit   'cheerio-select': [ '1.6.0' ],
189 silly audit   chownr: [ '2.0.0' ],
189 silly audit   'cli-table': [ '0.3.11' ],
189 silly audit   clone: [ '2.1.2' ],
189 silly audit   'color-support': [ '1.1.3' ],
189 silly audit   colors: [ '1.0.3' ],
189 silly audit   'combined-stream': [ '1.0.8' ],
189 silly audit   commist: [ '1.1.0' ],
189 silly audit   'concat-map': [ '0.0.1' ],
189 silly audit   'concat-stream': [ '2.0.0', '1.6.2' ],
189 silly audit   'console-control-strings': [ '1.1.0' ],
189 silly audit   'content-disposition': [ '0.5.4' ],
189 silly audit   'safe-buffer': [ '5.2.1', '5.1.2' ],
189 silly audit   'content-type': [ '1.0.5' ],
189 silly audit   cookie: [ '0.5.0', '0.4.1', '0.4.2', '0.7.2' ],
189 silly audit   'cookie-parser': [ '1.4.6' ],
189 silly audit   'cookie-signature': [ '1.0.6' ],
189 silly audit   'core-util-is': [ '1.0.3' ],
189 silly audit   cors: [ '2.8.5' ],
189 silly audit   cronosjs: [ '1.7.1' ],
189 silly audit   'css-select': [ '4.3.0' ],
189 silly audit   'css-what': [ '6.1.0' ],
189 silly audit   'decompress-response': [ '6.0.0' ],
189 silly audit   'mimic-response': [ '3.1.0', '4.0.0' ],
189 silly audit   'defer-to-connect': [ '2.0.1' ],
189 silly audit   'define-data-property': [ '1.1.1' ],
189 silly audit   'delayed-stream': [ '1.0.0' ],
189 silly audit   delegates: [ '1.0.0' ],
189 silly audit   denque: [ '2.1.0' ],
189 silly audit   depd: [ '2.0.0' ],
189 silly audit   destroy: [ '1.2.0' ],
189 silly audit   'detect-libc': [ '2.0.2' ],
189 silly audit   'dom-serializer': [ '1.4.1' ],
189 silly audit   domelementtype: [ '2.3.0' ],
189 silly audit   domhandler: [ '4.3.1' ],
189 silly audit   domutils: [ '2.8.0' ],
189 silly audit   duplexify: [ '4.1.2' ],
189 silly audit   'ee-first': [ '1.1.1' ],
189 silly audit   'emoji-regex': [ '8.0.0' ],
189 silly audit   encodeurl: [ '1.0.2', '2.0.0' ],
189 silly audit   'end-of-stream': [ '1.4.4' ],
189 silly audit   enquirer: [ '2.4.1' ],
189 silly audit   entities: [ '2.2.0' ],
189 silly audit   'escape-html': [ '1.0.3' ],
189 silly audit   etag: [ '1.8.1' ],
189 silly audit   express: [ '4.18.2' ],
189 silly audit   'raw-body': [ '2.5.1', '2.5.2' ],
189 silly audit   'express-session': [ '1.17.3' ],
189 silly audit   'fast-deep-equal': [ '3.1.3' ],
189 silly audit   finalhandler: [ '1.2.0' ],
189 silly audit   'follow-redirects': [ '1.15.3' ],
189 silly audit   'form-data': [ '4.0.0' ],
189 silly audit   'form-data-encoder': [ '2.1.4' ],
189 silly audit   forwarded: [ '0.2.0' ],
189 silly audit   fresh: [ '0.5.2' ],
189 silly audit   'fs-extra': [ '11.1.1' ],
189 silly audit   'fs-minipass': [ '2.1.0' ],
189 silly audit   minipass: [ '3.3.6', '4.2.8' ],
189 silly audit   yallist: [ '4.0.0', '2.1.2' ],
189 silly audit   'fs.realpath': [ '1.0.0' ],
189 silly audit   'function-bind': [ '1.1.2' ],
189 silly audit   gauge: [ '3.0.2' ],
189 silly audit   'get-intrinsic': [ '1.2.2' ],
189 silly audit   'get-stream': [ '6.0.1' ],
189 silly audit   glob: [ '7.2.3' ],
189 silly audit   gopd: [ '1.0.1' ],
189 silly audit   got: [ '12.6.0' ],
189 silly audit   'graceful-fs': [ '4.2.11' ],
189 silly audit   'has-property-descriptors': [ '1.0.1' ],
189 silly audit   'has-proto': [ '1.0.1' ],
189 silly audit   'has-symbols': [ '1.0.3' ],
189 silly audit   'has-unicode': [ '2.0.1' ],
189 silly audit   'hash-sum': [ '2.0.0' ],
189 silly audit   hasown: [ '2.0.0' ],
189 silly audit   'help-me': [ '3.0.0' ],
189 silly audit   hpagent: [ '1.2.0' ],
189 silly audit   htmlparser2: [ '6.1.0' ],
189 silly audit   'http-cache-semantics': [ '4.1.1' ],
189 silly audit   'http-errors': [ '2.0.0', '2.0.1' ],
189 silly audit   'http2-wrapper': [ '2.2.0' ],
189 silly audit   'https-proxy-agent': [ '5.0.1' ],
189 silly audit   i18next: [ '21.10.0' ],
189 silly audit   ieee754: [ '1.2.1' ],
189 silly audit   inflight: [ '1.0.6' ],
189 silly audit   inherits: [ '2.0.4' ],
189 silly audit   'ipaddr.js': [ '1.9.1' ],
189 silly audit   'is-fullwidth-code-point': [ '3.0.0' ],
189 silly audit   'is-utf8': [ '0.2.1' ],
189 silly audit   isarray: [ '1.0.0' ],
189 silly audit   'js-sdsl': [ '4.3.0' ],
189 silly audit   'js-yaml': [ '4.1.0' ],
189 silly audit   'json-buffer': [ '3.0.1' ],
189 silly audit   'json-schema-traverse': [ '1.0.0' ],
189 silly audit   'json-stringify-safe': [ '5.0.1' ],
189 silly audit   jsonata: [ '1.8.6' ],
189 silly audit   jsonfile: [ '6.1.0' ],
189 silly audit   keyv: [ '4.5.4' ],
189 silly audit   leven: [ '2.1.0' ],
189 silly audit   'lodash.clonedeep': [ '4.5.0' ],
189 silly audit   'lowercase-keys': [ '3.0.0' ],
189 silly audit   'lru-cache': [ '4.1.5', '6.0.0' ],
189 silly audit   'make-dir': [ '3.1.0' ],
189 silly audit   semver: [ '6.3.1', '7.5.4' ],
189 silly audit   'media-typer': [ '1.1.0', '0.3.0' ],
189 silly audit   memorystore: [ '1.6.7' ],
189 silly audit   'merge-descriptors': [ '1.0.1' ],
189 silly audit   methods: [ '1.1.2' ],
189 silly audit   mime: [ '3.0.0', '1.6.0' ],
189 silly audit   'mime-db': [ '1.52.0' ],
189 silly audit   'mime-types': [ '2.1.35' ],
189 silly audit   minimatch: [ '3.1.2' ],
189 silly audit   minimist: [ '1.2.8' ],
189 silly audit   minizlib: [ '2.1.2' ],
189 silly audit   mkdirp: [ '0.5.6', '1.0.4' ],
189 silly audit   moment: [ '2.29.4' ],
189 silly audit   'moment-timezone': [ '0.5.43' ],
189 silly audit   mqtt: [ '4.3.7' ],
189 silly audit   'mqtt-packet': [ '6.10.0' ],
189 silly audit   multer: [ '1.4.5-lts.1' ],
189 silly audit   'readable-stream': [ '2.3.8', '3.6.2' ],
189 silly audit   string_decoder: [ '1.1.1', '1.3.0' ],
189 silly audit   mustache: [ '4.2.0' ],
189 silly audit   'mute-stream': [ '0.0.8' ],
189 silly audit   negotiator: [ '0.6.3', '0.6.4' ],
189 silly audit   'node-addon-api': [ '5.1.0' ],
189 silly audit   'node-fetch': [ '2.7.0' ],
189 silly audit   'node-red': [ '3.1.0' ],
189 silly audit   'node-red-admin': [ '3.1.0' ],
189 silly audit   'node-watch': [ '0.7.4' ],
189 silly audit   nopt: [ '5.0.0' ],
189 silly audit   'normalize-url': [ '8.0.0' ],
189 silly audit   npmlog: [ '5.0.1' ],
189 silly audit   'nth-check': [ '2.1.1' ],
189 silly audit   'number-allocator': [ '1.0.14' ],
189 silly audit   oauth2orize: [ '1.11.1' ],
189 silly audit   'object-assign': [ '4.1.1' ],
189 silly audit   'object-inspect': [ '1.13.1' ],
189 silly audit   'on-finished': [ '2.4.1' ],
189 silly audit   'on-headers': [ '1.0.2', '1.1.0' ],
189 silly audit   once: [ '1.4.0' ],
189 silly audit   'p-cancelable': [ '3.0.0' ],
189 silly audit   parse5: [ '6.0.1' ],
189 silly audit   'parse5-htmlparser2-tree-adapter': [ '6.0.1' ],
189 silly audit   parseurl: [ '1.3.3' ],
189 silly audit   passport: [ '0.6.0' ],
189 silly audit   'passport-http-bearer': [ '1.0.1' ],
189 silly audit   'passport-oauth2-client-password': [ '0.1.2' ],
189 silly audit   'passport-strategy': [ '1.0.0' ],
189 silly audit   'path-is-absolute': [ '1.0.1' ],
189 silly audit   'path-to-regexp': [ '0.1.7' ],
189 silly audit   pause: [ '0.0.1' ],
189 silly audit   'process-nextick-args': [ '2.0.1' ],
189 silly audit   'proxy-addr': [ '2.0.7' ],
189 silly audit   pseudomap: [ '1.0.2' ],
189 silly audit   psl: [ '1.9.0' ],
189 silly audit   pump: [ '3.0.0' ],
189 silly audit   punycode: [ '2.3.0' ],
189 silly audit   qs: [ '6.11.0' ],
189 silly audit   querystringify: [ '2.2.0' ],
189 silly audit   'quick-lru': [ '5.1.1' ],
189 silly audit   'random-bytes': [ '1.0.0' ],
189 silly audit   'range-parser': [ '1.2.1' ],
189 silly audit   read: [ '1.0.7' ],
189 silly audit   'regenerator-runtime': [ '0.14.0' ],
189 silly audit   reinterval: [ '1.1.0' ],
189 silly audit   'require-from-string': [ '2.0.2' ],
189 silly audit   'requires-port': [ '1.0.0' ],
189 silly audit   'resolve-alpn': [ '1.2.1' ],
189 silly audit   responselike: [ '3.0.0' ],
189 silly audit   rfdc: [ '1.3.0' ],
189 silly audit   rimraf: [ '3.0.2' ],
189 silly audit   'safer-buffer': [ '2.1.2' ],
189 silly audit   sax: [ '1.3.0' ],
189 silly audit   send: [ '0.18.0', '0.19.2' ],
189 silly audit   'serve-static': [ '1.15.0', '1.16.3' ],
189 silly audit   'set-blocking': [ '2.0.0' ],
189 silly audit   'set-function-length': [ '1.1.1' ],
189 silly audit   setprototypeof: [ '1.2.0' ],
189 silly audit   'side-channel': [ '1.0.4' ],
189 silly audit   'signal-exit': [ '3.0.7' ],
189 silly audit   split2: [ '3.2.2' ],
189 silly audit   statuses: [ '2.0.1', '2.0.2' ],
189 silly audit   'stream-shift': [ '1.0.1' ],
189 silly audit   streamsearch: [ '1.1.0' ],
189 silly audit   'string-width': [ '4.2.3' ],
189 silly audit   'strip-ansi': [ '6.0.1' ],
189 silly audit   tar: [ '6.1.13' ],
189 silly audit   toidentifier: [ '1.0.1' ],
189 silly audit   'tough-cookie': [ '4.1.3' ],
189 silly audit   universalify: [ '0.2.0', '2.0.0' ],
189 silly audit   tr46: [ '0.0.3' ],
189 silly audit   tslib: [ '2.6.2' ],
189 silly audit   'type-is': [ '1.6.18' ],
189 silly audit   typedarray: [ '0.0.6' ],
189 silly audit   'uglify-js': [ '3.17.4' ],
189 silly audit   'uid-safe': [ '2.1.5' ],
189 silly audit   uid2: [ '0.0.4' ],
189 silly audit   unpipe: [ '1.0.0' ],
189 silly audit   'uri-js': [ '4.4.1' ],
189 silly audit   'url-parse': [ '1.5.10' ],
189 silly audit   'util-deprecate': [ '1.0.2' ],
189 silly audit   'utils-merge': [ '1.0.1' ],
189 silly audit   uuid: [ '9.0.0' ],
189 silly audit   vary: [ '1.1.2' ],
189 silly audit   'webidl-conversions': [ '3.0.1' ],
189 silly audit   'whatwg-url': [ '5.0.0' ],
189 silly audit   'wide-align': [ '1.1.5' ],
189 silly audit   wrappy: [ '1.0.2' ],
189 silly audit   ws: [ '7.5.6', '8.21.2' ],
189 silly audit   xml2js: [ '0.6.2' ],
189 silly audit   xmlbuilder: [ '11.0.1' ],
189 silly audit   xtend: [ '4.0.2' ],
189 silly audit   'node-red-dashboard': [ '3.6.6' ],
189 silly audit   compression: [ '1.8.1' ],
189 silly audit   gridstack: [ '0.6.4' ],
189 silly audit   'socket.io': [ '4.8.3' ],
189 silly audit   compressible: [ '2.0.18' ],
189 silly audit   jquery: [ '3.7.1' ],
189 silly audit   base64id: [ '2.0.0' ],
189 silly audit   'engine.io': [ '6.6.9' ],
189 silly audit   'socket.io-adapter': [ '2.5.8' ],
189 silly audit   'socket.io-parser': [ '4.2.7' ],
189 silly audit   '@types/cors': [ '2.8.19' ],
189 silly audit   '@types/node': [ '26.1.2' ],
189 silly audit   '@types/ws': [ '8.18.1' ],
189 silly audit   'engine.io-parser': [ '5.2.3' ],
189 silly audit   'undici-types': [ '8.3.0' ],
189 silly audit   '@socket.io/component-emitter': [ '3.1.2' ]
189 silly audit }
190 silly tarball no local data for ws@https://registry.npmjs.org/ws/-/ws-8.21.2.tgz. Extracting by manifest.
191 silly tarball no local data for ws@https://registry.npmjs.org/ws/-/ws-8.21.2.tgz. Extracting by manifest.
192 http fetch POST 200 https://registry.npmjs.org/-/npm/v1/security/advisories/bulk -337ms
193 timing auditReport:getReport Completed in -264ms
194 silly audit report {
194 silly audit report   '@babel/runtime': [
194 silly audit report     {
194 silly audit report       id: 1104000,
194 silly audit report       url: 'https://github.com/advisories/GHSA-968p-4wvh-cqc8',
194 silly audit report       title: 'Babel has inefficient RegExp complexity in generated code with .replace when transpiling named capturing groups',
194 silly audit report       severity: 'moderate',
194 silly audit report       vulnerable_versions: '<7.26.10',
194 silly audit report       cwe: [Array],
194 silly audit report       cvss: [Object]
194 silly audit report     }
194 silly audit report   ],
194 silly audit report   ajv: [
194 silly audit report     {
194 silly audit report       id: 1113715,
194 silly audit report       url: 'https://github.com/advisories/GHSA-2g4f-4pwh-qvx6',
194 silly audit report       title: 'ajv has ReDoS when using `$data` option',
194 silly audit report       severity: 'moderate',
194 silly audit report       vulnerable_versions: '>=7.0.0-alpha.0 <8.18.0',
194 silly audit report       cwe: [Array],
194 silly audit report       cvss: [Object]
194 silly audit report     }
194 silly audit report   ],
194 silly audit report   axios: [
194 silly audit report     {
194 silly audit report       id: 1111034,
194 silly audit report       url: 'https://github.com/advisories/GHSA-jr5f-v2jv-69x6',
194 silly audit report       title: 'axios Requests Vulnerable To Possible SSRF and Credential Leakage via Absolute URL',
194 silly audit report       severity: 'high',
194 silly audit report       vulnerable_versions: '<0.30.0',
194 silly audit report       cwe: [Array],
194 silly audit report       cvss: [Object]
194 silly audit report     },
194 silly audit report     {
194 silly audit report       id: 1119403,
194 silly audit report       url: 'https://github.com/advisories/GHSA-fvcv-3m26-pcqx',
194 silly audit report       title: 'Axios has Unrestricted Cloud Metadata Exfiltration via Header Injection Chain',
194 silly audit report       severity: 'moderate',
194 silly audit report       vulnerable_versions: '<0.31.0',
194 silly audit report       cwe: [Array],
194 silly audit report       cvss: [Object]
194 silly audit report     },
194 silly audit report     {
194 silly audit report       id: 1120124,
194 silly audit report       url: 'https://github.com/advisories/GHSA-62hf-57xw-28j9',
194 silly audit report       title: 'Axios: unbounded recursion in toFormData causes DoS via deeply nested request data',
194 silly audit report       severity: 'moderate',
194 silly audit report       vulnerable_versions: '<=0.31.0',
194 silly audit report       cwe: [Array],
194 silly audit report       cvss: [Object]
194 silly audit report     },
194 silly audit report     {
194 silly audit report       id: 1120546,
194 silly audit report       url: 'https://github.com/advisories/GHSA-hfxv-24rg-xrqf',
194 silly audit report       title: 'Axios: Regular Expression Denial of Service (ReDoS) via Cookie Name Injection',
194 silly audit report       severity: 'high',
194 silly audit report       vulnerable_versions: '<=0.31.1',
194 silly audit report       cwe: [Array],
194 silly audit report       cvss: [Object]
194 silly audit report     },
194 silly audit report     {
194 silly audit report       id: 1120644,
194 silly audit report       url: 'https://github.com/advisories/GHSA-p92q-9vqr-4j8v',
194 silly audit report       title: 'Axios: Proxy-Authorization Credential Leak to Origin Server Across HTTP-to-HTTPS Redirect in Axios Node.js HTTP Adapter',
194 silly audit report       severity: 'high',
194 silly audit report       vulnerable_versions: '<=0.31.1',
194 silly audit report       cwe: [Array],
194 silly audit report       cvss: [Object]
194 silly audit report     },
194 silly audit report     {
194 silly audit report       id: 1120646,
194 silly audit report       url: 'https://github.com/advisories/GHSA-j5f8-grm9-p9fc',
194 silly audit report       title: 'Axios: Proxy-Authorization header leaks to redirect target when proxy is re-evaluated to direct connection',
194 silly audit report       severity: 'high',
194 silly audit report       vulnerable_versions: '<=0.31.1',
194 silly audit report       cwe: [Array],
194 silly audit report       cvss: [Object]
194 silly audit report     },
194 silly audit report     {
194 silly audit report       id: 1120648,
194 silly audit report       url: 'https://github.com/advisories/GHSA-3g43-6gmg-66jw',
194 silly audit report       title: 'axios Vulnerable to Credential Theft and Response Hijacking via Prototype Pollution Gadget in Config Merge',
194 silly audit report       severity: 'high',
194 silly audit report       vulnerable_versions: '>=0.19.0 <0.31.1',
194 silly audit report       cwe: [Array],
194 silly audit report       cvss: [Object]
194 silly audit report     },
194 silly audit report     {
194 silly audit report       id: 1120651,
194 silly audit report       url: 'https://github.com/advisories/GHSA-898c-q2cr-xwhg',
194 silly audit report       title: 'axios has DoS & Header Injection via Prototype Pollution Read-Side Gadgets in axios merge functions',
194 silly audit report       severity: 'moderate',
194 silly audit report       vulnerable_versions: '<=0.31.1',
194 silly audit report       cwe: [Array],
194 silly audit report       cvss: [Object]
194 silly audit report     },
194 silly audit report     {
194 silly audit report       id: 1116672,
194 silly audit report       url: 'https://github.com/advisories/GHSA-3p68-rc4w-qgx5',
194 silly audit report       title: 'Axios has a NO_PROXY Hostname Normalization Bypass that Leads to SSRF',
194 silly audit report       severity: 'moderate',
194 silly audit report       vulnerable_versions: '<0.31.0',
194 silly audit report       cwe: [Array],
194 silly audit report       cvss: [Object]
194 silly audit report     },
194 silly audit report     {
194 silly audit report       id: 1117573,
194 silly audit report       url: 'https://github.com/advisories/GHSA-w9j2-pvgh-6h63',
194 silly audit report       title: 'Axios: Authentication Bypass via Prototype Pollution Gadget in `validateStatus` Merge Strategy',
194 silly audit report       severity: 'moderate',
194 silly audit report       vulnerable_versions: '<=0.31.0',
194 silly audit report       cwe: [Array],
194 silly audit report       cvss: [Object]
194 silly audit report     },
194 silly audit report     {
194 silly audit report       id: 1117575,
194 silly audit report       url: 'https://github.com/advisories/GHSA-pmwg-cvhr-8vh7',
194 silly audit report       title: 'Axios: Incomplete Fix for CVE-2025-62718 — NO_PROXY Protection Bypassed via RFC 1122 Loopback Subnet (127.0.0.0/8) in Axios 1.15.0',
194 silly audit report       severity: 'high',
194 silly audit report       vulnerable_versions: '<=0.31.0',
194 silly audit report       cwe: [Array],
194 silly audit report       cvss: [Object]
194 silly audit report     },
194 silly audit report     {
194 silly audit report       id: 1117579,
194 silly audit report       url: 'https://github.com/advisories/GHSA-xhjh-pmcv-23jw',
194 silly audit report       title: 'Axios: Null Byte Injection via Reverse-Encoding in AxiosURLSearchParams',
194 silly audit report       severity: 'low',
194 silly audit report       vulnerable_versions: '<=0.31.0',
194 silly audit report       cwe: [Array],
194 silly audit report       cvss: [Object]
194 silly audit report     },
194 silly audit report     {
194 silly audit report       id: 1117582,
194 silly audit report       url: 'https://github.com/advisories/GHSA-m7pr-hjqh-92cm',
194 silly audit report       title: 'Axios: no_proxy bypass via IP alias allows SSRF',
194 silly audit report       severity: 'moderate',
194 silly audit report       vulnerable_versions: '<=0.31.0',
194 silly audit report       cwe: [Array],
194 silly audit report       cvss: [Object]
194 silly audit report     },
194 silly audit report     {
194 silly audit report       id: 1117586,
194 silly audit report       url: 'https://github.com/advisories/GHSA-5c9x-8gcm-mpgx',
194 silly audit report       title: "Axios' HTTP adapter-streamed uploads bypass maxBodyLength when maxRedirects: 0",
194 silly audit report       severity: 'moderate',
194 silly audit report       vulnerable_versions: '<=0.31.0',
194 silly audit report       cwe: [Array],
194 silly audit report       cvss: [Object]
194 silly audit report     },
194 silly audit report     {
194 silly audit report       id: 1117588,
194 silly audit report       url: 'https://github.com/advisories/GHSA-vf2m-468p-8v99',
194 silly audit report       title: 'Axios: HTTP adapter streamed responses bypass maxContentLength',
194 silly audit report       severity: 'moderate',
194 silly audit report       vulnerable_versions: '<=0.31.0',
194 silly audit report       cwe: [Array],
194 silly audit report       cvss: [Object]
194 silly audit report     },
194 silly audit report     {
194 silly audit report       id: 1117590,
194 silly audit report       url: 'https://github.com/advisories/GHSA-pf86-5x62-jrwf',
194 silly audit report       title: 'Axios: Prototype Pollution Gadgets - Response Tampering, Data Exfiltration, and Request Hijacking',
194 silly audit report       severity: 'high',
194 silly audit report       vulnerable_versions: '<=0.31.0',
194 silly audit report       cwe: [Array],
194 silly audit report       cvss: [Object]
194 silly audit report     },
194 silly audit report     {
194 silly audit report       id: 1117592,
194 silly audit report       url: 'https://github.com/advisories/GHSA-6chq-wfr3-2hj9',
194 silly audit report       title: 'Axios: Header Injection via Prototype Pollution',
194 silly audit report       severity: 'high',
194 silly audit report       vulnerable_versions: '<=0.31.0',
194 silly audit report       cwe: [Array],
194 silly audit report       cvss: [Object]
194 silly audit report     },
194 silly audit report     {
194 silly audit report       id: 1117594,
194 silly audit report       url: 'https://github.com/advisories/GHSA-xx6v-rp6x-q39c',
194 silly audit report       title: 'Axios: XSRF Token Cross-Origin Leakage via Prototype Pollution Gadget in `withXSRFToken` Boolean Coercion',
194 silly audit report       severity: 'moderate',
194 silly audit report       vulnerable_versions: '<=0.31.0',
194 silly audit report       cwe: [Array],
194 silly audit report       cvss: [Object]
194 silly audit report     },
194 silly audit report     {
194 silly audit report       id: 1117857,
194 silly audit report       url: 'https://github.com/advisories/GHSA-43fc-jf86-j433',
194 silly audit report       title: 'Axios is Vulnerable to Denial of Service via __proto__ Key in mergeConfig',
194 silly audit report       severity: 'high',
194 silly audit report       vulnerable_versions: '<=0.30.2',
194 silly audit report       cwe: [Array],
194 silly audit report       cvss: [Object]
194 silly audit report     },
194 silly audit report     {
194 silly audit report       id: 1123825,
194 silly audit report       url: 'https://github.com/advisories/GHSA-pjwm-pj3p-43mv',
194 silly audit report       title: "axios's shouldBypassProxy does not recognize IPv4-mapped IPv6 addresses, allowing NO_PROXY bypass (incomplete fix for CVE-2025-62718)",
194 silly audit report       severity: 'high',
194 silly audit report       vulnerable_versions: '<=0.31.1',
194 silly audit report       cwe: [Array],
194 silly audit report       cvss: [Object]
194 silly audit report     },
194 silly audit report     {
194 silly audit report       id: 1123958,
194 silly audit report       url: 'https://github.com/advisories/GHSA-mmx7-hfxf-jppx',
194 silly audit report       title: 'Axios: Prototype pollution gadgets can alter axios request construction',
194 silly audit report       severity: 'moderate',
194 silly audit report       vulnerable_versions: '<0.33.0',
194 silly audit report       cwe: [Array],
194 silly audit report       cvss: [Object]
194 silly audit report     },
194 silly audit report     {
194 silly audit report       id: 1123972,
194 silly audit report       url: 'https://github.com/advisories/GHSA-7q8q-rj6j-mhjq',
194 silly audit report       title: 'Axios: Nested axios option objects can consume polluted prototype values',
194 silly audit report       severity: 'moderate',
194 silly audit report       vulnerable_versions: '>=0.8.0 <0.33.0',
194 silly audit report       cwe: [Array],
194 silly audit report       cvss: [Object]
194 silly audit report     },
194 silly audit report     {
194 silly audit report       id: 1097679,
194 silly audit report       url: 'https://github.com/advisories/GHSA-wf5p-g6vw-rhxx',
194 silly audit report       title: 'Axios Cross-Site Request Forgery Vulnerability',
194 silly audit report       severity: 'moderate',
194 silly audit report       vulnerable_versions: '>=0.8.1 <0.28.0',
194 silly audit report       cwe: [Array],
194 silly audit report       cvss: [Object]
194 silly audit report     }
194 silly audit report   ],
194 silly audit report   'body-parser': [
194 silly audit report     {
194 silly audit report       id: 1123977,
194 silly audit report       url: 'https://github.com/advisories/GHSA-v422-hmwv-36x6',
194 silly audit report       title: 'body-parser vulnerable to denial of service when invalid limit value silently disables size enforcement',
194 silly audit report       severity: 'low',
194 silly audit report       vulnerable_versions: '<1.20.6',
194 silly audit report       cwe: [Array],
194 silly audit report       cvss: [Object]
194 silly audit report     },
194 silly audit report     {
194 silly audit report       id: 1099520,
194 silly audit report       url: 'https://github.com/advisories/GHSA-qwcr-r2fm-qrc7',
194 silly audit report       title: 'body-parser vulnerable to denial of service when url encoding is enabled',
194 silly audit report       severity: 'high',
194 silly audit report       vulnerable_versions: '<1.20.3',
194 silly audit report       cwe: [Array],
194 silly audit report       cvss: [Object]
194 silly audit report     }
194 silly audit report   ],
194 silly audit report   'brace-expansion': [
194 silly audit report     {
194 silly audit report       id: 1105443,
194 silly audit report       url: 'https://github.com/advisories/GHSA-v6h2-p8h4-qcjw',
194 silly audit report       title: 'brace-expansion Regular Expression Denial of Service vulnerability',
194 silly audit report       severity: 'low',
194 silly audit report       vulnerable_versions: '>=1.0.0 <=1.1.11',
194 silly audit report       cwe: [Array],
194 silly audit report       cvss: [Object]
194 silly audit report     },
194 silly audit report     {
194 silly audit report       id: 1130588,
194 silly audit report       url: 'https://github.com/advisories/GHSA-mh99-v99m-4gvg',
194 silly audit report       title: 'brace-expansion: DoS via unbounded expansion length causing an out-of-memory process crash',
194 silly audit report       severity: 'high',
194 silly audit report       vulnerable_versions: '<1.1.17',
194 silly audit report       cwe: [Array],
194 silly audit report       cvss: [Object]
194 silly audit report     },
194 silly audit report     {
194 silly audit report       id: 1130737,
194 silly audit report       url: 'https://github.com/advisories/GHSA-rgw5-rvv9-x895',
194 silly audit report       title: 'brace-expansion: DoS via unbounded intermediate arrays, bypassing the CVE-2026-14257 mitigation',
194 silly audit report       severity: 'high',
194 silly audit report       vulnerable_versions: '<1.1.18',
194 silly audit report       cwe: [Array],
194 silly audit report       cvss: [Object]
194 silly audit report     },
194 silly audit report     {
194 silly audit report       id: 1115540,
194 silly audit report       url: 'https://github.com/advisories/GHSA-f886-m6hf-6m8v',
194 silly audit report       title: 'brace-expansion: Zero-step sequence causes process hang and memory exhaustion',
194 silly audit report       severity: 'moderate',
194 silly audit report       vulnerable_versions: '<1.1.13',
194 silly audit report       cwe: [Array],
194 silly audit report       cvss: [Object]
194 silly audit report     },
194 silly audit report     {
194 silly audit report       id: 1123897,
194 silly audit report       url: 'https://github.com/advisories/GHSA-3jxr-9vmj-r5cp',
194 silly audit report       title: 'brace-expansion: DoS via exponential-time expansion of consecutive non-expanding {} groups',
194 silly audit report       severity: 'high',
194 silly audit report       vulnerable_versions: '<1.1.16',
194 silly audit report       cwe: [Array],
194 silly audit report       cvss: [Object]
194 silly audit report     }
194 silly audit report   ],
194 silly audit report   cookie: [
194 silly audit report     {
194 silly audit report       id: 1103907,
194 silly audit report       url: 'https://github.com/advisories/GHSA-pxg6-pf52-xh8x',
194 silly audit report       title: 'cookie accepts cookie name, path, and domain with out of bounds characters',
194 silly audit report       severity: 'low',
194 silly audit report       vulnerable_versions: '<0.7.0',
194 silly audit report       cwe: [Array],
194 silly audit report       cvss: [Object]
194 silly audit report     }
194 silly audit report   ],
194 silly audit report   express: [
194 silly audit report     {
194 silly audit report       id: 1100530,
194 silly audit report       url: 'https://github.com/advisories/GHSA-qw6h-vgh9-j6wx',
194 silly audit report       title: 'express vulnerable to XSS via response.redirect()',
194 silly audit report       severity: 'low',
194 silly audit report       vulnerable_versions: '<4.20.0',
194 silly audit report       cwe: [Array],
194 silly audit report       cvss: [Object]
194 silly audit report     },
194 silly audit report     {
194 silly audit report       id: 1111636,
194 silly audit report       url: 'https://github.com/advisories/GHSA-rv95-896h-c2vc',
194 silly audit report       title: 'Express.js Open Redirect in malformed URLs',
194 silly audit report       severity: 'moderate',
194 silly audit report       vulnerable_versions: '<4.19.2',
194 silly audit report       cwe: [Array],
194 silly audit report       cvss: [Object]
194 silly audit report     }
194 silly audit report   ],
194 silly audit report   'follow-redirects': [
194 silly audit report     {
194 silly audit report       id: 1109569,
194 silly audit report       url: 'https://github.com/advisories/GHSA-jchw-25xp-jwwc',
194 silly audit report       title: 'Follow Redirects improperly handles URLs in the url.parse() function',
194 silly audit report       severity: 'moderate',
194 silly audit report       vulnerable_versions: '<1.15.4',
194 silly audit report       cwe: [Array],
194 silly audit report       cvss: [Object]
194 silly audit report     },
194 silly audit report     {
194 silly audit report       id: 1096856,
194 silly audit report       url: 'https://github.com/advisories/GHSA-cxjh-pqwp-8mfp',
194 silly audit report       title: "follow-redirects' Proxy-Authorization header kept across hosts",
194 silly audit report       severity: 'moderate',
194 silly audit report       vulnerable_versions: '<=1.15.5',
194 silly audit report       cwe: [Array],
194 silly audit report       cvss: [Object]
194 silly audit report     },
194 silly audit report     {
194 silly audit report       id: 1116560,
194 silly audit report       url: 'https://github.com/advisories/GHSA-r4q5-vmmm-2653',
194 silly audit report       title: 'follow-redirects leaks Custom Authentication Headers to Cross-Domain Redirect Targets',
194 silly audit report       severity: 'moderate',
194 silly audit report       vulnerable_versions: '<=1.15.11',
194 silly audit report       cwe: [Array],
194 silly audit report       cvss: [Object]
194 silly audit report     }
194 silly audit report   ],
194 silly audit report   'form-data': [
194 silly audit report     {
194 silly audit report       id: 1109538,
194 silly audit report       url: 'https://github.com/advisories/GHSA-fjxv-7rqg-78g4',
194 silly audit report       title: 'form-data uses unsafe random function in form-data for choosing boundary',
194 silly audit report       severity: 'critical',
194 silly audit report       vulnerable_versions: '>=4.0.0 <4.0.4',
194 silly audit report       cwe: [Array],
194 silly audit report       cvss: [Object]
194 silly audit report     },
194 silly audit report     {
194 silly audit report       id: 1120743,
194 silly audit report       url: 'https://github.com/advisories/GHSA-hmw2-7cc7-3qxx',
194 silly audit report       title: 'form-data: CRLF injection in form-data via unescaped multipart field names and filenames',
194 silly audit report       severity: 'high',
194 silly audit report       vulnerable_versions: '>=4.0.0 <4.0.6',
194 silly audit report       cwe: [Array],
194 silly audit report       cvss: [Object]
194 silly audit report     }
194 silly audit report   ],
194 silly audit report   'js-yaml': [
194 silly audit report     {
194 silly audit report       id: 1112715,
194 silly audit report       url: 'https://github.com/advisories/GHSA-mh29-5h37-fv8m',
194 silly audit report       title: 'js-yaml has prototype pollution in merge (<<)',
194 silly audit report       severity: 'moderate',
194 silly audit report       vulnerable_versions: '>=4.0.0 <4.1.1',
194 silly audit report       cwe: [Array],
194 silly audit report       cvss: [Object]
194 silly audit report     },
194 silly audit report     {
194 silly audit report       id: 1121860,
194 silly audit report       url: 'https://github.com/advisories/GHSA-h67p-54hq-rp68',
194 silly audit report       title: 'JS-YAML: Quadratic-complexity DoS in merge key handling via repeated aliases',
194 silly audit report       severity: 'moderate',
194 silly audit report       vulnerable_versions: '>=4.0.0 <=4.1.1',
194 silly audit report       cwe: [Array],
194 silly audit report       cvss: [Object]
194 silly audit report     },
194 silly audit report     {
194 silly audit report       id: 1123911,
194 silly audit report       url: 'https://github.com/advisories/GHSA-52cp-r559-cp3m',
194 silly audit report       title: 'js-yaml: YAML merge-key chains can force quadratic CPU consumption',
194 silly audit report       severity: 'high',
194 silly audit report       vulnerable_versions: '>=4.0.0 <4.3.0',
194 silly audit report       cwe: [Array],
194 silly audit report       cvss: [Object]
194 silly audit report     }
194 silly audit report   ],
194 silly audit report   jsonata: [
194 silly audit report     {
194 silly audit report       id: 1130739,
194 silly audit report       url: 'https://github.com/advisories/GHSA-86vw-mfpg-wwv9',
194 silly audit report       title: 'jsonata: Malicious inputs to "$toMillis" function can cause resource exhaustion',
194 silly audit report       severity: 'high',
194 silly audit report       vulnerable_versions: '<1.8.9',
194 silly audit report       cwe: [Array],
194 silly audit report       cvss: [Object]
194 silly audit report     },
194 silly audit report     {
194 silly audit report       id: 1096642,
194 silly audit report       url: 'https://github.com/advisories/GHSA-fqg8-vfv7-8fj8',
194 silly audit report       title: 'JSONata expression can pollute the "Object" prototype',
194 silly audit report       severity: 'critical',
194 silly audit report       vulnerable_versions: '>=1.4.0 <1.8.7',
194 silly audit report       cwe: [Array],
194 silly audit report       cvss: [Object]
194 silly audit report     }
194 silly audit report   ],
194 silly audit report   minimatch: [
194 silly audit report     {
194 silly audit report       id: 1113459,
194 silly audit report       url: 'https://github.com/advisories/GHSA-3ppc-4f35-3m26',
194 silly audit report       title: 'minimatch has a ReDoS via repeated wildcards with non-matching literal in pattern',
194 silly audit report       severity: 'high',
194 silly audit report       vulnerable_versions: '<3.1.3',
194 silly audit report       cwe: [Array],
194 silly audit report       cvss: [Object]
194 silly audit report     },
194 silly audit report     {
194 silly audit report       id: 1113538,
194 silly audit report       url: 'https://github.com/advisories/GHSA-7r86-cg39-jmmj',
194 silly audit report       title: 'minimatch has ReDoS: matchOne() combinatorial backtracking via multiple non-adjacent GLOBSTAR segments',
194 silly audit report       severity: 'high',
194 silly audit report       vulnerable_versions: '<3.1.3',
194 silly audit report       cwe: [Array],
194 silly audit report       cvss: [Object]
194 silly audit report     },
194 silly audit report     {
194 silly audit report       id: 1113546,
194 silly audit report       url: 'https://github.com/advisories/GHSA-23c5-xmqv-rm74',
194 silly audit report       title: 'minimatch ReDoS: nested *() extglobs generate catastrophically backtracking regular expressions',
194 silly audit report       severity: 'high',
194 silly audit report       vulnerable_versions: '<3.1.4',
194 silly audit report       cwe: [Array],
194 silly audit report       cvss: [Object]
194 silly audit report     }
194 silly audit report   ],
194 silly audit report   'on-headers': [
194 silly audit report     {
194 silly audit report       id: 1106812,
194 silly audit report       url: 'https://github.com/advisories/GHSA-76c9-3jph-rj3q',
194 silly audit report       title: 'on-headers is vulnerable to http response header manipulation',
194 silly audit report       severity: 'low',
194 silly audit report       vulnerable_versions: '<1.1.0',
194 silly audit report       cwe: [Array],
194 silly audit report       cvss: [Object]
194 silly audit report     }
194 silly audit report   ],
194 silly audit report   'path-to-regexp': [
194 silly audit report     {
194 silly audit report       id: 1101850,
194 silly audit report       url: 'https://github.com/advisories/GHSA-9wv6-86v2-598j',
194 silly audit report       title: 'path-to-regexp outputs backtracking regular expressions',
194 silly audit report       severity: 'high',
194 silly audit report       vulnerable_versions: '<0.1.10',
194 silly audit report       cwe: [Array],
194 silly audit report       cvss: [Object]
194 silly audit report     },
194 silly audit report     {
194 silly audit report       id: 1105199,
194 silly audit report       url: 'https://github.com/advisories/GHSA-rhx6-c78j-4q9w',
194 silly audit report       title: 'path-to-regexp contains a ReDoS',
194 silly audit report       severity: 'high',
194 silly audit report       vulnerable_versions: '<0.1.12',
194 silly audit report       cwe: [Array],
194 silly audit report       cvss: [Object]
194 silly audit report     },
194 silly audit report     {
194 silly audit report       id: 1115527,
194 silly audit report       url: 'https://github.com/advisories/GHSA-37ch-88jc-xwx2',
194 silly audit report       title: 'path-to-regexp vulnerable to Regular Expression Denial of Service via multiple route parameters',
194 silly audit report       severity: 'high',
194 silly audit report       vulnerable_versions: '<0.1.13',
194 silly audit report       cwe: [Array],
194 silly audit report       cvss: [Object]
194 silly audit report     }
194 silly audit report   ],
194 silly audit report   qs: [
194 silly audit report     {
194 silly audit report       id: 1113161,
194 silly audit report       url: 'https://github.com/advisories/GHSA-w7fw-mjwx-w883',
194 silly audit report       title: "qs's arrayLimit bypass in comma parsing allows denial of service",
194 silly audit report       severity: 'low',
194 silly audit report       vulnerable_versions: '>=6.7.0 <=6.14.1',
194 silly audit report       cwe: [Array],
194 silly audit report       cvss: [Object]
194 silly audit report     },
194 silly audit report     {
194 silly audit report       id: 1113719,
194 silly audit report       url: 'https://github.com/advisories/GHSA-6rw7-vpxm-498p',
194 silly audit report       title: "qs's arrayLimit bypass in its bracket notation allows DoS via memory exhaustion",
194 silly audit report       severity: 'moderate',
194 silly audit report       vulnerable_versions: '<6.14.1',
194 silly audit report       cwe: [Array],
194 silly audit report       cvss: [Object]
194 silly audit report     }
194 silly audit report   ],
194 silly audit report   send: [
194 silly audit report     {
194 silly audit report       id: 1109556,
194 silly audit report       url: 'https://github.com/advisories/GHSA-m6fv-jmcg-4jfg',
194 silly audit report       title: 'send vulnerable to template injection that can lead to XSS',
194 silly audit report       severity: 'low',
194 silly audit report       vulnerable_versions: '<0.19.0',
194 silly audit report       cwe: [Array],
194 silly audit report       cvss: [Object]
194 silly audit report     }
194 silly audit report   ],
194 silly audit report   'serve-static': [
194 silly audit report     {
194 silly audit report       id: 1100528,
194 silly audit report       url: 'https://github.com/advisories/GHSA-cm22-4g7w-348p',
194 silly audit report       title: 'serve-static vulnerable to template injection that can lead to XSS',
194 silly audit report       severity: 'low',
194 silly audit report       vulnerable_versions: '<1.16.0',
194 silly audit report       cwe: [Array],
194 silly audit report       cvss: [Object]
194 silly audit report     }
194 silly audit report   ],
194 silly audit report   tar: [
194 silly audit report     {
194 silly audit report       id: 1112659,
194 silly audit report       url: 'https://github.com/advisories/GHSA-34x7-hfp2-rc4v',
194 silly audit report       title: 'node-tar Vulnerable to Arbitrary File Creation/Overwrite via Hardlink Path Traversal',
194 silly audit report       severity: 'high',
194 silly audit report       vulnerable_versions: '<7.5.7',
194 silly audit report       cwe: [Array],
194 silly audit report       cvss: [Object]
194 silly audit report     },
194 silly audit report     {
194 silly audit report       id: 1113300,
194 silly audit report       url: 'https://github.com/advisories/GHSA-8qq5-rm4j-mr97',
194 silly audit report       title: 'node-tar is Vulnerable to Arbitrary File Overwrite and Symlink Poisoning via Insufficient Path Sanitization',
194 silly audit report       severity: 'high',
194 silly audit report       vulnerable_versions: '<=7.5.2',
194 silly audit report       cwe: [Array],
194 silly audit report       cvss: [Object]
194 silly audit report     },
194 silly audit report     {
194 silly audit report       id: 1113375,
194 silly audit report       url: 'https://github.com/advisories/GHSA-83g3-92jg-28cx',
194 silly audit report       title: 'Arbitrary File Read/Write via Hardlink Target Escape Through Symlink Chain in node-tar Extraction',
194 silly audit report       severity: 'high',
194 silly audit report       vulnerable_versions: '<7.5.8',
194 silly audit report       cwe: [Array],
194 silly audit report       cvss: [Object]
194 silly audit report     },
194 silly audit report     {
194 silly audit report       id: 1114200,
194 silly audit report       url: 'https://github.com/advisories/GHSA-qffp-2rhf-9h96',
194 silly audit report       title: 'tar has Hardlink Path Traversal via Drive-Relative Linkpath',
194 silly audit report       severity: 'high',
194 silly audit report       vulnerable_versions: '<=7.5.9',
194 silly audit report       cwe: [Array],
194 silly audit report       cvss: [Object]
194 silly audit report     },
194 silly audit report     {
194 silly audit report       id: 1114302,
194 silly audit report       url: 'https://github.com/advisories/GHSA-9ppj-qmqm-q256',
194 silly audit report       title: 'node-tar Symlink Path Traversal via Drive-Relative Linkpath',
194 silly audit report       severity: 'high',
194 silly audit report       vulnerable_versions: '<=7.5.10',
194 silly audit report       cwe: [Array],
194 silly audit report       cvss: [Object]
194 silly audit report     },
194 silly audit report     {
194 silly audit report       id: 1120782,
194 silly audit report       url: 'https://github.com/advisories/GHSA-vmf3-w455-68vh',
194 silly audit report       title: 'node-tar applies PAX size override to intermediary GNU long-name/long-link headers, causing tar parser interpretation differential (file smuggling)',
194 silly audit report       severity: 'moderate',
194 silly audit report       vulnerable_versions: '<=7.5.15',
194 silly audit report       cwe: [Array],
194 silly audit report       cvss: [Object]
194 silly audit report     },
194 silly audit report     {
194 silly audit report       id: 1114680,
194 silly audit report       url: 'https://github.com/advisories/GHSA-r6q2-hw4h-h46w',
194 silly audit report       title: 'Race Condition in node-tar Path Reservations via Unicode Ligature Collisions on macOS APFS',
194 silly audit report       severity: 'high',
194 silly audit report       vulnerable_versions: '<=7.5.3',
194 silly audit report       cwe: [Array],
194 silly audit report       cvss: [Object]
194 silly audit report     },
194 silly audit report     {
194 silly audit report       id: 1123939,
194 silly audit report       url: 'https://github.com/advisories/GHSA-w8wr-v893-vjvp',
194 silly audit report       title: 'node-tar: Process crash via PAX numeric path type confusion',
194 silly audit report       severity: 'moderate',
194 silly audit report       vulnerable_versions: '<=7.5.17',
194 silly audit report       cwe: [Array],
194 silly audit report       cvss: [Object]
194 silly audit report     },
194 silly audit report     {
194 silly audit report       id: 1123940,
194 silly audit report       url: 'https://github.com/advisories/GHSA-23hp-3jrh-7fpw',
194 silly audit report       title: 'node-tar: Decompression/parse DoS via unlimited input',
194 silly audit report       severity: 'critical',
194 silly audit report       vulnerable_versions: '<=7.5.18',
194 silly audit report       cwe: [Array],
194 silly audit report       cvss: [Object]
194 silly audit report     },
194 silly audit report     {
194 silly audit report       id: 1123941,
194 silly audit report       url: 'https://github.com/advisories/GHSA-8x88-c5mf-7j5w',
194 silly audit report       title: 'node-tar: Negative tar entry size causes infinite loop in archive replace',
194 silly audit report       severity: 'high',
194 silly audit report       vulnerable_versions: '<=7.5.17',
194 silly audit report       cwe: [Array],
194 silly audit report       cvss: [Object]
194 silly audit report     },
194 silly audit report     {
194 silly audit report       id: 1123942,
194 silly audit report       url: 'https://github.com/advisories/GHSA-gvwx-54wh-qm9j',
194 silly audit report       title: 'node-tar: Uncaught Exception DoS via NUL byte in PAX path/linkpath records',
194 silly audit report       severity: 'moderate',
194 silly audit report       vulnerable_versions: '<=7.5.16',
194 silly audit report       cwe: [Array],
194 silly audit report       cvss: [Object]
194 silly audit report     },
194 silly audit report     {
194 silly audit report       id: 1124287,
194 silly audit report       url: 'https://github.com/advisories/GHSA-r292-9mhp-454m',
194 silly audit report       title: 'node-tar: Uncontrolled recursion in mapHas/filesFilter allows uncatchable stack-overflow DoS via crafted long-path tar with member selection',
194 silly audit report       severity: 'moderate',
194 silly audit report       vulnerable_versions: '<=7.5.20',
194 silly audit report       cwe: [Array],
194 silly audit report       cvss: [Object]
194 silly audit report     },
194 silly audit report     {
194 silly audit report       id: 1097493,
194 silly audit report       url: 'https://github.com/advisories/GHSA-f5x3-32g6-xq36',
194 silly audit report       title: 'Denial of service while parsing a tar file due to lack of folders count validation',
194 silly audit report       severity: 'moderate',
194 silly audit report       vulnerable_versions: '<6.2.1',
194 silly audit report       cwe: [Array],
194 silly audit report       cvss: [Object]
194 silly audit report     }
194 silly audit report   ],
194 silly audit report   uuid: [
194 silly audit report     {
194 silly audit report       id: 1119441,
194 silly audit report       url: 'https://github.com/advisories/GHSA-w5hq-g745-h8pq',
194 silly audit report       title: 'uuid: Missing buffer bounds check in v3/v5/v6 when buf is provided',
194 silly audit report       severity: 'moderate',
194 silly audit report       vulnerable_versions: '<11.1.1',
194 silly audit report       cwe: [Array],
194 silly audit report       cvss: [Object]
194 silly audit report     }
194 silly audit report   ],
194 silly audit report   ws: [
194 silly audit report     {
194 silly audit report       id: 1118729,
194 silly audit report       url: 'https://github.com/advisories/GHSA-3h5v-q93c-6h6q',
194 silly audit report       title: 'ws affected by a DoS when handling a request with many HTTP headers',
194 silly audit report       severity: 'high',
194 silly audit report       vulnerable_versions: '>=7.0.0 <7.5.10',
194 silly audit report       cwe: [Array],
194 silly audit report       cvss: [Object]
194 silly audit report     },
194 silly audit report     {
194 silly audit report       id: 1123260,
194 silly audit report       url: 'https://github.com/advisories/GHSA-96hv-2xvq-fx4p',
194 silly audit report       title: 'ws: Memory exhaustion DoS from tiny fragments and data chunks',
194 silly audit report       severity: 'high',
194 silly audit report       vulnerable_versions: '>=7.0.0 <7.5.11',
194 silly audit report       cwe: [Array],
194 silly audit report       cvss: [Object]
194 silly audit report     }
194 silly audit report   ]
194 silly audit report }
195 timing metavuln:packument:cookie Completed in 236ms
196 timing metavuln:packument:on-headers Completed in 144ms
197 timing metavuln:packument:send Completed in 161ms
198 timing metavuln:packument:serve-static Completed in 161ms
199 timing metavuln:packument:ws Completed in 97ms
200 timing metavuln:cache:get:security-advisory:axios:v0RODbRA4yOk4ATIypjKITM3bAWeM6ZZIcMb/4u8Q72a0CVC2Gu3l43X1O4gZ5Yme6KBEnbhBmZ3QLAr2U4OGQ== Completed in 3821ms
201 timing metavuln:cache:get:security-advisory:axios:FsTMaMwbtgv7VaUD5XVoaVbJRkWYBNaCvC/BbsbJKieT7PjzWWVyp2DD832es8+7LhxAUE9tgyMPZu+G/y2S5A== Completed in 3879ms
202 timing metavuln:cache:get:security-advisory:@babel/runtime:xDaNmlS3J8LRk7IfDb7e9Gp3gcy/xDr1QZXCKC997SMkqKVemm2guY9vQpRI6omD11L5cfCI+STpoAdxUgnVsA== Completed in 3926ms
203 timing metavuln:cache:get:security-advisory:axios:9BgnJ5uNiAEA9AX3r28GdpHA9UAuw/zECHBI2I93Cx8klT6+tlxcdA+ob4IIMxYEwQ61zvzrFU4MSK38c//vuQ== Completed in 3899ms
204 timing metavuln:cache:get:security-advisory:axios:We3wxcPk9kkn0xwhYIVh3tbSPV88qcTDaObr31jY6FxiY7XBPfg0F6J9WCgTA+9XIQ528JIUG23csmksMa5djw== Completed in 3911ms
205 timing metavuln:cache:get:security-advisory:ajv:URErmxoyazZWR5lFcXpgTkGsbkrUBDlzD8W6txjBw2wZoOC7oHjHFfCrRr/VnGeJvbyUY9E2jxrL8p2XbwfP8g== Completed in 3937ms
206 timing metavuln:cache:get:security-advisory:axios:VbHlEYhlaqXJ9XvkLvQDKIntUPMbCgErC/N9Zum/3t3773LIvvQeM3w6FtpMLijOhiYvdIo1tA6l08d/KG2owQ== Completed in 3921ms
207 timing metavuln:cache:get:security-advisory:axios:0/ZJRH6u+le/6+OgeLVGoMRIV/riEu/tDidw6VaBPqEScQFI4Ghcls7Dg+d/NoC2wlQPadVwa7q6fXDRHmOaDA== Completed in 3972ms
208 timing metavuln:cache:get:security-advisory:axios:xNyxJ1BmVDeLCXzbOxkzab5iAVkG5RfQ0iqqfA2Fmsi7ee6xURvNi72w+UgFDHC6c7toI5CZ+FsMynWMNVcizw== Completed in 3987ms
209 timing metavuln:cache:get:security-advisory:axios:13kkiLWthvKI7ALhu+e9E14Gn4WsKsQLjirfIQrVCHHIoCKEHb5MFtn5klyrL9Erku0swIkJp7hR8cosYYUrhg== Completed in 4062ms
210 timing metavuln:cache:get:security-advisory:axios:QPfIXkp/KZhwoyDyIKzXtdE5YVwI2CFG+xq5lYncSaAFETAWIc3tDc1nWtX9NdkseMgP2w/pMvh67yZscw3UNg== Completed in 4084ms
211 timing metavuln:cache:get:security-advisory:axios:HaFCbyynICQoKliGRKF6NzyKaBXBKwl7utqpIxjszhP2jqtFlFJreFpWl+ygxGxv9FE9lgX1QbaVYqdn79NSaw== Completed in 4082ms
212 timing metavuln:cache:get:security-advisory:axios:GAKQXbl5ZrDh6yPoCgAGqZg1pXtocM+FGQ3xyw0k7oSRYqAOTJcmI3GLT5qOXQ908JNlY/vCYYnhZdmv0O4Cug== Completed in 4090ms
213 timing metavuln:cache:get:security-advisory:axios:3z1wZ+t5oo1oiWqaw4A+Ga2q836GxbSNFXP9zMdclN854POYJgY+bYZcmF5VVJVY7Q/5Jgf+5/xxhWNljM3jFA== Completed in 4095ms
214 timing metavuln:cache:get:security-advisory:axios:eKzX6XjUVDxqokqC9gHZQbbNcaH0zIme189WnJ0nmCCu/O8L3BSbli76X7TB0OsfBNBrm+Z5rrGUJb0goTQpNA== Completed in 4117ms
215 timing metavuln:cache:get:security-advisory:axios:da7txlcY/7Ud7JRkw/hvt9g+mVpSRkFPDiUAR4h2g1sv4Choxul9KPzX2084lIt3yQYmv0pOzYb2UDEMw+N5Fg== Completed in 4124ms
216 timing metavuln:cache:get:security-advisory:axios:dNmA7C2S7NfbQkaVJBIemUN/WBzaXgNZTD2VFofXkOWvGXb1+be8l9+fo+EAZHEVPiHI9rYwjbCcMIx7SKVf3A== Completed in 4123ms
217 timing metavuln:cache:get:security-advisory:body-parser:pig1SyrSKsjwjwwwj/jcD4mcNcfTO4pdo3Rc4tPJdqhmmrNQQn7BKDC6fAaFHDO30oyQ3Itoq6p8rLy4sFuQDg== Completed in 4135ms
218 timing metavuln:cache:get:security-advisory:brace-expansion:kIHgu1L8zIy7pY0wp6wYzUm7tst3xTM2tiSYrstcGK/XsO7o4p6zyuUSjq93oH1dvU2tbEvlSW+gaNbGIbeudw== Completed in 4119ms
219 timing metavuln:cache:get:security-advisory:axios:Oi6B9AucyObhJnAMQYb3eyigkQbiqrclLJ09eDn16DgUHYfFa+9WQjxUGArwnF1cWOy0gbdKMrAbkp8xW8Fwkg== Completed in 4139ms
220 timing metavuln:cache:get:security-advisory:brace-expansion:geBusfkNqQP6hxCT/x7QDM6pAPJMDIqmDW84J1DA4uDjuSM6GXgzKwYw+N4CptLZRUTx8jSydbfAJhrWxpkzqg== Completed in 4130ms
221 timing metavuln:cache:get:security-advisory:axios:RnzhIG6np6I4kkWxbE9wXPfbTXf5jrKZroFgyIY8z+LhdxaEfkyrvzdTbynSxJegb7LX9t5nbUmkbtXpj3ih+A== Completed in 4152ms
222 timing metavuln:cache:get:security-advisory:axios:kPuju4Djzw+Fkb6a74pKuBpATGwQ3c2Ajn3FHbos8Iuxef0JgG3CZ3i20zmiXJF4DqwwZS8X0m2g2hZqhPez7g== Completed in 4156ms
223 timing metavuln:cache:get:security-advisory:brace-expansion:7ICbONgS6sI8RWhzTgNqqH552BWC4INFpZZfXI9U4oWgS/KeQEBLPtG82pnddpKRYaLAG9ti7ET/UUaZIDmFqA== Completed in 4137ms
224 timing metavuln:cache:get:security-advisory:axios:q0IxoUiLEFwUKMZuqye/K/lJ9rWG2BRJeYkupGtEYvclxVT2itMKF5Rbbd9CEBYyVuMH8/1JwoSq/m3SC8pozw== Completed in 4167ms
225 timing metavuln:cache:get:security-advisory:axios:Xfg5Chh1KX+A7ZVBBHB9fQfBlcL0HbCUk/TNIlC/hv4LNR7vOuZ5WOy1Y1NqXKmKGcW3mcF3RkVi2V+K7k4bEg== Completed in 4171ms
226 timing metavuln:cache:get:security-advisory:cookie:EFt7h/FZLeopARa06+F2CBY5ItUm007mP/cHgZjTJZX1MeIwg3JD7toSioRoDeE8wm5VdkimqlS+CnuPhZqbIg== Completed in 4152ms
227 timing metavuln:load:security-advisory:cookie:1103907 Completed in 15ms
228 timing metavuln:calculate:security-advisory:cookie:1103907 Completed in 4176ms
229 timing metavuln:cache:get:security-advisory:brace-expansion:7IQMvcVTr+svbh5KCx4Kl6FQKJ1GciM03BnJAve/5WYJjUeRzKAIrStVpfachbl3T6a7o8nYlQEVG6Ih0TNXRg== Completed in 4181ms
230 timing metavuln:cache:get:security-advisory:axios:NdCkm7j4yjnMlC82+f8vRKyDiZeIBnnOqxoG0ZT2cunEZcSEIsFrZ3EEZULTvL3vgaKy7pKpshZOUoNeaMdUgw== Completed in 4205ms
231 timing metavuln:cache:get:security-advisory:form-data:QtrJYuspC2x6/4C1Oat3mkU+5vF1sgqWmutMSh+7dhDRYSJrsvU/AVAJgWDUWLgGNj7X4aMNonvcZovhtgldng== Completed in 4088ms
232 timing metavuln:cache:get:security-advisory:axios:pU7OBwGYlv5vjEjm5gS/R59cRyvQZOaYDg8YceyIhv7tSJGvAVLOJrIr56QqCqFKvfiF+gvbK0cZ+sdZq+P0og== Completed in 4220ms
233 timing metavuln:cache:get:security-advisory:follow-redirects:rD8yi3a8mVyeNvoX3wItq4e+Oa65QVDtc8KKes6VfIYPKX53VkWnOuxGYgUihdiwlz4i5mjg4yX/2qVYafhjyA== Completed in 4106ms
234 timing metavuln:cache:get:security-advisory:follow-redirects:3NqE18TAUt4qyZjI0VKQQxqYNOTvBqFH3gieybQ0RWyNPvn3DFkBdXljf6AprPUbU5Zy8Np7TzSCoFP2Lo706g== Completed in 4175ms
235 timing metavuln:cache:get:security-advisory:axios:qGAYykxMa4bTydf03N7AfaSaurDLRQzZ8CSiDboAbC/8eNOputJ7XylOMgxvgHwGeloaHyXzrNh7pIo623soWA== Completed in 4225ms
236 timing metavuln:cache:get:security-advisory:express:Y6ACp2DmYM+0HQ/I8CvEhLQJwNp8DOoQ76C8ObH06Y0qG40PIuVRmOi3OWzwUOTASTLCIWqeicWSO/acR3aaGQ== Completed in 4199ms
237 timing metavuln:cache:get:security-advisory:form-data:QHwSQK89tp8y8NaEB/BmWWPJbFRmcqxbWkKungy6gPoWDFe3Fp6pmP2eW7jh8ZiRT8rEqJsege91INZ02VqjRw== Completed in 4111ms
238 timing metavuln:cache:get:security-advisory:brace-expansion:wDEbqWk4yLp9m7y1JKlfB/VOQdNxO6zv9mx3cQ5VptPHpE7Ova1G3NkU4hgGmOmyWoA3/1d/SEsb3LnkNTA35A== Completed in 4209ms
239 timing metavuln:cache:get:security-advisory:express:i1lv/mW3LDhCPxcU8tmYv85dckQQGUSeQtASYLVoMkQNcpH1gG93hQzZIslm4Zlt3AYRSx4rg+plteAtIC0Z1w== Completed in 4210ms
240 timing metavuln:cache:get:security-advisory:jsonata:Hfyj/dsKBv3mS0CXibFI/3oObAH3HN7f2BwiCOU+VmsorA9YgDKrvSltd7CFT+O+t2T2uzzx3rNQ6Td/+fELCg== Completed in 4131ms
241 timing metavuln:cache:get:security-advisory:minimatch:kx7kRjUmjSYmgQBpfsU82Na4xORZqvqpRRSlOyPLadasPBl0YfFJCjIETC00BG7Gd2omQLizgz8/GnnE/hk+Jw== Completed in 4139ms
242 timing metavuln:cache:get:security-advisory:follow-redirects:4omfKvh6Ya8SJnn3CVNWLzlRKgsHqsp8XgTxFFWXdSXyBqVHeW5UgGhBrNoO2e0bLHnlnK954cJp6k7PjkvXLg== Completed in 4166ms
243 timing metavuln:cache:get:security-advisory:minimatch:V/3cIcyAQcG1bwuH0e0PI9Qt5WRtbvb/WOz2mBxAfNzXf+Dvs9G1X05eHjnPq2b0TJY4zXXpqhCAkRAipgk3iQ== Completed in 4163ms
244 timing metavuln:cache:get:security-advisory:path-to-regexp:1zdQfT/2s1/9HPIPcJl7TnWCFxsytt3sSe7T+xPf8FNpp2H4co4yvyKagGg4lKEjTVlcftvXdieAZPONp1djoQ== Completed in 4159ms
245 timing metavuln:cache:get:security-advisory:path-to-regexp:MgjHwCEvzlLz9p6+Yk8DdZLdAuprFRwJM/BcLFKUnsW5C1PzGCjbdvhfzdrEOsmCJB7eOyV5TvQe+zy4C++sJQ== Completed in 4159ms
246 timing metavuln:cache:get:security-advisory:minimatch:tdaAHfWGUw/nl/W8ALWVH+LvG2E3gvo3P2FI/fVPxm3aZteLxWMOEuk/9iDk5O0/cZN/GRXnabt/mW/bfUoL/g== Completed in 4179ms
247 timing metavuln:cache:get:security-advisory:send:8NP35PpfDEVbqnzPdc9zuVQOxwpjeCWA/vn7Q9SplgLVmZPjGaDssuEM0QllxNS2U4IM79h+Qp8GEO0schn/xw== Completed in 4195ms
248 timing metavuln:load:security-advisory:send:1109556 Completed in 10ms
249 timing metavuln:calculate:security-advisory:send:1109556 Completed in 4216ms
250 timing metavuln:cache:get:security-advisory:js-yaml:621IdjBdZEeVoUcjWGl1jXN0jFDGaf7dIQMeaPVKf5MxqYprJztiOC0OHOUPVoayh7Cq/fTC8L5CqEb98qlE7w== Completed in 4234ms
251 timing metavuln:cache:get:security-advisory:tar:eeMx7uxRjV2T2ub1XcSZGVUMDQllh5SgBOjApRXoDwccZb2xPyoJEKCNDkl/ZQGHcurw9K/Nf+wQF6u7SWH6CQ== Completed in 4204ms
252 timing metavuln:cache:get:security-advisory:js-yaml:hRHUgW0MJiPqjWt2sUfet2EYlqoE1gaxACC2WErx8y0hzruS4JIdQFSyu03fknqwUeEglYl2LNhb3CLbe1gk7A== Completed in 4235ms
253 timing metavuln:cache:get:security-advisory:qs:vVSN+MRVpdux32gCUfPGidHUGmS/0G5Ziwtmb1YXw3NARw1r47LtySeR7yFf/LZ4sKzi41443WWDDZzPHuCh9g== Completed in 4226ms
254 timing metavuln:cache:get:security-advisory:serve-static:VyBBWzRCPk4QPwU71mkZJ+QZdwW0bnbx/lUJDdvhij3t67jGrB4z2A5Ryyta1VjZgpmZ9kuyannc46B7jSSuiQ== Completed in 4246ms
255 timing metavuln:load:security-advisory:serve-static:1100528 Completed in 1ms
256 timing metavuln:calculate:security-advisory:serve-static:1100528 Completed in 4265ms
257 timing metavuln:cache:get:security-advisory:path-to-regexp:0sP5sOjSm2jEVzBjQIX2s9I2rZ6lj48WyfSR+oVtUzndwLs0Cww28/j1R5EWf/fv+a3hc7KtVDL8gxcHV6kAiQ== Completed in 4268ms
258 timing metavuln:cache:get:security-advisory:on-headers:O+Ys/f4bZubU3jA9Sqz4HIIJaATwc83W201O653Eo/4y8FTwrgSc3mrXs4p8n7svj0OzipJYTBXXWJCgp81mSQ== Completed in 4271ms
259 timing metavuln:load:security-advisory:on-headers:1106812 Completed in 0ms
260 timing metavuln:calculate:security-advisory:on-headers:1106812 Completed in 4272ms
261 timing metavuln:cache:get:security-advisory:jsonata:5dKlP/6FLURciFRRzR/na3nitvuO2U4vuHG9b5XFFBWiPwATncTqd7g7rdgpqyT0cjUgFreubadTXF4xr42K2A== Completed in 4277ms
262 timing metavuln:cache:get:security-advisory:tar:UWW3Y4BpqE/fE3Qp2/QBaix5a7TZZoP7gM6asxPYL9ED9MweoK3ryao+Bp0Y6Y8Xds/rmjAafpG21YRYkP3N4g== Completed in 4251ms
263 timing metavuln:cache:get:security-advisory:tar:HvLlMJbJXEUK/onHcx6iH5KU2NP+7E7MMPhRhGnsmcr2FY6JAnWF2rcRAgVDBJAOnatQ9kP+OBlK6rRRB4Lm1w== Completed in 4218ms
264 timing metavuln:cache:get:security-advisory:tar:Bbf0Br7FJ1lJBIJDoLLFwjsDrbaYgLVqfrwr0ATzSQWEKW7Xp073S+5zxU9imRf4OqRJHo2MsCDeyKR0KRVsdA== Completed in 4259ms
265 timing metavuln:cache:get:security-advisory:tar:qPQeYPFDBIedTWfYK3sbnScF6Ha7ouTs+wgndnz4PT5P+/K+GBD4epoPcYpXlu6AC7gSJlCJTJeuKbYAFoK9PA== Completed in 4271ms
266 timing metavuln:cache:get:security-advisory:tar:W1TcF4N8X2Krsm+r3h0ddGUXMEZZiAaynzYZTQxJc/5bpRkiYZlmagV6PyPqJsq/qtKMzvdrdTLDuOgdPU5XNA== Completed in 4236ms
267 timing metavuln:cache:get:security-advisory:ws:NDzUiGrGJBp8DoZzCon7azLP0LOhVnGY7xx297BjzjnqdtYDRMANm8/0AgR35WeUhDSySlgbQWbt14Y+mmTBwg== Completed in 4211ms
268 timing metavuln:load:security-advisory:ws:1118729 Completed in 2ms
269 timing metavuln:calculate:security-advisory:ws:1118729 Completed in 4223ms
270 timing metavuln:cache:get:security-advisory:tar:cbwMpzkxWE086TmEbj2aUk80Z6hlvP0jzlWS+XiX15JwqEtFzUgHyHj3QX4I6EZYk8tgcYPuNr3hYFVCQY6e3Q== Completed in 4267ms
271 timing metavuln:cache:get:security-advisory:qs:iChjlXxtVMTpyXsUse674XoeCayLW4gF6rE7sQcXvHRFegwpM44fUr9Eqlmsmu+S9udu9w9eZmpzcAcyiUJMIQ== Completed in 4285ms
272 timing metavuln:cache:get:security-advisory:uuid:fjKShcKspemxj7050oTyq4F6Ys6oXOzZoO3QUapp6PgJCcrmTMbXQaxkcJ1QLLNHzsQ9sgLuhrlezjv+hoSUhg== Completed in 4257ms
273 timing metavuln:cache:get:security-advisory:tar:t6qp9bDoOJC5ykUhMod9HFHgHDvI1UW6GnqB8jJS6Yi46hF+kajSpG1iT7saQrxA8wmMjWcqOhBiMPJM8/0lzQ== Completed in 4265ms
274 timing reifyNode:node_modules/@types/cors Completed in 4309ms
275 timing metavuln:cache:get:security-advisory:tar:vbDW3SJe6e2hhLv65iuyXehzCzEAirdu2MloZluu8ApJ5S0mpjZNCz+7tMRaz8WDOzMKfYQKi/M/IfcFNOa3Cw== Completed in 4297ms
276 timing metavuln:cache:get:security-advisory:body-parser:uoEU0GS6gk35ZdcQ5nagZYzZcDz5Th0PEvPIVa8rzwbO20pRdxYbAhpIm6Wc5MALXoWb1C4X8WqCtH02U0Wo1A== Completed in 4475ms
277 timing metavuln:cache:get:security-advisory:tar:9WNWShpJfn52pM8ZKKqi6EHYXLJH6jIL35WJ1kx3R94kQ68yiei98QDX2MAYELuoz72lFzgt8ZNwVFO+0shTPQ== Completed in 4319ms
278 timing metavuln:cache:get:security-advisory:ws:X1zzrfhbKpEJXO0VHdW/NpwmNGX+/AhJMY5mLpBQyiLg9bCnd7OZZ1KOjcgGi89DSjYF2d96mtEscLNWlXOZ2A== Completed in 4295ms
279 timing metavuln:load:security-advisory:ws:1123260 Completed in 17ms
280 timing metavuln:calculate:security-advisory:ws:1123260 Completed in 4314ms
281 timing reifyNode:node_modules/socket.io-parser/node_modules/ms Completed in 4380ms
282 timing reifyNode:node_modules/engine.io/node_modules/ms Completed in 4377ms
283 timing reifyNode:node_modules/socket.io/node_modules/ms Completed in 4385ms
284 timing reifyNode:node_modules/node-red-dashboard/node_modules/ms Completed in 4383ms
285 timing reifyNode:node_modules/socket.io-adapter/node_modules/ms Completed in 4392ms
286 timing metavuln:cache:get:security-advisory:js-yaml:4JRmIWaw7t9g2nj2coc/knMKSpUTTvf6gd7QGFDejryJnGjc+YeBUVzshR5afcQZnuPyYGRjBRxydkQEqdhtbQ== Completed in 4429ms
287 timing metavuln:cache:get:security-advisory:tar:arb4g8pdc7oanKU5x4mZlj4SU69lbBj1SSV/G1A404J9n2o/hIuWJHnMVKD9bwNuOjGRq9jrqCqZbeRyPHxymw== Completed in 4366ms
288 timing metavuln:cache:get:security-advisory:tar:WPAHyAaav02PDduw2eGnG6X+ABpwBjqmBwdNXRWo4FQEksB49HA4+TNk5yn/gtgvovYrJSHS2rT9f+21J9+P5g== Completed in 4374ms
289 timing metavuln:cache:get:security-advisory:tar:xsfciMtNhQn+Vb692L8h5HEYBYUJ5Lhjy3bF//LOsKSn8tp0f1hbuDX26k9UtKJNPZjM5uuq2Cxlz3KwL19oJg== Completed in 4376ms
290 timing reifyNode:node_modules/compressible Completed in 4424ms
291 timing reifyNode:node_modules/node-red-dashboard/node_modules/encodeurl Completed in 4427ms
292 timing reifyNode:node_modules/compression/node_modules/on-headers Completed in 4456ms
293 timing reifyNode:node_modules/node-red-dashboard/node_modules/http-errors Completed in 4471ms
294 timing reifyNode:node_modules/engine.io/node_modules/cookie Completed in 4521ms
295 timing reifyNode:node_modules/node-red-dashboard/node_modules/statuses Completed in 4523ms
296 timing reifyNode:node_modules/base64id Completed in 4530ms
297 timing reifyNode:node_modules/node-red-dashboard/node_modules/serve-static Completed in 4527ms
298 timing reifyNode:node_modules/compression/node_modules/safe-buffer Completed in 4536ms
299 timing reifyNode:node_modules/@types/ws Completed in 4550ms
300 timing reifyNode:node_modules/engine.io/node_modules/debug Completed in 4557ms
301 timing reifyNode:node_modules/socket.io/node_modules/debug Completed in 4557ms
302 timing reifyNode:node_modules/socket.io-parser/node_modules/debug Completed in 4566ms
303 timing reifyNode:node_modules/socket.io-adapter/node_modules/debug Completed in 4578ms
304 timing reifyNode:node_modules/node-red-dashboard/node_modules/send Completed in 4652ms
305 timing reifyNode:node_modules/compression Completed in 4947ms
306 timing reifyNode:node_modules/compression/node_modules/negotiator Completed in 5746ms
307 timing reifyNode:node_modules/node-red-dashboard/node_modules/mime Completed in 5941ms
308 timing reifyNode:node_modules/@socket.io/component-emitter Completed in 6086ms
309 http fetch GET 200 https://registry.npmjs.org/body-parser 6531ms (cache revalidated)
310 timing metavuln:packument:body-parser Completed in 6554ms
311 timing metavuln:load:security-advisory:body-parser:1123977 Completed in 7ms
312 timing metavuln:calculate:security-advisory:body-parser:1123977 Completed in 6563ms
313 timing metavuln:load:security-advisory:body-parser:1099520 Completed in 6ms
314 timing metavuln:calculate:security-advisory:body-parser:1099520 Completed in 6557ms
315 http fetch GET 200 https://registry.npmjs.org/follow-redirects 6462ms (cache revalidated)
316 timing metavuln:packument:follow-redirects Completed in 6547ms
317 timing metavuln:load:security-advisory:follow-redirects:1109569 Completed in 4ms
318 timing metavuln:calculate:security-advisory:follow-redirects:1109569 Completed in 6565ms
319 timing metavuln:load:security-advisory:follow-redirects:1096856 Completed in 1ms
320 timing metavuln:calculate:security-advisory:follow-redirects:1096856 Completed in 6514ms
321 timing metavuln:load:security-advisory:follow-redirects:1116560 Completed in 11ms
322 timing metavuln:calculate:security-advisory:follow-redirects:1116560 Completed in 6526ms
323 http fetch GET 200 https://registry.npmjs.org/form-data 6548ms (cache revalidated)
324 timing metavuln:packument:form-data Completed in 6571ms
325 timing metavuln:load:security-advisory:form-data:1109538 Completed in 1ms
326 timing metavuln:calculate:security-advisory:form-data:1109538 Completed in 6575ms
327 timing metavuln:load:security-advisory:form-data:1120743 Completed in 0ms
328 timing metavuln:calculate:security-advisory:form-data:1120743 Completed in 6592ms
329 http fetch GET 200 https://registry.npmjs.org/@babel%2fruntime 6757ms (cache revalidated)
330 timing metavuln:packument:@babel/runtime Completed in 6769ms
331 timing metavuln:load:security-advisory:@babel/runtime:1104000 Completed in 5ms
332 timing metavuln:calculate:security-advisory:@babel/runtime:1104000 Completed in 6779ms
333 http fetch GET 200 https://registry.npmjs.org/brace-expansion 6727ms (cache revalidated)
334 timing metavuln:packument:brace-expansion Completed in 6730ms
335 timing metavuln:load:security-advisory:brace-expansion:1105443 Completed in 1ms
336 timing metavuln:calculate:security-advisory:brace-expansion:1105443 Completed in 6733ms
337 timing metavuln:load:security-advisory:brace-expansion:1130588 Completed in 0ms
338 timing metavuln:calculate:security-advisory:brace-expansion:1130588 Completed in 6732ms
339 timing metavuln:load:security-advisory:brace-expansion:1130737 Completed in 1ms
340 timing metavuln:calculate:security-advisory:brace-expansion:1130737 Completed in 6733ms
341 timing metavuln:load:security-advisory:brace-expansion:1115540 Completed in 1ms
342 timing metavuln:calculate:security-advisory:brace-expansion:1115540 Completed in 6734ms
343 timing metavuln:load:security-advisory:brace-expansion:1123897 Completed in 0ms
344 timing metavuln:calculate:security-advisory:brace-expansion:1123897 Completed in 6736ms
345 http fetch GET 200 https://registry.npmjs.org/axios 6771ms (cache revalidated)
346 timing metavuln:packument:axios Completed in 6794ms
347 timing metavuln:load:security-advisory:axios:1111034 Completed in 9ms
348 timing metavuln:calculate:security-advisory:axios:1111034 Completed in 6837ms
349 timing metavuln:load:security-advisory:axios:1119403 Completed in 1ms
350 timing metavuln:calculate:security-advisory:axios:1119403 Completed in 6855ms
351 timing metavuln:load:security-advisory:axios:1120124 Completed in 17ms
352 timing metavuln:calculate:security-advisory:axios:1120124 Completed in 6874ms
353 timing metavuln:load:security-advisory:axios:1120546 Completed in 7ms
354 timing metavuln:calculate:security-advisory:axios:1120546 Completed in 6887ms
355 timing metavuln:load:security-advisory:axios:1120644 Completed in 5ms
356 timing metavuln:calculate:security-advisory:axios:1120644 Completed in 6920ms
357 timing metavuln:load:security-advisory:axios:1120646 Completed in 9ms
358 timing metavuln:calculate:security-advisory:axios:1120646 Completed in 6944ms
359 timing metavuln:load:security-advisory:axios:1120648 Completed in 36ms
360 timing metavuln:calculate:security-advisory:axios:1120648 Completed in 6984ms
361 timing metavuln:load:security-advisory:axios:1120651 Completed in 12ms
362 timing metavuln:calculate:security-advisory:axios:1120651 Completed in 7002ms
363 timing metavuln:load:security-advisory:axios:1116672 Completed in 1ms
364 timing metavuln:calculate:security-advisory:axios:1116672 Completed in 7011ms
365 timing metavuln:load:security-advisory:axios:1117573 Completed in 0ms
366 timing metavuln:calculate:security-advisory:axios:1117573 Completed in 7022ms
367 timing metavuln:load:security-advisory:axios:1117575 Completed in 1ms
368 timing metavuln:calculate:security-advisory:axios:1117575 Completed in 7032ms
369 timing metavuln:load:security-advisory:axios:1117579 Completed in 9ms
370 timing metavuln:calculate:security-advisory:axios:1117579 Completed in 7042ms
371 timing metavuln:load:security-advisory:axios:1117582 Completed in 1ms
372 timing metavuln:calculate:security-advisory:axios:1117582 Completed in 7049ms
373 timing metavuln:load:security-advisory:axios:1117586 Completed in 1ms
374 timing metavuln:calculate:security-advisory:axios:1117586 Completed in 7057ms
375 timing metavuln:load:security-advisory:axios:1117588 Completed in 2ms
376 timing metavuln:calculate:security-advisory:axios:1117588 Completed in 7081ms
377 timing metavuln:load:security-advisory:axios:1117590 Completed in 1ms
378 timing metavuln:calculate:security-advisory:axios:1117590 Completed in 7104ms
379 timing metavuln:load:security-advisory:axios:1117592 Completed in 6ms
380 timing metavuln:calculate:security-advisory:axios:1117592 Completed in 7110ms
381 timing metavuln:load:security-advisory:axios:1117594 Completed in 9ms
382 timing metavuln:calculate:security-advisory:axios:1117594 Completed in 7122ms
383 timing metavuln:load:security-advisory:axios:1117857 Completed in 3ms
384 timing metavuln:calculate:security-advisory:axios:1117857 Completed in 7132ms
385 timing metavuln:load:security-advisory:axios:1123825 Completed in 22ms
386 timing metavuln:calculate:security-advisory:axios:1123825 Completed in 7161ms
387 timing metavuln:load:security-advisory:axios:1123958 Completed in 47ms
388 timing metavuln:calculate:security-advisory:axios:1123958 Completed in 7225ms
389 timing metavuln:load:security-advisory:axios:1123972 Completed in 2ms
390 timing metavuln:calculate:security-advisory:axios:1123972 Completed in 7229ms
391 timing metavuln:load:security-advisory:axios:1097679 Completed in 0ms
392 timing metavuln:calculate:security-advisory:axios:1097679 Completed in 7231ms
393 http fetch GET 200 https://registry.npmjs.org/ajv 7247ms (cache revalidated)
394 timing metavuln:packument:ajv Completed in 7261ms
395 timing metavuln:load:security-advisory:ajv:1113715 Completed in 30ms
396 timing metavuln:calculate:security-advisory:ajv:1113715 Completed in 7300ms
397 http fetch GET 200 https://registry.npmjs.org/express 7245ms (cache revalidated)
398 timing metavuln:packument:express Completed in 7281ms
399 timing metavuln:load:security-advisory:express:1100530 Completed in 3ms
400 timing metavuln:calculate:security-advisory:express:1100530 Completed in 7292ms
401 timing metavuln:load:security-advisory:express:1111636 Completed in 19ms
402 timing metavuln:calculate:security-advisory:express:1111636 Completed in 7296ms
403 http fetch GET 200 https://registry.npmjs.org/js-yaml 7215ms (cache revalidated)
404 timing metavuln:packument:js-yaml Completed in 7238ms
405 timing metavuln:load:security-advisory:js-yaml:1112715 Completed in 3ms
406 timing metavuln:calculate:security-advisory:js-yaml:1112715 Completed in 7250ms
407 timing metavuln:load:security-advisory:js-yaml:1121860 Completed in 0ms
408 timing metavuln:calculate:security-advisory:js-yaml:1121860 Completed in 7248ms
409 timing metavuln:load:security-advisory:js-yaml:1123911 Completed in 1ms
410 timing metavuln:calculate:security-advisory:js-yaml:1123911 Completed in 7250ms
411 http fetch GET 200 https://registry.npmjs.org/qs 7274ms (cache revalidated)
412 timing metavuln:packument:qs Completed in 7282ms
413 timing metavuln:load:security-advisory:qs:1113161 Completed in 1ms
414 timing metavuln:calculate:security-advisory:qs:1113161 Completed in 7292ms
415 timing metavuln:load:security-advisory:qs:1113719 Completed in 8ms
416 timing metavuln:calculate:security-advisory:qs:1113719 Completed in 7305ms
417 timing reifyNode:node_modules/socket.io-adapter Completed in 7291ms
418 http fetch GET 200 https://registry.npmjs.org/tar 7309ms (cache revalidated)
419 timing metavuln:packument:tar Completed in 7323ms
420 timing metavuln:load:security-advisory:tar:1112659 Completed in 13ms
421 timing metavuln:calculate:security-advisory:tar:1112659 Completed in 7344ms
422 timing metavuln:load:security-advisory:tar:1113300 Completed in 1ms
423 timing metavuln:calculate:security-advisory:tar:1113300 Completed in 7347ms
424 timing metavuln:load:security-advisory:tar:1113375 Completed in 9ms
425 timing metavuln:calculate:security-advisory:tar:1113375 Completed in 7371ms
426 timing metavuln:load:security-advisory:tar:1114200 Completed in 1ms
427 timing metavuln:calculate:security-advisory:tar:1114200 Completed in 7372ms
428 timing metavuln:load:security-advisory:tar:1114302 Completed in 2ms
429 timing metavuln:calculate:security-advisory:tar:1114302 Completed in 7377ms
430 timing metavuln:load:security-advisory:tar:1120782 Completed in 1ms
431 timing metavuln:calculate:security-advisory:tar:1120782 Completed in 7356ms
432 timing metavuln:load:security-advisory:tar:1114680 Completed in 10ms
433 timing metavuln:calculate:security-advisory:tar:1114680 Completed in 7369ms
434 timing metavuln:load:security-advisory:tar:1123939 Completed in 2ms
435 timing metavuln:calculate:security-advisory:tar:1123939 Completed in 7361ms
436 timing metavuln:load:security-advisory:tar:1123940 Completed in 12ms
437 timing metavuln:calculate:security-advisory:tar:1123940 Completed in 7376ms
438 timing metavuln:load:security-advisory:tar:1123941 Completed in 0ms
439 timing metavuln:calculate:security-advisory:tar:1123941 Completed in 7380ms
440 timing metavuln:load:security-advisory:tar:1123942 Completed in 1ms
441 timing metavuln:calculate:security-advisory:tar:1123942 Completed in 7386ms
442 timing metavuln:load:security-advisory:tar:1124287 Completed in 3ms
443 timing metavuln:calculate:security-advisory:tar:1124287 Completed in 7395ms
444 timing metavuln:load:security-advisory:tar:1097493 Completed in 2ms
445 timing metavuln:calculate:security-advisory:tar:1097493 Completed in 7433ms
446 http fetch GET 200 https://registry.npmjs.org/jsonata 7733ms (cache revalidated)
447 timing metavuln:packument:jsonata Completed in 7737ms
448 timing metavuln:load:security-advisory:jsonata:1130739 Completed in 0ms
449 timing metavuln:calculate:security-advisory:jsonata:1130739 Completed in 7739ms
450 timing metavuln:load:security-advisory:jsonata:1096642 Completed in 0ms
451 timing metavuln:calculate:security-advisory:jsonata:1096642 Completed in 7738ms
452 http fetch GET 200 https://registry.npmjs.org/path-to-regexp 7735ms (cache revalidated)
453 timing metavuln:packument:path-to-regexp Completed in 7741ms
454 timing metavuln:load:security-advisory:path-to-regexp:1101850 Completed in 0ms
455 timing metavuln:calculate:security-advisory:path-to-regexp:1101850 Completed in 7746ms
456 timing metavuln:load:security-advisory:path-to-regexp:1105199 Completed in 1ms
457 timing metavuln:calculate:security-advisory:path-to-regexp:1105199 Completed in 7769ms
458 timing metavuln:load:security-advisory:path-to-regexp:1115527 Completed in 0ms
459 timing metavuln:calculate:security-advisory:path-to-regexp:1115527 Completed in 7774ms
460 http fetch GET 200 https://registry.npmjs.org/uuid 7722ms (cache revalidated)
461 timing metavuln:packument:uuid Completed in 7736ms
462 timing metavuln:load:security-advisory:uuid:1119441 Completed in 3ms
463 timing metavuln:calculate:security-advisory:uuid:1119441 Completed in 7756ms
464 http fetch GET 200 https://registry.npmjs.org/minimatch 7960ms (cache revalidated)
465 timing metavuln:packument:minimatch Completed in 7976ms
466 timing metavuln:load:security-advisory:minimatch:1113459 Completed in 27ms
467 timing metavuln:calculate:security-advisory:minimatch:1113459 Completed in 8020ms
468 timing metavuln:load:security-advisory:minimatch:1113538 Completed in 1ms
469 timing metavuln:calculate:security-advisory:minimatch:1113538 Completed in 8019ms
470 timing metavuln:load:security-advisory:minimatch:1113546 Completed in 0ms
471 timing metavuln:calculate:security-advisory:minimatch:1113546 Completed in 8018ms
472 timing reifyNode:node_modules/socket.io-parser Completed in 8326ms
473 timing reifyNode:node_modules/undici-types Completed in 8404ms
474 timing metavuln:cache:get:security-advisory:i18next:l4tbfjbVOZGuH/00FuoHxAf5DtkJBCMqzu0CQ4juWz1pfNe0diGF78qD/NikjjOQugC9THUj3QGPzO/X2ByTaQ== Completed in 485ms
475 timing reifyNode:node_modules/engine.io-parser Completed in 8500ms
476 timing reifyNode:node_modules/engine.io Completed in 8652ms
477 http fetch GET 200 https://registry.npmjs.org/ws/-/ws-8.21.2.tgz 9157ms (cache miss)
478 timing reifyNode:node_modules/engine.io/node_modules/ws Completed in 8663ms
479 http fetch GET 200 https://registry.npmjs.org/ws/-/ws-8.21.2.tgz 9203ms (cache miss)
480 timing reifyNode:node_modules/socket.io-adapter/node_modules/ws Completed in 8693ms
481 timing reifyNode:node_modules/gridstack Completed in 8817ms
482 timing reifyNode:node_modules/socket.io Completed in 8943ms
483 http fetch GET 200 https://registry.npmjs.org/i18next 1342ms (cache revalidated)
484 timing metavuln:packument:i18next Completed in 1414ms
485 timing metavuln:load:security-advisory:i18next:xDaNmlS3J8LRk7IfDb7e9Gp3gcy/xDr1QZXCKC997SMkqKVemm2guY9vQpRI6omD11L5cfCI+STpoAdxUgnVsA== Completed in 4ms
486 timing metavuln:calculate:security-advisory:i18next:xDaNmlS3J8LRk7IfDb7e9Gp3gcy/xDr1QZXCKC997SMkqKVemm2guY9vQpRI6omD11L5cfCI+STpoAdxUgnVsA== Completed in 1443ms
487 timing metavuln:cache:get:security-advisory:@node-red/nodes:H6YMUYg6/SnV6KZr5oY58qo8uT8MyYqbcIASNP4wtrJIXjoOzPaJQBXi3dnXzJunHvf18LA6CvYzrBOl4Q33mA== Completed in 172ms
488 timing reifyNode:node_modules/jquery Completed in 9655ms
489 timing reifyNode:node_modules/@types/node Completed in 9744ms
490 http fetch GET 200 https://registry.npmjs.org/@node-red%2fnodes 850ms (cache revalidated)
491 timing metavuln:packument:@node-red/nodes Completed in 885ms
492 timing metavuln:load:security-advisory:@node-red/nodes:URErmxoyazZWR5lFcXpgTkGsbkrUBDlzD8W6txjBw2wZoOC7oHjHFfCrRr/VnGeJvbyUY9E2jxrL8p2XbwfP8g== Completed in 1ms
493 timing metavuln:calculate:security-advisory:@node-red/nodes:URErmxoyazZWR5lFcXpgTkGsbkrUBDlzD8W6txjBw2wZoOC7oHjHFfCrRr/VnGeJvbyUY9E2jxrL8p2XbwfP8g== Completed in 894ms
494 warn deprecated node-red-dashboard@3.6.6: No longer maintained - please look at alternatives such as @flowfuse/node-red-dashboard or node-red-contrib-uibuilder
495 timing reifyNode:node_modules/node-red-dashboard Completed in 10410ms
496 timing reify:unpack Completed in 10424ms
497 timing reify:unretire Completed in 2ms
498 timing build:queue Completed in 22ms
499 timing metavuln:cache:get:security-advisory:node-red-admin:fTQCeOxhqlTGErL49vBwsy40DAG6rtdTeK+9SXXVkx4rmgfwyPQHv696SyAA5D4fW9d/60PJkC6EZKG5HUh+Hw== Completed in 119ms
500 timing build:link:node_modules/node-red-dashboard/node_modules/mime Completed in 15ms
501 timing build:link Completed in 16ms
502 info run node-red-dashboard@3.6.6 postinstall node_modules/node-red-dashboard node fixgrid.js
503 http fetch GET 200 https://registry.npmjs.org/node-red-admin 443ms (cache revalidated)
504 timing metavuln:packument:node-red-admin Completed in 472ms
505 timing metavuln:load:security-advisory:node-red-admin:We3wxcPk9kkn0xwhYIVh3tbSPV88qcTDaObr31jY6FxiY7XBPfg0F6J9WCgTA+9XIQ528JIUG23csmksMa5djw== Completed in 1ms
506 timing metavuln:calculate:security-advisory:node-red-admin:We3wxcPk9kkn0xwhYIVh3tbSPV88qcTDaObr31jY6FxiY7XBPfg0F6J9WCgTA+9XIQ528JIUG23csmksMa5djw== Completed in 473ms
507 info run node-red-dashboard@3.6.6 postinstall { code: 0, signal: null }
508 timing build:run:postinstall:node_modules/node-red-dashboard Completed in 420ms
509 timing build:run:postinstall Completed in 426ms
510 timing build:deps Completed in 478ms
511 timing build Completed in 479ms
512 timing reify:build Completed in 489ms
513 timing reify:trash Completed in 0ms
514 timing metavuln:cache:get:security-advisory:@node-red/editor-api:tWKJWUn99hESwZMeEif2lA3YF1CLl+ma+0kXuRVyIhhsxGXB0z5TF8V0iLyLRkf2xGzZyFDs/zjlI8xNgbajRA== Completed in 591ms
515 timing metavuln:cache:get:security-advisory:express:uYweQZJrzHqFLWrgN/fzET7ZS/ExJNOtjKfhPRnZqEoPxRdT+XltnvMhZuE8SWSHEjEC9nrk2rtf/sDLZyYP0g== Completed in 609ms
516 timing metavuln:load:security-advisory:express:pig1SyrSKsjwjwwwj/jcD4mcNcfTO4pdo3Rc4tPJdqhmmrNQQn7BKDC6fAaFHDO30oyQ3Itoq6p8rLy4sFuQDg== Completed in 14ms
517 timing metavuln:calculate:security-advisory:express:pig1SyrSKsjwjwwwj/jcD4mcNcfTO4pdo3Rc4tPJdqhmmrNQQn7BKDC6fAaFHDO30oyQ3Itoq6p8rLy4sFuQDg== Completed in 637ms
518 timing reify:save Completed in 558ms
519 timing metavuln:cache:get:security-advisory:@node-red/nodes:ZJ4ITaLe7jEcGpQppmo/KdnZTzBJ9xtLGsn26p6W1fvVJkp1OtYNwMqez3dKiJUfOcQeRZeKpu+jqwOtiZEB6A== Completed in 755ms
520 timing metavuln:load:security-advisory:@node-red/nodes:pig1SyrSKsjwjwwwj/jcD4mcNcfTO4pdo3Rc4tPJdqhmmrNQQn7BKDC6fAaFHDO30oyQ3Itoq6p8rLy4sFuQDg== Completed in 4ms
521 timing metavuln:calculate:security-advisory:@node-red/nodes:pig1SyrSKsjwjwwwj/jcD4mcNcfTO4pdo3Rc4tPJdqhmmrNQQn7BKDC6fAaFHDO30oyQ3Itoq6p8rLy4sFuQDg== Completed in 761ms
522 http fetch GET 200 https://registry.npmjs.org/@node-red%2feditor-api 1553ms (cache revalidated)
523 timing metavuln:packument:@node-red/editor-api Completed in 1571ms
524 timing metavuln:load:security-advisory:@node-red/editor-api:pig1SyrSKsjwjwwwj/jcD4mcNcfTO4pdo3Rc4tPJdqhmmrNQQn7BKDC6fAaFHDO30oyQ3Itoq6p8rLy4sFuQDg== Completed in 4ms
525 timing metavuln:calculate:security-advisory:@node-red/editor-api:pig1SyrSKsjwjwwwj/jcD4mcNcfTO4pdo3Rc4tPJdqhmmrNQQn7BKDC6fAaFHDO30oyQ3Itoq6p8rLy4sFuQDg== Completed in 1579ms
526 timing metavuln:cache:get:security-advisory:minimatch:EdzP79sukXfwnaTxyFO/a1+fXPBBvIH9NlsgWGTGWGSpQkNPxYQxFaMxiKCAwfckwBABbsvD1jCrk+QZ4W56Rw== Completed in 90ms
527 timing metavuln:load:security-advisory:minimatch:7IQMvcVTr+svbh5KCx4Kl6FQKJ1GciM03BnJAve/5WYJjUeRzKAIrStVpfachbl3T6a7o8nYlQEVG6Ih0TNXRg== Completed in 1ms
528 timing metavuln:calculate:security-advisory:minimatch:7IQMvcVTr+svbh5KCx4Kl6FQKJ1GciM03BnJAve/5WYJjUeRzKAIrStVpfachbl3T6a7o8nYlQEVG6Ih0TNXRg== Completed in 95ms
529 timing metavuln:cache:get:security-advisory:express:sb5aHYxuv7oTd2v1ApotGTTuwOWqb9o3qRQ2W5Aju5V6v7nYbGS+2GR0OxQkrB3Sgzu051IbP4LwzpKgrH2WGQ== Completed in 170ms
530 timing metavuln:load:security-advisory:express:EFt7h/FZLeopARa06+F2CBY5ItUm007mP/cHgZjTJZX1MeIwg3JD7toSioRoDeE8wm5VdkimqlS+CnuPhZqbIg== Completed in 4ms
531 timing metavuln:calculate:security-advisory:express:EFt7h/FZLeopARa06+F2CBY5ItUm007mP/cHgZjTJZX1MeIwg3JD7toSioRoDeE8wm5VdkimqlS+CnuPhZqbIg== Completed in 178ms
532 timing metavuln:cache:get:security-advisory:cookie-parser:wMGY3CTwe1TilEBppkXmFEhwLd0qajxRq2E+aSYE5xmodo241jSbmUsYne+laUgMsb4eY82rGeNCJeLwFX3edQ== Completed in 174ms
533 timing metavuln:cache:get:security-advisory:@node-red/nodes:GrFu1PUuV0hJAN8B8Bmfp/F/aPV9iT/r+tULQi1NQiXvg5DwKywK9tEeDyLgLedgDqWkiFbiwe9QGGSrrmKIdg== Completed in 192ms
534 timing metavuln:load:security-advisory:@node-red/nodes:EFt7h/FZLeopARa06+F2CBY5ItUm007mP/cHgZjTJZX1MeIwg3JD7toSioRoDeE8wm5VdkimqlS+CnuPhZqbIg== Completed in 15ms
535 timing metavuln:calculate:security-advisory:@node-red/nodes:EFt7h/FZLeopARa06+F2CBY5ItUm007mP/cHgZjTJZX1MeIwg3JD7toSioRoDeE8wm5VdkimqlS+CnuPhZqbIg== Completed in 209ms
536 timing metavuln:cache:get:security-advisory:express-session:RFFw5smL0rZuDKrfLxn6699poueLzOCubLBSzyfAqaGQ6Eq4WbWvd70fXxwEsYVZTTDGSh5+AhanApzKk8vNmQ== Completed in 227ms
537 http fetch GET 200 https://registry.npmjs.org/express-session 442ms (cache revalidated)
538 timing metavuln:packument:express-session Completed in 473ms
539 timing metavuln:load:security-advisory:express-session:EFt7h/FZLeopARa06+F2CBY5ItUm007mP/cHgZjTJZX1MeIwg3JD7toSioRoDeE8wm5VdkimqlS+CnuPhZqbIg== Completed in 3ms
540 timing metavuln:calculate:security-advisory:express-session:EFt7h/FZLeopARa06+F2CBY5ItUm007mP/cHgZjTJZX1MeIwg3JD7toSioRoDeE8wm5VdkimqlS+CnuPhZqbIg== Completed in 487ms
541 http fetch GET 200 https://registry.npmjs.org/cookie-parser 494ms (cache revalidated)
542 timing metavuln:packument:cookie-parser Completed in 500ms
543 timing metavuln:load:security-advisory:cookie-parser:EFt7h/FZLeopARa06+F2CBY5ItUm007mP/cHgZjTJZX1MeIwg3JD7toSioRoDeE8wm5VdkimqlS+CnuPhZqbIg== Completed in 2ms
544 timing metavuln:calculate:security-advisory:cookie-parser:EFt7h/FZLeopARa06+F2CBY5ItUm007mP/cHgZjTJZX1MeIwg3JD7toSioRoDeE8wm5VdkimqlS+CnuPhZqbIg== Completed in 515ms
545 timing metavuln:cache:get:security-advisory:node-red:7ONkx0AukNofVjhHOBVwT+PIvQ+VOcE+wAZoRMgPQP1uYDah+cRjZhuuVlBBpyYzoYKOynEJQNu00WUmepptOw== Completed in 128ms
546 timing metavuln:cache:get:security-advisory:@node-red/runtime:4egPVIOfn1+81vt/C0cRku0gkOaAc25MIw5p8uHJucOGWrIVAuWstyEi59LfBBkuWnuUTg2Afaf1m8w9rNoFLw== Completed in 141ms
547 timing metavuln:cache:get:security-advisory:@node-red/editor-api:gkn5Wz4IsqobDVSdpQdUio9y1kbpQGMb3svHjFogB9fBkchzVdfM4pyOgOf5R0BwzitPePcqyc4D7dKs3cWyJA== Completed in 143ms
548 timing metavuln:load:security-advisory:@node-red/editor-api:Y6ACp2DmYM+0HQ/I8CvEhLQJwNp8DOoQ76C8ObH06Y0qG40PIuVRmOi3OWzwUOTASTLCIWqeicWSO/acR3aaGQ== Completed in 3ms
549 timing metavuln:calculate:security-advisory:@node-red/editor-api:Y6ACp2DmYM+0HQ/I8CvEhLQJwNp8DOoQ76C8ObH06Y0qG40PIuVRmOi3OWzwUOTASTLCIWqeicWSO/acR3aaGQ== Completed in 149ms
550 http fetch GET 200 https://registry.npmjs.org/node-red 733ms (cache revalidated)
551 timing metavuln:packument:node-red Completed in 780ms
552 timing metavuln:load:security-advisory:node-red:Y6ACp2DmYM+0HQ/I8CvEhLQJwNp8DOoQ76C8ObH06Y0qG40PIuVRmOi3OWzwUOTASTLCIWqeicWSO/acR3aaGQ== Completed in 3ms
553 timing metavuln:calculate:security-advisory:node-red:Y6ACp2DmYM+0HQ/I8CvEhLQJwNp8DOoQ76C8ObH06Y0qG40PIuVRmOi3OWzwUOTASTLCIWqeicWSO/acR3aaGQ== Completed in 805ms
554 http fetch GET 200 https://registry.npmjs.org/@node-red%2fruntime 1238ms (cache revalidated)
555 timing metavuln:packument:@node-red/runtime Completed in 1255ms
556 timing metavuln:load:security-advisory:@node-red/runtime:Y6ACp2DmYM+0HQ/I8CvEhLQJwNp8DOoQ76C8ObH06Y0qG40PIuVRmOi3OWzwUOTASTLCIWqeicWSO/acR3aaGQ== Completed in 44ms
557 timing metavuln:calculate:security-advisory:@node-red/runtime:Y6ACp2DmYM+0HQ/I8CvEhLQJwNp8DOoQ76C8ObH06Y0qG40PIuVRmOi3OWzwUOTASTLCIWqeicWSO/acR3aaGQ== Completed in 1322ms
558 timing metavuln:cache:get:security-advisory:axios:/SV6pkSV0pxwG9g+eYbOx4XvVUqnFHMphxCf9Ku6J2UxW5vXiVzWkBWVe7MBXreUkfqBVBCg0Wcz+pTdOxJvYQ== Completed in 162ms
559 timing metavuln:load:security-advisory:axios:3NqE18TAUt4qyZjI0VKQQxqYNOTvBqFH3gieybQ0RWyNPvn3DFkBdXljf6AprPUbU5Zy8Np7TzSCoFP2Lo706g== Completed in 1ms
560 timing metavuln:calculate:security-advisory:axios:3NqE18TAUt4qyZjI0VKQQxqYNOTvBqFH3gieybQ0RWyNPvn3DFkBdXljf6AprPUbU5Zy8Np7TzSCoFP2Lo706g== Completed in 174ms
561 timing metavuln:cache:get:security-advisory:axios:C2fIAmAB2uOvlfUuWl4nar/gbg/mmHzmzeMphxDBwRWYxDXxg8Ta1mzTq6jDIuRTZqkNY/kJ4g85IdHIaKaoPQ== Completed in 68ms
562 timing metavuln:load:security-advisory:axios:QHwSQK89tp8y8NaEB/BmWWPJbFRmcqxbWkKungy6gPoWDFe3Fp6pmP2eW7jh8ZiRT8rEqJsege91INZ02VqjRw== Completed in 0ms
563 timing metavuln:calculate:security-advisory:axios:QHwSQK89tp8y8NaEB/BmWWPJbFRmcqxbWkKungy6gPoWDFe3Fp6pmP2eW7jh8ZiRT8rEqJsege91INZ02VqjRw== Completed in 73ms
564 timing metavuln:cache:get:security-advisory:@node-red/nodes:Pdpp+6OQoxeLWEp01EoUhygep9frRmYevZ4PTIyQi+X1eFxwlALrMpg5UXkGhYv2Lwx61xDyzngNL5LxbR3Itg== Completed in 74ms
565 timing metavuln:load:security-advisory:@node-red/nodes:QHwSQK89tp8y8NaEB/BmWWPJbFRmcqxbWkKungy6gPoWDFe3Fp6pmP2eW7jh8ZiRT8rEqJsege91INZ02VqjRw== Completed in 10ms
566 timing metavuln:calculate:security-advisory:@node-red/nodes:QHwSQK89tp8y8NaEB/BmWWPJbFRmcqxbWkKungy6gPoWDFe3Fp6pmP2eW7jh8ZiRT8rEqJsege91INZ02VqjRw== Completed in 88ms
567 timing metavuln:cache:get:security-advisory:@node-red/nodes:+IT85FxfxGHdihmzBfF9QOHn2k88tptJmtvpQVnyCXjPWKivH9/gtC2J7FEaasbLVCrBIHgLpn7mzbA2nan9Cw== Completed in 87ms
568 timing metavuln:load:security-advisory:@node-red/nodes:621IdjBdZEeVoUcjWGl1jXN0jFDGaf7dIQMeaPVKf5MxqYprJztiOC0OHOUPVoayh7Cq/fTC8L5CqEb98qlE7w== Completed in 11ms
569 timing metavuln:calculate:security-advisory:@node-red/nodes:621IdjBdZEeVoUcjWGl1jXN0jFDGaf7dIQMeaPVKf5MxqYprJztiOC0OHOUPVoayh7Cq/fTC8L5CqEb98qlE7w== Completed in 101ms
570 timing metavuln:cache:get:security-advisory:@node-red/util:VcKKpWjQUM4W4QTvOkPmXG/mn3NCJCuNJRda3aF2ZhpnuIDqOkPLnoaF6cETEA+oCJvfpAx/6qvj/VNKuGgMJg== Completed in 78ms
571 http fetch GET 200 https://registry.npmjs.org/@node-red%2futil 715ms (cache revalidated)
572 timing metavuln:packument:@node-red/util Completed in 759ms
573 timing metavuln:load:security-advisory:@node-red/util:Hfyj/dsKBv3mS0CXibFI/3oObAH3HN7f2BwiCOU+VmsorA9YgDKrvSltd7CFT+O+t2T2uzzx3rNQ6Td/+fELCg== Completed in 2ms
574 timing metavuln:calculate:security-advisory:@node-red/util:Hfyj/dsKBv3mS0CXibFI/3oObAH3HN7f2BwiCOU+VmsorA9YgDKrvSltd7CFT+O+t2T2uzzx3rNQ6Td/+fELCg== Completed in 773ms
575 timing metavuln:cache:get:security-advisory:glob:SiaR+x876RZ4PrtFfgITl2I3eRZNkCbXOr2JdOKzsfFOqrFtyoEMmqMabD5D9LbuunJXr2ioG0JXsVQhURvrcw== Completed in 84ms
576 http fetch GET 200 https://registry.npmjs.org/glob 312ms (cache revalidated)
577 timing metavuln:packument:glob Completed in 322ms
578 timing metavuln:load:security-advisory:glob:V/3cIcyAQcG1bwuH0e0PI9Qt5WRtbvb/WOz2mBxAfNzXf+Dvs9G1X05eHjnPq2b0TJY4zXXpqhCAkRAipgk3iQ== Completed in 0ms
579 timing metavuln:calculate:security-advisory:glob:V/3cIcyAQcG1bwuH0e0PI9Qt5WRtbvb/WOz2mBxAfNzXf+Dvs9G1X05eHjnPq2b0TJY4zXXpqhCAkRAipgk3iQ== Completed in 343ms
580 timing metavuln:cache:get:security-advisory:express-session:wMNaFhKiShCC1n8d6Vurah9Tg+OH6hUJ0QyqEQKikAdNih2n7c9rl9FOYr1SwuYmy95c0qUaicIh2p5dg7pDSQ== Completed in 93ms
581 timing metavuln:load:security-advisory:express-session:O+Ys/f4bZubU3jA9Sqz4HIIJaATwc83W201O653Eo/4y8FTwrgSc3mrXs4p8n7svj0OzipJYTBXXWJCgp81mSQ== Completed in 1ms
582 timing metavuln:calculate:security-advisory:express-session:O+Ys/f4bZubU3jA9Sqz4HIIJaATwc83W201O653Eo/4y8FTwrgSc3mrXs4p8n7svj0OzipJYTBXXWJCgp81mSQ== Completed in 95ms
583 timing metavuln:cache:get:security-advisory:@node-red/nodes:Q7iapCtnygJZCyD0re43aRTgNV6rqiLCe5YfF7jJmRmddASHaClkQ7D3c8k1o6yHD+2SZQ7+Zvunr5k280hFFQ== Completed in 142ms
584 timing metavuln:load:security-advisory:@node-red/nodes:O+Ys/f4bZubU3jA9Sqz4HIIJaATwc83W201O653Eo/4y8FTwrgSc3mrXs4p8n7svj0OzipJYTBXXWJCgp81mSQ== Completed in 9ms
585 timing metavuln:calculate:security-advisory:@node-red/nodes:O+Ys/f4bZubU3jA9Sqz4HIIJaATwc83W201O653Eo/4y8FTwrgSc3mrXs4p8n7svj0OzipJYTBXXWJCgp81mSQ== Completed in 164ms
586 timing metavuln:cache:get:security-advisory:express:LRbUnr0WeU21QXyqYq0LKWnxCksZVHamePIRXV3//T9Aj7u3VWNsnM6K5ujI/Z6dfOKKNzbMDayMt+lQ7d6K3A== Completed in 135ms
587 timing metavuln:load:security-advisory:express:1zdQfT/2s1/9HPIPcJl7TnWCFxsytt3sSe7T+xPf8FNpp2H4co4yvyKagGg4lKEjTVlcftvXdieAZPONp1djoQ== Completed in 21ms
588 timing metavuln:calculate:security-advisory:express:1zdQfT/2s1/9HPIPcJl7TnWCFxsytt3sSe7T+xPf8FNpp2H4co4yvyKagGg4lKEjTVlcftvXdieAZPONp1djoQ== Completed in 164ms
589 timing metavuln:cache:get:security-advisory:express:Qxs0t5MAyfWkxZXrn5d46toL85dY/eYqwQswCjVN3ze7zcZExphuyuGvmDChb/mvSc6A1P848uOkCDpJiTx7sA== Completed in 160ms
590 timing metavuln:load:security-advisory:express:vVSN+MRVpdux32gCUfPGidHUGmS/0G5Ziwtmb1YXw3NARw1r47LtySeR7yFf/LZ4sKzi41443WWDDZzPHuCh9g== Completed in 6ms
591 timing metavuln:calculate:security-advisory:express:vVSN+MRVpdux32gCUfPGidHUGmS/0G5Ziwtmb1YXw3NARw1r47LtySeR7yFf/LZ4sKzi41443WWDDZzPHuCh9g== Completed in 171ms
592 timing metavuln:cache:get:security-advisory:body-parser:SVY1QJwUSfML2NehOGcSVstcXKS/eDua/5V2EUmKoUvvslju7nOUuG2U2s8Ab8JiwWLyYwOKkJuQtb6QCoInhg== Completed in 173ms
593 timing metavuln:load:security-advisory:body-parser:vVSN+MRVpdux32gCUfPGidHUGmS/0G5Ziwtmb1YXw3NARw1r47LtySeR7yFf/LZ4sKzi41443WWDDZzPHuCh9g== Completed in 6ms
594 timing metavuln:calculate:security-advisory:body-parser:vVSN+MRVpdux32gCUfPGidHUGmS/0G5Ziwtmb1YXw3NARw1r47LtySeR7yFf/LZ4sKzi41443WWDDZzPHuCh9g== Completed in 182ms
595 timing metavuln:cache:get:security-advisory:express:icN4Z/CnJ3HexuuTzhvyFELlcl9Ayp336wmeTAuWjfT/hbRPW+ZwueDz6SD9ycRuIKM/WmBUFAjzHNHL3NFgtQ== Completed in 122ms
596 timing metavuln:load:security-advisory:express:8NP35PpfDEVbqnzPdc9zuVQOxwpjeCWA/vn7Q9SplgLVmZPjGaDssuEM0QllxNS2U4IM79h+Qp8GEO0schn/xw== Completed in 2ms
597 timing metavuln:calculate:security-advisory:express:8NP35PpfDEVbqnzPdc9zuVQOxwpjeCWA/vn7Q9SplgLVmZPjGaDssuEM0QllxNS2U4IM79h+Qp8GEO0schn/xw== Completed in 134ms
598 timing metavuln:cache:get:security-advisory:serve-static:VMA9Xvj5QO+jz0WZF77roG80h0vr8/yqXqCDcQHHVJmej+4wy5CoagzzI0fzX0hekO2hxhcidoF4uBR9z8aY1Q== Completed in 160ms
599 timing metavuln:load:security-advisory:serve-static:8NP35PpfDEVbqnzPdc9zuVQOxwpjeCWA/vn7Q9SplgLVmZPjGaDssuEM0QllxNS2U4IM79h+Qp8GEO0schn/xw== Completed in 1ms
600 timing metavuln:calculate:security-advisory:serve-static:8NP35PpfDEVbqnzPdc9zuVQOxwpjeCWA/vn7Q9SplgLVmZPjGaDssuEM0QllxNS2U4IM79h+Qp8GEO0schn/xw== Completed in 164ms
601 timing metavuln:cache:get:security-advisory:express:kykTo4VuC2rM2MB0/ANQ51tOegcUPd67Lh4iIK7TUUpqt61eQaJ70XtItcffrJ8PoIYxwtnuqm5DJGT19JMA/A== Completed in 87ms
602 timing metavuln:load:security-advisory:express:VyBBWzRCPk4QPwU71mkZJ+QZdwW0bnbx/lUJDdvhij3t67jGrB4z2A5Ryyta1VjZgpmZ9kuyannc46B7jSSuiQ== Completed in 10ms
603 timing metavuln:calculate:security-advisory:express:VyBBWzRCPk4QPwU71mkZJ+QZdwW0bnbx/lUJDdvhij3t67jGrB4z2A5Ryyta1VjZgpmZ9kuyannc46B7jSSuiQ== Completed in 106ms
604 timing metavuln:cache:get:security-advisory:@mapbox/node-pre-gyp:AwnVuVUFqVnPfq5n1V9r83xD25HDCYpV7ws8YnGmozy04XUqf6i2qYt7o659eFxFO96sEh4mNuIX+QZPlcUYUA== Completed in 116ms
605 timing metavuln:cache:get:security-advisory:@node-red/registry:FOQxS4/pCCKeu9vnR4uaJ/Dh6KboKU3arM031ERhj5Lk1v7TiAu6GZh8oC/M0ktCbgS5twwkOeqzKMy3GUjBCg== Completed in 158ms
606 http fetch GET 200 https://registry.npmjs.org/@mapbox%2fnode-pre-gyp 601ms (cache revalidated)
607 timing metavuln:packument:@mapbox/node-pre-gyp Completed in 610ms
608 timing metavuln:load:security-advisory:@mapbox/node-pre-gyp:qPQeYPFDBIedTWfYK3sbnScF6Ha7ouTs+wgndnz4PT5P+/K+GBD4epoPcYpXlu6AC7gSJlCJTJeuKbYAFoK9PA== Completed in 0ms
609 timing metavuln:calculate:security-advisory:@mapbox/node-pre-gyp:qPQeYPFDBIedTWfYK3sbnScF6Ha7ouTs+wgndnz4PT5P+/K+GBD4epoPcYpXlu6AC7gSJlCJTJeuKbYAFoK9PA== Completed in 612ms
610 http fetch GET 200 https://registry.npmjs.org/@node-red%2fregistry 779ms (cache revalidated)
611 timing metavuln:packument:@node-red/registry Completed in 784ms
612 timing metavuln:load:security-advisory:@node-red/registry:qPQeYPFDBIedTWfYK3sbnScF6Ha7ouTs+wgndnz4PT5P+/K+GBD4epoPcYpXlu6AC7gSJlCJTJeuKbYAFoK9PA== Completed in 1ms
613 timing metavuln:calculate:security-advisory:@node-red/registry:qPQeYPFDBIedTWfYK3sbnScF6Ha7ouTs+wgndnz4PT5P+/K+GBD4epoPcYpXlu6AC7gSJlCJTJeuKbYAFoK9PA== Completed in 786ms
614 timing metavuln:cache:get:security-advisory:@node-red/nodes:qm7Br2yrD9HNXpOx4I21yWlJzB7bb7K3tQ7B2gBAh+xMGxDc1VbN5vVi8oUajZq6yDlLUH1ay4xE12QpJaaOHA== Completed in 126ms
615 timing metavuln:load:security-advisory:@node-red/nodes:fjKShcKspemxj7050oTyq4F6Ys6oXOzZoO3QUapp6PgJCcrmTMbXQaxkcJ1QLLNHzsQ9sgLuhrlezjv+hoSUhg== Completed in 1ms
616 timing metavuln:calculate:security-advisory:@node-red/nodes:fjKShcKspemxj7050oTyq4F6Ys6oXOzZoO3QUapp6PgJCcrmTMbXQaxkcJ1QLLNHzsQ9sgLuhrlezjv+hoSUhg== Completed in 129ms
617 timing metavuln:cache:get:security-advisory:mqtt:Vif5m5D6xpXuSfeO/lRNOvXOgxh4Iy9Y8JKJy46LCRufE1qdus8BIjeXZ00s1bkJve/2rDFcJ4Lj90LhfYokzA== Completed in 67ms
618 timing metavuln:cache:get:security-advisory:@node-red/nodes:eoL3t6XphSnVyhvT/zWALq5gm14Kb1zfembQTvTH0bjkXRWPNxjksBDjor799VUH7+PspIx/Kk9CGoHGDax3hg== Completed in 70ms
619 timing metavuln:load:security-advisory:@node-red/nodes:NDzUiGrGJBp8DoZzCon7azLP0LOhVnGY7xx297BjzjnqdtYDRMANm8/0AgR35WeUhDSySlgbQWbt14Y+mmTBwg== Completed in 2ms
620 timing metavuln:calculate:security-advisory:@node-red/nodes:NDzUiGrGJBp8DoZzCon7azLP0LOhVnGY7xx297BjzjnqdtYDRMANm8/0AgR35WeUhDSySlgbQWbt14Y+mmTBwg== Completed in 74ms
621 timing metavuln:cache:get:security-advisory:@node-red/editor-api:F7T9TqsoiwPglpFxqdjqxiJaemxeRLwN4/VQrr4Uc9ZIqEUPTn5vh8PZKbo17i8GEV8EFQjgPJRMm+6efF30ng== Completed in 82ms
622 timing metavuln:load:security-advisory:@node-red/editor-api:NDzUiGrGJBp8DoZzCon7azLP0LOhVnGY7xx297BjzjnqdtYDRMANm8/0AgR35WeUhDSySlgbQWbt14Y+mmTBwg== Completed in 1ms
623 timing metavuln:calculate:security-advisory:@node-red/editor-api:NDzUiGrGJBp8DoZzCon7azLP0LOhVnGY7xx297BjzjnqdtYDRMANm8/0AgR35WeUhDSySlgbQWbt14Y+mmTBwg== Completed in 87ms
624 http fetch GET 200 https://registry.npmjs.org/mqtt 309ms (cache revalidated)
625 timing metavuln:packument:mqtt Completed in 347ms
626 timing metavuln:load:security-advisory:mqtt:NDzUiGrGJBp8DoZzCon7azLP0LOhVnGY7xx297BjzjnqdtYDRMANm8/0AgR35WeUhDSySlgbQWbt14Y+mmTBwg== Completed in 4ms
627 timing metavuln:calculate:security-advisory:mqtt:NDzUiGrGJBp8DoZzCon7azLP0LOhVnGY7xx297BjzjnqdtYDRMANm8/0AgR35WeUhDSySlgbQWbt14Y+mmTBwg== Completed in 361ms
628 timing metavuln:cache:get:security-advisory:node-red:ifZs3yl9Fx23g+rDXTC5qbROL1Ljam4AeMBo1x6x9xw+jx6qybR0xBr0nDzWLE7Dh3LHHkcV1cC2YVBhZLHdhA== Completed in 98ms
629 timing metavuln:load:security-advisory:node-red:H6YMUYg6/SnV6KZr5oY58qo8uT8MyYqbcIASNP4wtrJIXjoOzPaJQBXi3dnXzJunHvf18LA6CvYzrBOl4Q33mA== Completed in 2ms
630 timing metavuln:calculate:security-advisory:node-red:H6YMUYg6/SnV6KZr5oY58qo8uT8MyYqbcIASNP4wtrJIXjoOzPaJQBXi3dnXzJunHvf18LA6CvYzrBOl4Q33mA== Completed in 101ms
631 timing metavuln:cache:get:security-advisory:node-red:4V8gvXskk8tYe/BCkSg7PLbLbdQL8Ejn5BhIeG6cetzWgiOH+3I6/Gnm9aGsYC86yYCOva5gaIp/gS9+PBNj/Q== Completed in 84ms
632 timing metavuln:load:security-advisory:node-red:fTQCeOxhqlTGErL49vBwsy40DAG6rtdTeK+9SXXVkx4rmgfwyPQHv696SyAA5D4fW9d/60PJkC6EZKG5HUh+Hw== Completed in 5ms
633 timing metavuln:calculate:security-advisory:node-red:fTQCeOxhqlTGErL49vBwsy40DAG6rtdTeK+9SXXVkx4rmgfwyPQHv696SyAA5D4fW9d/60PJkC6EZKG5HUh+Hw== Completed in 89ms
634 timing metavuln:cache:get:security-advisory:node-red:P4g3IeOWGzHk69N+crF3DGFyiYyl+kOQbMt7EGfnGrVZsWE2bgBXG8An1sIQ1QnJTRIo5VK0WT75qP/MCUpdEQ== Completed in 65ms
635 timing metavuln:load:security-advisory:node-red:tWKJWUn99hESwZMeEif2lA3YF1CLl+ma+0kXuRVyIhhsxGXB0z5TF8V0iLyLRkf2xGzZyFDs/zjlI8xNgbajRA== Completed in 4ms
636 timing metavuln:calculate:security-advisory:node-red:tWKJWUn99hESwZMeEif2lA3YF1CLl+ma+0kXuRVyIhhsxGXB0z5TF8V0iLyLRkf2xGzZyFDs/zjlI8xNgbajRA== Completed in 70ms
637 timing metavuln:cache:get:security-advisory:@node-red/editor-api:AnIpJLo5eupbXMWU5m83qXSjUOBicgmN34ZhbFpsOxhuSq0TWdT0xYd3GANtfLt4IQB73Eox0BRgk0cAvBtDNg== Completed in 61ms
638 timing metavuln:load:security-advisory:@node-red/editor-api:RFFw5smL0rZuDKrfLxn6699poueLzOCubLBSzyfAqaGQ6Eq4WbWvd70fXxwEsYVZTTDGSh5+AhanApzKk8vNmQ== Completed in 1ms
639 timing metavuln:calculate:security-advisory:@node-red/editor-api:RFFw5smL0rZuDKrfLxn6699poueLzOCubLBSzyfAqaGQ6Eq4WbWvd70fXxwEsYVZTTDGSh5+AhanApzKk8vNmQ== Completed in 63ms
640 timing metavuln:cache:get:security-advisory:@node-red/nodes:0kdEYrHJRgkIy/7p3TgmmKqTzqqqt+ACFZfO3+6T2BBSrzu8gOJcClid0u0JcH44gsavTnNZwtTLjSIWDOsT5g== Completed in 59ms
641 timing metavuln:load:security-advisory:@node-red/nodes:wMGY3CTwe1TilEBppkXmFEhwLd0qajxRq2E+aSYE5xmodo241jSbmUsYne+laUgMsb4eY82rGeNCJeLwFX3edQ== Completed in 1ms
642 timing metavuln:calculate:security-advisory:@node-red/nodes:wMGY3CTwe1TilEBppkXmFEhwLd0qajxRq2E+aSYE5xmodo241jSbmUsYne+laUgMsb4eY82rGeNCJeLwFX3edQ== Completed in 63ms
643 timing metavuln:cache:get:security-advisory:node-red:1j+4rZzTWIiZTeSoulNnEiSDvFmjQMKgfflrhepRZOD4jDnaKD4A9kR8Iqsm2DMmlWXak1u1H6TYxcyLXHo6zA== Completed in 79ms
644 timing metavuln:load:security-advisory:node-red:4egPVIOfn1+81vt/C0cRku0gkOaAc25MIw5p8uHJucOGWrIVAuWstyEi59LfBBkuWnuUTg2Afaf1m8w9rNoFLw== Completed in 3ms
645 timing metavuln:calculate:security-advisory:node-red:4egPVIOfn1+81vt/C0cRku0gkOaAc25MIw5p8uHJucOGWrIVAuWstyEi59LfBBkuWnuUTg2Afaf1m8w9rNoFLw== Completed in 92ms
646 timing metavuln:cache:get:security-advisory:node-red:JDSVPQ8yaMyedVeSrpOq4zAV+Bf3V1l/GhzY/S+BujdzCJlqBzgnCFc/jhexdsfAgSs33Q0PLmD+be6qsBznSQ== Completed in 85ms
647 timing metavuln:load:security-advisory:node-red:VcKKpWjQUM4W4QTvOkPmXG/mn3NCJCuNJRda3aF2ZhpnuIDqOkPLnoaF6cETEA+oCJvfpAx/6qvj/VNKuGgMJg== Completed in 7ms
648 timing metavuln:calculate:security-advisory:node-red:VcKKpWjQUM4W4QTvOkPmXG/mn3NCJCuNJRda3aF2ZhpnuIDqOkPLnoaF6cETEA+oCJvfpAx/6qvj/VNKuGgMJg== Completed in 92ms
649 timing metavuln:cache:get:security-advisory:@node-red/runtime:mMe9ezEgUeAgqzhUSvCstRKP62LdsaLkYuxJgNU3OwHF1qSL07CAG9VFHHLibSTYgP0B53UTBf7MDCeF1aqK7A== Completed in 94ms
650 timing metavuln:load:security-advisory:@node-red/runtime:VcKKpWjQUM4W4QTvOkPmXG/mn3NCJCuNJRda3aF2ZhpnuIDqOkPLnoaF6cETEA+oCJvfpAx/6qvj/VNKuGgMJg== Completed in 3ms
651 timing metavuln:calculate:security-advisory:@node-red/runtime:VcKKpWjQUM4W4QTvOkPmXG/mn3NCJCuNJRda3aF2ZhpnuIDqOkPLnoaF6cETEA+oCJvfpAx/6qvj/VNKuGgMJg== Completed in 101ms
652 timing metavuln:cache:get:security-advisory:@node-red/editor-api:Z3MrlPrGIOJa7GzklZLU/IoxV3FKxNs7gydPmctc4/ParcZFhsdKpADiHH/22IsGh6PXXCf6pyccjFbpAbGn/Q== Completed in 103ms
653 timing metavuln:load:security-advisory:@node-red/editor-api:VcKKpWjQUM4W4QTvOkPmXG/mn3NCJCuNJRda3aF2ZhpnuIDqOkPLnoaF6cETEA+oCJvfpAx/6qvj/VNKuGgMJg== Completed in 2ms
654 timing metavuln:calculate:security-advisory:@node-red/editor-api:VcKKpWjQUM4W4QTvOkPmXG/mn3NCJCuNJRda3aF2ZhpnuIDqOkPLnoaF6cETEA+oCJvfpAx/6qvj/VNKuGgMJg== Completed in 107ms
655 timing metavuln:cache:get:security-advisory:@node-red/registry:43vd7z++rMRzkmSbvwSHTIQpLzgX1eAPRfEzSoYI0bpYFwGpN98LfgtEn9OBqK5HCaC7h24drTTDySKYzkM0Uw== Completed in 108ms
656 timing metavuln:load:security-advisory:@node-red/registry:VcKKpWjQUM4W4QTvOkPmXG/mn3NCJCuNJRda3aF2ZhpnuIDqOkPLnoaF6cETEA+oCJvfpAx/6qvj/VNKuGgMJg== Completed in 1ms
657 timing metavuln:calculate:security-advisory:@node-red/registry:VcKKpWjQUM4W4QTvOkPmXG/mn3NCJCuNJRda3aF2ZhpnuIDqOkPLnoaF6cETEA+oCJvfpAx/6qvj/VNKuGgMJg== Completed in 111ms
658 timing metavuln:cache:get:security-advisory:bcrypt:Qp7VqeTnwP45tAqiBKyn9zIiyqBrRH5XUDAeHbN+2fjnYOogPXKnMq1MH8oHiuNcYbxBA2sg42i2wlG7jHR/Ag== Completed in 120ms
659 http fetch GET 200 https://registry.npmjs.org/bcrypt 542ms (cache revalidated)
660 timing metavuln:packument:bcrypt Completed in 556ms
661 timing metavuln:load:security-advisory:bcrypt:AwnVuVUFqVnPfq5n1V9r83xD25HDCYpV7ws8YnGmozy04XUqf6i2qYt7o659eFxFO96sEh4mNuIX+QZPlcUYUA== Completed in 0ms
662 timing metavuln:calculate:security-advisory:bcrypt:AwnVuVUFqVnPfq5n1V9r83xD25HDCYpV7ws8YnGmozy04XUqf6i2qYt7o659eFxFO96sEh4mNuIX+QZPlcUYUA== Completed in 558ms
663 timing metavuln:cache:get:security-advisory:@node-red/runtime:qpdHPLaA8WsewhlxHSz7fTv9DIGy/mjEWkLHcx4leZRFC5R6X+Q3D52ZVe2QSDMfbEDnumypeMOnjL8ipgsG5g== Completed in 86ms
664 timing metavuln:load:security-advisory:@node-red/runtime:FOQxS4/pCCKeu9vnR4uaJ/Dh6KboKU3arM031ERhj5Lk1v7TiAu6GZh8oC/M0ktCbgS5twwkOeqzKMy3GUjBCg== Completed in 1ms
665 timing metavuln:calculate:security-advisory:@node-red/runtime:FOQxS4/pCCKeu9vnR4uaJ/Dh6KboKU3arM031ERhj5Lk1v7TiAu6GZh8oC/M0ktCbgS5twwkOeqzKMy3GUjBCg== Completed in 94ms
666 timing metavuln:cache:get:security-advisory:@node-red/editor-api:pWnofoGMojXM66cU2SjAJz/X8txBdRI2gP6ZBYONlUo067fRC5TaLiDFkgwHbcjBYlHhfvIpF17mD9Hy8TCQMw== Completed in 95ms
667 timing metavuln:load:security-advisory:@node-red/editor-api:Qp7VqeTnwP45tAqiBKyn9zIiyqBrRH5XUDAeHbN+2fjnYOogPXKnMq1MH8oHiuNcYbxBA2sg42i2wlG7jHR/Ag== Completed in 0ms
668 timing metavuln:calculate:security-advisory:@node-red/editor-api:Qp7VqeTnwP45tAqiBKyn9zIiyqBrRH5XUDAeHbN+2fjnYOogPXKnMq1MH8oHiuNcYbxBA2sg42i2wlG7jHR/Ag== Completed in 97ms
669 timing metavuln:cache:get:security-advisory:node-red:GfVJEtBDvPPxN26h0Io3QlankUR9Q/gocfwrfSnejMKmX09EarvGJKilQQSQSS0UzmsXx8x1zju1YlzBzlA9sw== Completed in 100ms
670 timing metavuln:load:security-advisory:node-red:Qp7VqeTnwP45tAqiBKyn9zIiyqBrRH5XUDAeHbN+2fjnYOogPXKnMq1MH8oHiuNcYbxBA2sg42i2wlG7jHR/Ag== Completed in 2ms
671 timing metavuln:calculate:security-advisory:node-red:Qp7VqeTnwP45tAqiBKyn9zIiyqBrRH5XUDAeHbN+2fjnYOogPXKnMq1MH8oHiuNcYbxBA2sg42i2wlG7jHR/Ag== Completed in 110ms
672 timing metavuln:cache:get:security-advisory:node-red-admin:S09qhNvippu2It0Dy1XfVCWWVKBPgw+GE51QNqQW45XWYPtBwpO7TlnBI3zaDAdf44nbJeuOr7Ygsk0sMgDvGQ== Completed in 128ms
673 timing metavuln:load:security-advisory:node-red-admin:Qp7VqeTnwP45tAqiBKyn9zIiyqBrRH5XUDAeHbN+2fjnYOogPXKnMq1MH8oHiuNcYbxBA2sg42i2wlG7jHR/Ag== Completed in 0ms
674 timing metavuln:calculate:security-advisory:node-red-admin:Qp7VqeTnwP45tAqiBKyn9zIiyqBrRH5XUDAeHbN+2fjnYOogPXKnMq1MH8oHiuNcYbxBA2sg42i2wlG7jHR/Ag== Completed in 130ms
675 timing auditReport:init Completed in 19540ms
676 timing reify:audit Completed in 19427ms
677 timing reify Completed in 41454ms
678 silly ADD node_modules/@socket.io/component-emitter
679 silly ADD node_modules/undici-types
680 silly ADD node_modules/engine.io-parser
681 silly ADD node_modules/@types/ws
682 silly ADD node_modules/@types/node
683 silly ADD node_modules/@types/cors
684 silly ADD node_modules/socket.io-parser
685 silly ADD node_modules/socket.io-parser/node_modules/ms
686 silly ADD node_modules/socket.io-parser/node_modules/debug
687 silly ADD node_modules/socket.io-adapter
688 silly ADD node_modules/socket.io-adapter/node_modules/ms
689 silly ADD node_modules/socket.io-adapter/node_modules/ws
690 silly ADD node_modules/socket.io-adapter/node_modules/debug
691 silly ADD node_modules/engine.io
692 silly ADD node_modules/engine.io/node_modules/ms
693 silly ADD node_modules/engine.io/node_modules/ws
694 silly ADD node_modules/engine.io/node_modules/debug
695 silly ADD node_modules/engine.io/node_modules/cookie
696 silly ADD node_modules/base64id
697 silly ADD node_modules/jquery
698 silly ADD node_modules/compressible
699 silly ADD node_modules/socket.io
700 silly ADD node_modules/socket.io/node_modules/ms
701 silly ADD node_modules/socket.io/node_modules/debug
702 silly ADD node_modules/gridstack
703 silly ADD node_modules/compression
704 silly ADD node_modules/compression/node_modules/safe-buffer
705 silly ADD node_modules/compression/node_modules/on-headers
706 silly ADD node_modules/compression/node_modules/negotiator
707 silly ADD node_modules/node-red-dashboard
708 silly ADD node_modules/node-red-dashboard/node_modules/statuses
709 silly ADD node_modules/node-red-dashboard/node_modules/ms
710 silly ADD node_modules/node-red-dashboard/node_modules/mime
711 silly ADD node_modules/node-red-dashboard/node_modules/http-errors
712 silly ADD node_modules/node-red-dashboard/node_modules/send
713 silly ADD node_modules/node-red-dashboard/node_modules/encodeurl
714 silly ADD node_modules/node-red-dashboard/node_modules/serve-static
715 timing command:install Completed in 42195ms
716 verbose exit 0
717 timing npm Completed in 45533ms
718 info ok
