0 verbose cli /usr/local/bin/node /usr/src/node-red/node_modules/npm/bin/npm-cli.js
1 info using npm@11.18.0
2 info using node@v24.18.0
3 silly config load:file:/usr/src/node-red/node_modules/npm/npmrc
4 silly config load:file:/data/.npmrc
5 silly config load:file:/usr/src/node-red/.npmrc
6 silly config load:file:/usr/local/etc/npmrc
7 verbose title npm install @flowfuse/node-red-dashboard@1.30.2
8 verbose argv "install" "--no-audit" "--no-update-notifier" "--no-fund" "--save" "--save-prefix" "~" "--omit" "dev" "--engine-strict" "--" "@flowfuse/node-red-dashboard@1.30.2"
9 verbose logfile logs-max:10 dir:/data/.npm/_logs/2026-07-20T13_03_56_407Z-
10 verbose logfile /data/.npm/_logs/2026-07-20T13_03_56_407Z-debug-0.log
11 silly logfile done cleaning log files
12 silly packumentCache heap:4496293888 maxSize:1124073472 maxEntrySize:562036736
13 silly idealTree buildDeps
14 silly fetch manifest @flowfuse/node-red-dashboard@1.30.2
15 silly packumentCache full:https://registry.npmjs.org/@flowfuse%2fnode-red-dashboard cache-miss
16 http fetch GET 200 https://registry.npmjs.org/@flowfuse%2fnode-red-dashboard 835ms (cache miss)
17 silly packumentCache full:https://registry.npmjs.org/@flowfuse%2fnode-red-dashboard set size:undefined disposed:false
18 silly placeDep ROOT @flowfuse/node-red-dashboard@1.30.2 OK for: node-red-project@0.0.1 want: 1.30.2
19 silly fetch manifest d3@^7.9.0
20 silly packumentCache full:https://registry.npmjs.org/d3 cache-miss
21 silly fetch manifest vue@^3.5.25
22 silly packumentCache full:https://registry.npmjs.org/vue cache-miss
23 silly fetch manifest acorn@^8.15.0
24 silly packumentCache full:https://registry.npmjs.org/acorn cache-miss
25 silly fetch manifest axios@^1.13.2
26 silly packumentCache full:https://registry.npmjs.org/axios cache-miss
27 silly fetch manifest core-js@^3.47.0
28 silly packumentCache full:https://registry.npmjs.org/core-js cache-miss
29 silly fetch manifest echarts@^6.0.0
30 silly packumentCache full:https://registry.npmjs.org/echarts cache-miss
31 silly fetch manifest express@^4.22.1
32 silly packumentCache full:https://registry.npmjs.org/express cache-miss
33 http fetch GET 200 https://registry.npmjs.org/d3 102ms (cache miss)
34 silly packumentCache full:https://registry.npmjs.org/d3 set size:undefined disposed:false
35 silly fetch manifest escodegen@^2.1.0
36 silly packumentCache full:https://registry.npmjs.org/escodegen cache-miss
37 http fetch GET 200 https://registry.npmjs.org/escodegen 137ms (cache miss)
38 silly packumentCache full:https://registry.npmjs.org/escodegen set size:undefined disposed:false
39 silly fetch manifest socket.io@^4.8.1
40 silly packumentCache full:https://registry.npmjs.org/socket.io cache-miss
41 http fetch GET 200 https://registry.npmjs.org/axios 279ms (cache miss)
42 silly packumentCache full:https://registry.npmjs.org/axios set size:undefined disposed:false
43 silly fetch manifest lodash.merge@^4.6.2
44 silly packumentCache full:https://registry.npmjs.org/lodash.merge cache-miss
45 http fetch GET 200 https://registry.npmjs.org/express 332ms (cache miss)
46 silly packumentCache full:https://registry.npmjs.org/express set size:undefined disposed:false
47 http fetch GET 200 https://registry.npmjs.org/acorn 357ms (cache miss)
48 silly packumentCache full:https://registry.npmjs.org/acorn set size:undefined disposed:false
49 http fetch GET 200 https://registry.npmjs.org/core-js 365ms (cache miss)
50 silly packumentCache full:https://registry.npmjs.org/core-js set size:undefined disposed:false
51 http fetch GET 200 https://registry.npmjs.org/socket.io 123ms (cache miss)
52 silly packumentCache full:https://registry.npmjs.org/socket.io set size:undefined disposed:false
53 http fetch GET 200 https://registry.npmjs.org/lodash.merge 92ms (cache miss)
54 silly packumentCache full:https://registry.npmjs.org/lodash.merge set size:undefined disposed:false
55 http fetch GET 200 https://registry.npmjs.org/echarts 398ms (cache miss)
56 silly packumentCache full:https://registry.npmjs.org/echarts set size:undefined disposed:false
57 http fetch GET 200 https://registry.npmjs.org/vue 412ms (cache miss)
58 silly packumentCache full:https://registry.npmjs.org/vue set size:undefined disposed:false
59 silly fetch manifest typescript@*
60 silly packumentCache full:https://registry.npmjs.org/typescript cache-miss
61 http fetch GET 200 https://registry.npmjs.org/typescript 760ms (cache miss)
62 silly packumentCache full:https://registry.npmjs.org/typescript set size:undefined disposed:false
63 silly placeDep ROOT acorn@8.17.0 OK for: @flowfuse/node-red-dashboard@1.30.2 want: ^8.15.0
64 silly placeDep ROOT axios@1.18.1 OK for: @flowfuse/node-red-dashboard@1.30.2 want: ^1.13.2
65 silly placeDep ROOT core-js@3.49.0 OK for: @flowfuse/node-red-dashboard@1.30.2 want: ^3.47.0
66 silly placeDep ROOT d3@7.9.0 OK for: @flowfuse/node-red-dashboard@1.30.2 want: ^7.9.0
67 silly placeDep ROOT echarts@6.1.0 OK for: @flowfuse/node-red-dashboard@1.30.2 want: ^6.0.0
68 silly placeDep ROOT escodegen@2.1.0 OK for: @flowfuse/node-red-dashboard@1.30.2 want: ^2.1.0
69 silly placeDep ROOT express@4.22.2 OK for: @flowfuse/node-red-dashboard@1.30.2 want: ^4.22.1
70 silly placeDep ROOT lodash.merge@4.6.2 OK for: @flowfuse/node-red-dashboard@1.30.2 want: ^4.6.2
71 silly placeDep ROOT socket.io@4.8.3 OK for: @flowfuse/node-red-dashboard@1.30.2 want: ^4.8.1
72 silly placeDep ROOT vue@3.5.40 OK for: @flowfuse/node-red-dashboard@1.30.2 want: ^3.5.25
73 silly fetch manifest form-data@^4.0.5
74 silly packumentCache full:https://registry.npmjs.org/form-data cache-miss
75 silly fetch manifest proxy-from-env@^2.1.0
76 silly packumentCache full:https://registry.npmjs.org/proxy-from-env cache-miss
77 silly fetch manifest follow-redirects@^1.16.0
78 silly packumentCache full:https://registry.npmjs.org/follow-redirects cache-miss
79 silly fetch manifest https-proxy-agent@^5.0.1
80 silly packumentCache full:https://registry.npmjs.org/https-proxy-agent cache-miss
81 silly fetch manifest d3-dsv@3
82 silly packumentCache full:https://registry.npmjs.org/d3-dsv cache-miss
83 silly fetch manifest d3-geo@3
84 silly packumentCache full:https://registry.npmjs.org/d3-geo cache-miss
85 silly fetch manifest d3-axis@3
86 silly packumentCache full:https://registry.npmjs.org/d3-axis cache-miss
87 http fetch GET 200 https://registry.npmjs.org/proxy-from-env 109ms (cache miss)
88 silly packumentCache full:https://registry.npmjs.org/proxy-from-env set size:undefined disposed:false
89 silly fetch manifest d3-drag@3
90 silly packumentCache full:https://registry.npmjs.org/d3-drag cache-miss
91 http fetch GET 200 https://registry.npmjs.org/d3-geo 128ms (cache miss)
92 silly packumentCache full:https://registry.npmjs.org/d3-geo set size:undefined disposed:false
93 silly fetch manifest d3-ease@3
94 silly packumentCache full:https://registry.npmjs.org/d3-ease cache-miss
95 http fetch GET 200 https://registry.npmjs.org/https-proxy-agent 160ms (cache miss)
96 silly packumentCache full:https://registry.npmjs.org/https-proxy-agent set size:undefined disposed:false
97 silly fetch manifest d3-path@3
98 silly packumentCache full:https://registry.npmjs.org/d3-path cache-miss
99 http fetch GET 200 https://registry.npmjs.org/form-data 167ms (cache miss)
100 silly packumentCache full:https://registry.npmjs.org/form-data set size:undefined disposed:false
101 silly fetch manifest d3-time@3
102 silly packumentCache full:https://registry.npmjs.org/d3-time cache-miss
103 http fetch GET 200 https://registry.npmjs.org/d3-drag 63ms (cache miss)
104 silly packumentCache full:https://registry.npmjs.org/d3-drag set size:undefined disposed:false
105 silly fetch manifest d3-zoom@3
106 silly packumentCache full:https://registry.npmjs.org/d3-zoom cache-miss
107 http fetch GET 200 https://registry.npmjs.org/d3-axis 188ms (cache miss)
108 silly packumentCache full:https://registry.npmjs.org/d3-axis set size:undefined disposed:false
109 silly fetch manifest d3-array@3
110 silly packumentCache full:https://registry.npmjs.org/d3-array cache-miss
111 http fetch GET 200 https://registry.npmjs.org/d3-ease 63ms (cache miss)
112 silly packumentCache full:https://registry.npmjs.org/d3-ease set size:undefined disposed:false
113 silly fetch manifest d3-brush@3
114 silly packumentCache full:https://registry.npmjs.org/d3-brush cache-miss
115 http fetch GET 200 https://registry.npmjs.org/d3-path 46ms (cache miss)
116 silly packumentCache full:https://registry.npmjs.org/d3-path set size:undefined disposed:false
117 silly fetch manifest d3-chord@3
118 silly packumentCache full:https://registry.npmjs.org/d3-chord cache-miss
119 http fetch GET 200 https://registry.npmjs.org/follow-redirects 222ms (cache miss)
120 silly packumentCache full:https://registry.npmjs.org/follow-redirects set size:undefined disposed:false
121 silly fetch manifest d3-color@3
122 silly packumentCache full:https://registry.npmjs.org/d3-color cache-miss
123 http fetch GET 200 https://registry.npmjs.org/d3-brush 40ms (cache miss)
124 silly packumentCache full:https://registry.npmjs.org/d3-brush set size:undefined disposed:false
125 silly fetch manifest d3-fetch@3
126 silly packumentCache full:https://registry.npmjs.org/d3-fetch cache-miss
127 http fetch GET 200 https://registry.npmjs.org/d3-array 68ms (cache miss)
128 silly packumentCache full:https://registry.npmjs.org/d3-array set size:undefined disposed:false
129 silly fetch manifest d3-force@3
130 silly packumentCache full:https://registry.npmjs.org/d3-force cache-miss
131 http fetch GET 200 https://registry.npmjs.org/d3-color 54ms (cache miss)
132 silly packumentCache full:https://registry.npmjs.org/d3-color set size:undefined disposed:false
133 silly fetch manifest d3-scale@4
134 silly packumentCache full:https://registry.npmjs.org/d3-scale cache-miss
135 http fetch GET 200 https://registry.npmjs.org/d3-fetch 46ms (cache miss)
136 silly packumentCache full:https://registry.npmjs.org/d3-fetch set size:undefined disposed:false
137 silly fetch manifest d3-shape@3
138 silly packumentCache full:https://registry.npmjs.org/d3-shape cache-miss
139 http fetch GET 200 https://registry.npmjs.org/d3-time 201ms (cache miss)
140 silly packumentCache full:https://registry.npmjs.org/d3-time set size:undefined disposed:false
141 silly fetch manifest d3-timer@3
142 silly packumentCache full:https://registry.npmjs.org/d3-timer cache-miss
143 http fetch GET 200 https://registry.npmjs.org/d3-zoom 205ms (cache miss)
144 silly packumentCache full:https://registry.npmjs.org/d3-zoom set size:undefined disposed:false
145 silly fetch manifest d3-format@3
146 silly packumentCache full:https://registry.npmjs.org/d3-format cache-miss
147 http fetch GET 200 https://registry.npmjs.org/d3-force 124ms (cache miss)
148 silly packumentCache full:https://registry.npmjs.org/d3-force set size:undefined disposed:false
149 silly fetch manifest d3-random@3
150 silly packumentCache full:https://registry.npmjs.org/d3-random cache-miss
151 http fetch GET 200 https://registry.npmjs.org/d3-shape 101ms (cache miss)
152 silly packumentCache full:https://registry.npmjs.org/d3-shape set size:undefined disposed:false
153 silly fetch manifest d3-contour@4
154 silly packumentCache full:https://registry.npmjs.org/d3-contour cache-miss
155 http fetch GET 200 https://registry.npmjs.org/d3-chord 196ms (cache miss)
156 silly packumentCache full:https://registry.npmjs.org/d3-chord set size:undefined disposed:false
157 silly fetch manifest d3-polygon@3
158 silly packumentCache full:https://registry.npmjs.org/d3-polygon cache-miss
159 http fetch GET 200 https://registry.npmjs.org/d3-scale 139ms (cache miss)
160 silly packumentCache full:https://registry.npmjs.org/d3-scale set size:undefined disposed:false
161 silly fetch manifest d3-delaunay@6
162 silly packumentCache full:https://registry.npmjs.org/d3-delaunay cache-miss
163 http fetch GET 200 https://registry.npmjs.org/d3-timer 81ms (cache miss)
164 silly packumentCache full:https://registry.npmjs.org/d3-timer set size:undefined disposed:false
165 silly fetch manifest d3-dispatch@3
166 silly packumentCache full:https://registry.npmjs.org/d3-dispatch cache-miss
167 http fetch GET 200 https://registry.npmjs.org/d3-random 72ms (cache miss)
168 silly packumentCache full:https://registry.npmjs.org/d3-random set size:undefined disposed:false
169 silly fetch manifest d3-quadtree@3
170 silly packumentCache full:https://registry.npmjs.org/d3-quadtree cache-miss
171 http fetch GET 200 https://registry.npmjs.org/d3-format 90ms (cache miss)
172 silly packumentCache full:https://registry.npmjs.org/d3-format set size:undefined disposed:false
173 silly fetch manifest d3-hierarchy@3
174 silly packumentCache full:https://registry.npmjs.org/d3-hierarchy cache-miss
175 http fetch GET 200 https://registry.npmjs.org/d3-dsv 482ms (cache miss)
176 silly packumentCache full:https://registry.npmjs.org/d3-dsv set size:undefined disposed:false
177 silly fetch manifest d3-selection@3
178 silly packumentCache full:https://registry.npmjs.org/d3-selection cache-miss
179 http fetch GET 200 https://registry.npmjs.org/d3-polygon 75ms (cache miss)
180 silly packumentCache full:https://registry.npmjs.org/d3-polygon set size:undefined disposed:false
181 silly fetch manifest d3-transition@3
182 silly packumentCache full:https://registry.npmjs.org/d3-transition cache-miss
183 http fetch GET 200 https://registry.npmjs.org/d3-contour 84ms (cache miss)
184 silly packumentCache full:https://registry.npmjs.org/d3-contour set size:undefined disposed:false
185 silly fetch manifest d3-interpolate@3
186 silly packumentCache full:https://registry.npmjs.org/d3-interpolate cache-miss
187 http fetch GET 200 https://registry.npmjs.org/d3-delaunay 72ms (cache miss)
188 silly packumentCache full:https://registry.npmjs.org/d3-delaunay set size:undefined disposed:false
189 silly fetch manifest d3-time-format@4
190 silly packumentCache full:https://registry.npmjs.org/d3-time-format cache-miss
191 http fetch GET 200 https://registry.npmjs.org/d3-quadtree 55ms (cache miss)
192 silly packumentCache full:https://registry.npmjs.org/d3-quadtree set size:undefined disposed:false
193 silly fetch manifest d3-scale-chromatic@3
194 silly packumentCache full:https://registry.npmjs.org/d3-scale-chromatic cache-miss
195 http fetch GET 200 https://registry.npmjs.org/d3-dispatch 66ms (cache miss)
196 silly packumentCache full:https://registry.npmjs.org/d3-dispatch set size:undefined disposed:false
197 silly fetch manifest tslib@2.3.0
198 silly packumentCache full:https://registry.npmjs.org/tslib cache-miss
199 http fetch GET 200 https://registry.npmjs.org/d3-interpolate 79ms (cache miss)
200 silly packumentCache full:https://registry.npmjs.org/d3-interpolate set size:undefined disposed:false
201 silly fetch manifest zrender@6.1.0
202 silly packumentCache full:https://registry.npmjs.org/zrender cache-miss
203 http fetch GET 200 https://registry.npmjs.org/d3-time-format 92ms (cache miss)
204 silly packumentCache full:https://registry.npmjs.org/d3-time-format set size:undefined disposed:false
205 silly fetch manifest estraverse@^5.2.0
206 silly packumentCache full:https://registry.npmjs.org/estraverse cache-miss
207 http fetch GET 200 https://registry.npmjs.org/d3-hierarchy 128ms (cache miss)
208 silly packumentCache full:https://registry.npmjs.org/d3-hierarchy set size:undefined disposed:false
209 silly fetch manifest esutils@^2.0.2
210 silly packumentCache full:https://registry.npmjs.org/esutils cache-miss
211 http fetch GET 200 https://registry.npmjs.org/d3-transition 132ms (cache miss)
212 silly packumentCache full:https://registry.npmjs.org/d3-transition set size:undefined disposed:false
213 silly fetch manifest esprima@^4.0.1
214 silly packumentCache full:https://registry.npmjs.org/esprima cache-miss
215 http fetch GET 200 https://registry.npmjs.org/tslib 99ms (cache miss)
216 silly packumentCache full:https://registry.npmjs.org/tslib set size:undefined disposed:false
217 silly fetch manifest qs@~6.15.1
218 silly packumentCache full:https://registry.npmjs.org/qs cache-miss
219 http fetch GET 200 https://registry.npmjs.org/d3-scale-chromatic 115ms (cache miss)
220 silly packumentCache full:https://registry.npmjs.org/d3-scale-chromatic set size:undefined disposed:false
221 silly fetch manifest depd@2.0.0
222 silly packumentCache full:https://registry.npmjs.org/depd cache-miss
223 http fetch GET 200 https://registry.npmjs.org/d3-selection 158ms (cache miss)
224 silly packumentCache full:https://registry.npmjs.org/d3-selection set size:undefined disposed:false
225 silly fetch manifest etag@~1.8.1
226 silly packumentCache full:https://registry.npmjs.org/etag cache-miss
227 http fetch GET 200 https://registry.npmjs.org/zrender 78ms (cache miss)
228 silly packumentCache full:https://registry.npmjs.org/zrender set size:undefined disposed:false
229 silly fetch manifest send@~0.19.0
230 silly packumentCache full:https://registry.npmjs.org/send cache-miss
231 http fetch GET 200 https://registry.npmjs.org/esutils 50ms (cache miss)
232 silly packumentCache full:https://registry.npmjs.org/esutils set size:undefined disposed:false
233 silly fetch manifest vary@~1.1.2
234 silly packumentCache full:https://registry.npmjs.org/vary cache-miss
235 http fetch GET 200 https://registry.npmjs.org/estraverse 64ms (cache miss)
236 silly packumentCache full:https://registry.npmjs.org/estraverse set size:undefined disposed:false
237 silly fetch manifest debug@2.6.9
238 silly packumentCache full:https://registry.npmjs.org/debug cache-miss
239 http cache https://registry.npmjs.org/debug 23ms (cache hit)
240 silly packumentCache full:https://registry.npmjs.org/debug set size:195840 disposed:false
241 silly fetch manifest fresh@~0.5.2
242 silly packumentCache full:https://registry.npmjs.org/fresh cache-miss
243 http fetch GET 200 https://registry.npmjs.org/depd 58ms (cache miss)
244 silly packumentCache full:https://registry.npmjs.org/depd set size:undefined disposed:false
245 silly fetch manifest cookie@~0.7.1
246 silly packumentCache full:https://registry.npmjs.org/cookie cache-miss
247 http fetch GET 200 https://registry.npmjs.org/esprima 77ms (cache miss)
248 silly packumentCache full:https://registry.npmjs.org/esprima set size:undefined disposed:false
249 silly fetch manifest accepts@~1.3.8
250 silly packumentCache full:https://registry.npmjs.org/accepts cache-miss
251 http fetch GET 200 https://registry.npmjs.org/etag 72ms (cache miss)
252 silly packumentCache full:https://registry.npmjs.org/etag set size:undefined disposed:false
253 silly fetch manifest methods@~1.1.2
254 silly packumentCache full:https://registry.npmjs.org/methods cache-miss
255 http fetch GET 200 https://registry.npmjs.org/qs 103ms (cache miss)
256 silly packumentCache full:https://registry.npmjs.org/qs set size:undefined disposed:false
257 silly fetch manifest type-is@~1.6.18
258 silly packumentCache full:https://registry.npmjs.org/type-is cache-miss
259 http fetch GET 200 https://registry.npmjs.org/vary 81ms (cache miss)
260 silly packumentCache full:https://registry.npmjs.org/vary set size:undefined disposed:false
261 silly fetch manifest parseurl@~1.3.3
262 silly packumentCache full:https://registry.npmjs.org/parseurl cache-miss
263 http fetch GET 200 https://registry.npmjs.org/send 89ms (cache miss)
264 silly packumentCache full:https://registry.npmjs.org/send set size:undefined disposed:false
265 silly fetch manifest statuses@~2.0.1
266 silly packumentCache full:https://registry.npmjs.org/statuses cache-miss
267 http fetch GET 200 https://registry.npmjs.org/methods 50ms (cache miss)
268 silly packumentCache full:https://registry.npmjs.org/methods set size:undefined disposed:false
269 silly fetch manifest encodeurl@~2.0.0
270 silly packumentCache full:https://registry.npmjs.org/encodeurl cache-miss
271 http fetch GET 200 https://registry.npmjs.org/cookie 78ms (cache miss)
272 silly packumentCache full:https://registry.npmjs.org/cookie set size:undefined disposed:false
273 silly fetch manifest proxy-addr@~2.0.7
274 silly packumentCache full:https://registry.npmjs.org/proxy-addr cache-miss
275 http fetch GET 200 https://registry.npmjs.org/accepts 71ms (cache miss)
276 silly packumentCache full:https://registry.npmjs.org/accepts set size:undefined disposed:false
277 silly fetch manifest body-parser@~1.20.5
278 silly packumentCache full:https://registry.npmjs.org/body-parser cache-miss
279 http fetch GET 200 https://registry.npmjs.org/fresh 90ms (cache miss)
280 silly packumentCache full:https://registry.npmjs.org/fresh set size:undefined disposed:false
281 silly fetch manifest escape-html@~1.0.3
282 silly packumentCache full:https://registry.npmjs.org/escape-html cache-miss
283 http fetch GET 200 https://registry.npmjs.org/parseurl 54ms (cache miss)
284 silly packumentCache full:https://registry.npmjs.org/parseurl set size:undefined disposed:false
285 silly fetch manifest http-errors@~2.0.0
286 silly packumentCache full:https://registry.npmjs.org/http-errors cache-miss
287 http fetch GET 200 https://registry.npmjs.org/statuses 48ms (cache miss)
288 silly packumentCache full:https://registry.npmjs.org/statuses set size:undefined disposed:false
289 silly fetch manifest on-finished@~2.4.1
290 silly packumentCache full:https://registry.npmjs.org/on-finished cache-miss
291 http fetch GET 200 https://registry.npmjs.org/type-is 66ms (cache miss)
292 silly packumentCache full:https://registry.npmjs.org/type-is set size:undefined disposed:false
293 silly fetch manifest safe-buffer@5.2.1
294 silly packumentCache full:https://registry.npmjs.org/safe-buffer cache-miss
295 http fetch GET 200 https://registry.npmjs.org/encodeurl 44ms (cache miss)
296 silly packumentCache full:https://registry.npmjs.org/encodeurl set size:undefined disposed:false
297 silly fetch manifest utils-merge@1.0.1
298 silly packumentCache full:https://registry.npmjs.org/utils-merge cache-miss
299 http fetch GET 200 https://registry.npmjs.org/proxy-addr 43ms (cache miss)
300 silly packumentCache full:https://registry.npmjs.org/proxy-addr set size:undefined disposed:false
301 silly fetch manifest content-type@~1.0.4
302 silly packumentCache full:https://registry.npmjs.org/content-type cache-miss
303 http fetch GET 200 https://registry.npmjs.org/on-finished 69ms (cache miss)
304 silly packumentCache full:https://registry.npmjs.org/on-finished set size:undefined disposed:false
305 silly fetch manifest finalhandler@~1.3.1
306 silly packumentCache full:https://registry.npmjs.org/finalhandler cache-miss
307 http fetch GET 200 https://registry.npmjs.org/escape-html 90ms (cache miss)
308 silly packumentCache full:https://registry.npmjs.org/escape-html set size:undefined disposed:false
309 silly fetch manifest range-parser@~1.2.1
310 silly packumentCache full:https://registry.npmjs.org/range-parser cache-miss
311 http fetch GET 200 https://registry.npmjs.org/safe-buffer 71ms (cache miss)
312 silly packumentCache full:https://registry.npmjs.org/safe-buffer set size:undefined disposed:false
313 silly fetch manifest serve-static@~1.16.2
314 silly packumentCache full:https://registry.npmjs.org/serve-static cache-miss
315 http fetch GET 200 https://registry.npmjs.org/http-errors 78ms (cache miss)
316 silly packumentCache full:https://registry.npmjs.org/http-errors set size:undefined disposed:false
317 silly fetch manifest array-flatten@1.1.1
318 silly packumentCache full:https://registry.npmjs.org/array-flatten cache-miss
319 http fetch GET 200 https://registry.npmjs.org/utils-merge 62ms (cache miss)
320 silly packumentCache full:https://registry.npmjs.org/utils-merge set size:undefined disposed:false
321 silly fetch manifest path-to-regexp@~0.1.12
322 silly packumentCache full:https://registry.npmjs.org/path-to-regexp cache-miss
323 http fetch GET 200 https://registry.npmjs.org/content-type 70ms (cache miss)
324 silly packumentCache full:https://registry.npmjs.org/content-type set size:undefined disposed:false
325 silly fetch manifest setprototypeof@1.2.0
326 silly packumentCache full:https://registry.npmjs.org/setprototypeof cache-miss
327 http fetch GET 200 https://registry.npmjs.org/body-parser 115ms (cache miss)
328 silly packumentCache full:https://registry.npmjs.org/body-parser set size:undefined disposed:false
329 silly fetch manifest cookie-signature@~1.0.6
330 silly packumentCache full:https://registry.npmjs.org/cookie-signature cache-miss
331 http fetch GET 200 https://registry.npmjs.org/finalhandler 45ms (cache miss)
332 silly packumentCache full:https://registry.npmjs.org/finalhandler set size:undefined disposed:false
333 silly fetch manifest merge-descriptors@1.0.3
334 silly packumentCache full:https://registry.npmjs.org/merge-descriptors cache-miss
335 http fetch GET 200 https://registry.npmjs.org/array-flatten 58ms (cache miss)
336 silly packumentCache full:https://registry.npmjs.org/array-flatten set size:undefined disposed:false
337 silly fetch manifest content-disposition@~0.5.4
338 silly packumentCache full:https://registry.npmjs.org/content-disposition cache-miss
339 http fetch GET 200 https://registry.npmjs.org/range-parser 64ms (cache miss)
340 silly packumentCache full:https://registry.npmjs.org/range-parser set size:undefined disposed:false
341 silly fetch manifest accepts@~1.3.4
342 silly packumentCache full:https://registry.npmjs.org/accepts cache-miss
343 http fetch GET 200 https://registry.npmjs.org/serve-static 69ms (cache miss)
344 silly packumentCache full:https://registry.npmjs.org/serve-static set size:undefined disposed:false
345 silly fetch manifest base64id@~2.0.0
346 silly packumentCache full:https://registry.npmjs.org/base64id cache-miss
347 http fetch GET 200 https://registry.npmjs.org/path-to-regexp 70ms (cache miss)
348 silly packumentCache full:https://registry.npmjs.org/path-to-regexp set size:undefined disposed:false
349 silly fetch manifest cors@~2.8.5
350 silly packumentCache full:https://registry.npmjs.org/cors cache-miss
351 http cache https://registry.npmjs.org/accepts 22ms (cache hit)
352 silly packumentCache full:https://registry.npmjs.org/accepts set size:77054 disposed:false
353 silly fetch manifest debug@~4.4.1
354 silly packumentCache full:https://registry.npmjs.org/debug cache-hit
355 silly fetch manifest engine.io@~6.6.0
356 silly packumentCache full:https://registry.npmjs.org/engine.io cache-miss
357 http fetch GET 200 https://registry.npmjs.org/cookie-signature 67ms (cache miss)
358 silly packumentCache full:https://registry.npmjs.org/cookie-signature set size:undefined disposed:false
359 silly fetch manifest socket.io-adapter@~2.5.2
360 silly packumentCache full:https://registry.npmjs.org/socket.io-adapter cache-miss
361 http fetch GET 200 https://registry.npmjs.org/merge-descriptors 55ms (cache miss)
362 silly packumentCache full:https://registry.npmjs.org/merge-descriptors set size:undefined disposed:false
363 silly fetch manifest socket.io-parser@~4.2.4
364 silly packumentCache full:https://registry.npmjs.org/socket.io-parser cache-miss
365 http fetch GET 200 https://registry.npmjs.org/content-disposition 48ms (cache miss)
366 silly packumentCache full:https://registry.npmjs.org/content-disposition set size:undefined disposed:false
367 silly fetch manifest @vue/shared@3.5.40
368 silly packumentCache full:https://registry.npmjs.org/@vue%2fshared cache-miss
369 http fetch GET 200 https://registry.npmjs.org/base64id 40ms (cache miss)
370 silly packumentCache full:https://registry.npmjs.org/base64id set size:undefined disposed:false
371 silly fetch manifest @vue/runtime-dom@3.5.40
372 silly packumentCache full:https://registry.npmjs.org/@vue%2fruntime-dom cache-miss
373 http fetch GET 200 https://registry.npmjs.org/cors 48ms (cache miss)
374 silly packumentCache full:https://registry.npmjs.org/cors set size:undefined disposed:false
375 silly fetch manifest @vue/compiler-dom@3.5.40
376 silly packumentCache full:https://registry.npmjs.org/@vue%2fcompiler-dom cache-miss
377 http fetch GET 200 https://registry.npmjs.org/socket.io-adapter 41ms (cache miss)
378 silly packumentCache full:https://registry.npmjs.org/socket.io-adapter set size:undefined disposed:false
379 silly fetch manifest @vue/compiler-sfc@3.5.40
380 silly packumentCache full:https://registry.npmjs.org/@vue%2fcompiler-sfc cache-miss
381 http fetch GET 200 https://registry.npmjs.org/socket.io-parser 54ms (cache miss)
382 silly packumentCache full:https://registry.npmjs.org/socket.io-parser set size:undefined disposed:false
383 silly fetch manifest @vue/server-renderer@3.5.40
384 silly packumentCache full:https://registry.npmjs.org/@vue%2fserver-renderer cache-miss
385 http fetch GET 200 https://registry.npmjs.org/setprototypeof 144ms (cache miss)
386 silly packumentCache full:https://registry.npmjs.org/setprototypeof set size:undefined disposed:false
387 http fetch GET 200 https://registry.npmjs.org/engine.io 83ms (cache miss)
388 silly packumentCache full:https://registry.npmjs.org/engine.io set size:undefined disposed:false
389 http fetch GET 200 https://registry.npmjs.org/@vue%2fruntime-dom 99ms (cache miss)
390 silly packumentCache full:https://registry.npmjs.org/@vue%2fruntime-dom set size:undefined disposed:false
391 http fetch GET 200 https://registry.npmjs.org/@vue%2fshared 151ms (cache miss)
392 silly packumentCache full:https://registry.npmjs.org/@vue%2fshared set size:undefined disposed:false
393 http fetch GET 200 https://registry.npmjs.org/@vue%2fcompiler-dom 134ms (cache miss)
394 silly packumentCache full:https://registry.npmjs.org/@vue%2fcompiler-dom set size:undefined disposed:false
395 http fetch GET 200 https://registry.npmjs.org/@vue%2fserver-renderer 127ms (cache miss)
396 silly packumentCache full:https://registry.npmjs.org/@vue%2fserver-renderer set size:undefined disposed:false
397 http fetch GET 200 https://registry.npmjs.org/@vue%2fcompiler-sfc 152ms (cache miss)
398 silly packumentCache full:https://registry.npmjs.org/@vue%2fcompiler-sfc set size:undefined disposed:false
399 silly placeDep ROOT follow-redirects@1.16.0 OK for: axios@1.18.1 want: ^1.16.0
400 silly placeDep ROOT form-data@4.0.6 OK for: axios@1.18.1 want: ^4.0.5
401 silly placeDep ROOT https-proxy-agent@5.0.1 OK for: axios@1.18.1 want: ^5.0.1
402 silly placeDep ROOT proxy-from-env@2.1.0 OK for: axios@1.18.1 want: ^2.1.0
403 silly fetch manifest hasown@^2.0.4
404 silly packumentCache full:https://registry.npmjs.org/hasown cache-miss
405 silly fetch manifest asynckit@^0.4.0
406 silly packumentCache full:https://registry.npmjs.org/asynckit cache-miss
407 silly fetch manifest mime-types@^2.1.35
408 silly packumentCache full:https://registry.npmjs.org/mime-types cache-miss
409 silly fetch manifest combined-stream@^1.0.8
410 silly packumentCache full:https://registry.npmjs.org/combined-stream cache-miss
411 silly fetch manifest es-set-tostringtag@^2.1.0
412 silly packumentCache full:https://registry.npmjs.org/es-set-tostringtag cache-miss
413 silly fetch manifest agent-base@6
414 silly packumentCache full:https://registry.npmjs.org/agent-base cache-miss
415 http fetch GET 200 https://registry.npmjs.org/hasown 42ms (cache miss)
416 silly packumentCache full:https://registry.npmjs.org/hasown set size:undefined disposed:false
417 http fetch GET 200 https://registry.npmjs.org/es-set-tostringtag 72ms (cache miss)
418 silly packumentCache full:https://registry.npmjs.org/es-set-tostringtag set size:undefined disposed:false
419 http fetch GET 200 https://registry.npmjs.org/agent-base 75ms (cache miss)
420 silly packumentCache full:https://registry.npmjs.org/agent-base set size:undefined disposed:false
421 http fetch GET 200 https://registry.npmjs.org/asynckit 79ms (cache miss)
422 silly packumentCache full:https://registry.npmjs.org/asynckit set size:undefined disposed:false
423 http fetch GET 200 https://registry.npmjs.org/mime-types 79ms (cache miss)
424 silly packumentCache full:https://registry.npmjs.org/mime-types set size:undefined disposed:false
425 http fetch GET 200 https://registry.npmjs.org/combined-stream 81ms (cache miss)
426 silly packumentCache full:https://registry.npmjs.org/combined-stream set size:undefined disposed:false
427 silly placeDep ROOT d3-array@3.2.4 OK for: d3@7.9.0 want: 3
428 silly placeDep ROOT d3-axis@3.0.0 OK for: d3@7.9.0 want: 3
429 silly placeDep ROOT d3-brush@3.0.0 OK for: d3@7.9.0 want: 3
430 silly placeDep ROOT d3-chord@3.0.1 OK for: d3@7.9.0 want: 3
431 silly placeDep ROOT d3-color@3.1.0 OK for: d3@7.9.0 want: 3
432 silly placeDep ROOT d3-contour@4.0.2 OK for: d3@7.9.0 want: 4
433 silly placeDep ROOT d3-delaunay@6.0.4 OK for: d3@7.9.0 want: 6
434 silly placeDep ROOT d3-dispatch@3.0.1 OK for: d3@7.9.0 want: 3
435 silly placeDep ROOT d3-drag@3.0.0 OK for: d3@7.9.0 want: 3
436 silly placeDep ROOT d3-dsv@3.0.1 OK for: d3@7.9.0 want: 3
437 silly placeDep ROOT d3-ease@3.0.1 OK for: d3@7.9.0 want: 3
438 silly placeDep ROOT d3-fetch@3.0.1 OK for: d3@7.9.0 want: 3
439 silly placeDep ROOT d3-force@3.0.0 OK for: d3@7.9.0 want: 3
440 silly placeDep ROOT d3-format@3.1.2 OK for: d3@7.9.0 want: 3
441 silly placeDep ROOT d3-geo@3.1.1 OK for: d3@7.9.0 want: 3
442 silly placeDep ROOT d3-hierarchy@3.1.2 OK for: d3@7.9.0 want: 3
443 silly placeDep ROOT d3-interpolate@3.0.1 OK for: d3@7.9.0 want: 3
444 silly placeDep ROOT d3-path@3.1.0 OK for: d3@7.9.0 want: 3
445 silly placeDep ROOT d3-polygon@3.0.1 OK for: d3@7.9.0 want: 3
446 silly placeDep ROOT d3-quadtree@3.0.1 OK for: d3@7.9.0 want: 3
447 silly placeDep ROOT d3-random@3.0.1 OK for: d3@7.9.0 want: 3
448 silly placeDep ROOT d3-scale@4.0.2 OK for: d3@7.9.0 want: 4
449 silly placeDep ROOT d3-scale-chromatic@3.1.0 OK for: d3@7.9.0 want: 3
450 silly placeDep ROOT d3-selection@3.0.0 OK for: d3@7.9.0 want: 3
451 silly placeDep ROOT d3-shape@3.2.0 OK for: d3@7.9.0 want: 3
452 silly placeDep ROOT d3-time@3.1.0 OK for: d3@7.9.0 want: 3
453 silly placeDep ROOT d3-time-format@4.1.0 OK for: d3@7.9.0 want: 4
454 silly placeDep ROOT d3-timer@3.0.1 OK for: d3@7.9.0 want: 3
455 silly placeDep ROOT d3-transition@3.0.1 OK for: d3@7.9.0 want: 3
456 silly placeDep ROOT d3-zoom@3.0.0 OK for: d3@7.9.0 want: 3
457 silly fetch manifest internmap@1 - 2
458 silly packumentCache full:https://registry.npmjs.org/internmap cache-miss
459 silly fetch manifest d3-dispatch@1 - 3
460 silly packumentCache full:https://registry.npmjs.org/d3-dispatch cache-miss
461 silly fetch manifest d3-drag@2 - 3
462 silly packumentCache full:https://registry.npmjs.org/d3-drag cache-miss
463 silly fetch manifest d3-interpolate@1 - 3
464 silly packumentCache full:https://registry.npmjs.org/d3-interpolate cache-miss
465 silly fetch manifest d3-path@1 - 3
466 silly packumentCache full:https://registry.npmjs.org/d3-path cache-miss
467 silly fetch manifest delaunator@5
468 silly packumentCache full:https://registry.npmjs.org/delaunator cache-miss
469 silly fetch manifest commander@7
470 silly packumentCache full:https://registry.npmjs.org/commander cache-miss
471 http cache https://registry.npmjs.org/d3-dispatch 17ms (cache hit)
472 silly packumentCache full:https://registry.npmjs.org/d3-dispatch set size:82955 disposed:false
473 silly fetch manifest iconv-lite@0.6
474 silly packumentCache full:https://registry.npmjs.org/iconv-lite cache-miss
475 http cache https://registry.npmjs.org/d3-drag 18ms (cache hit)
476 silly packumentCache full:https://registry.npmjs.org/d3-drag set size:116130 disposed:false
477 silly fetch manifest rw@1
478 silly packumentCache full:https://registry.npmjs.org/rw cache-miss
479 http cache https://registry.npmjs.org/d3-interpolate 20ms (cache hit)
480 silly packumentCache full:https://registry.npmjs.org/d3-interpolate set size:162337 disposed:false
481 silly fetch manifest d3-quadtree@1 - 3
482 silly packumentCache full:https://registry.npmjs.org/d3-quadtree cache-miss
483 http cache https://registry.npmjs.org/d3-path 23ms (cache hit)
484 silly packumentCache full:https://registry.npmjs.org/d3-path set size:77883 disposed:false
485 silly fetch manifest d3-timer@1 - 3
486 silly packumentCache full:https://registry.npmjs.org/d3-timer cache-miss
487 http cache https://registry.npmjs.org/commander 24ms (cache hit)
488 silly packumentCache full:https://registry.npmjs.org/commander set size:353115 disposed:false
489 silly fetch manifest d3-time@2.1.1 - 3
490 silly packumentCache full:https://registry.npmjs.org/d3-time cache-miss
491 http cache https://registry.npmjs.org/d3-quadtree 23ms (cache hit)
492 silly packumentCache full:https://registry.npmjs.org/d3-quadtree set size:98011 disposed:false
493 silly fetch manifest d3-time-format@2 - 4
494 silly packumentCache full:https://registry.npmjs.org/d3-time-format cache-miss
495 http cache https://registry.npmjs.org/d3-timer 23ms (cache hit)
496 silly packumentCache full:https://registry.npmjs.org/d3-timer set size:101516 disposed:false
497 http cache https://registry.npmjs.org/d3-time 17ms (cache hit)
498 silly packumentCache full:https://registry.npmjs.org/d3-time set size:150406 disposed:false
499 http fetch GET 200 https://registry.npmjs.org/internmap 56ms (cache miss)
500 silly packumentCache full:https://registry.npmjs.org/internmap set size:undefined disposed:false
501 http cache https://registry.npmjs.org/d3-time-format 19ms (cache hit)
502 silly packumentCache full:https://registry.npmjs.org/d3-time-format set size:124514 disposed:false
503 http fetch GET 200 https://registry.npmjs.org/delaunator 65ms (cache miss)
504 silly packumentCache full:https://registry.npmjs.org/delaunator set size:undefined disposed:false
505 http fetch GET 200 https://registry.npmjs.org/rw 51ms (cache miss)
506 silly packumentCache full:https://registry.npmjs.org/rw set size:undefined disposed:false
507 http fetch GET 200 https://registry.npmjs.org/iconv-lite 57ms (cache miss)
508 silly packumentCache full:https://registry.npmjs.org/iconv-lite set size:undefined disposed:false
509 silly placeDep ROOT internmap@2.0.3 OK for: d3-array@3.2.4 want: 1 - 2
510 silly placeDep ROOT delaunator@5.1.0 OK for: d3-delaunay@6.0.4 want: 5
511 silly fetch manifest robust-predicates@^3.0.2
512 silly packumentCache full:https://registry.npmjs.org/robust-predicates cache-miss
513 http fetch GET 200 https://registry.npmjs.org/robust-predicates 50ms (cache miss)
514 silly packumentCache full:https://registry.npmjs.org/robust-predicates set size:undefined disposed:false
515 silly placeDep node_modules/d3-dsv commander@7.2.0 OK for: d3-dsv@3.0.1 want: 7
516 silly placeDep ROOT iconv-lite@0.6.3 OK for: d3-dsv@3.0.1 want: 0.6
517 silly placeDep ROOT rw@1.3.3 OK for: d3-dsv@3.0.1 want: 1
518 silly fetch manifest safer-buffer@>= 2.1.2 < 3.0.0
519 silly packumentCache full:https://registry.npmjs.org/safer-buffer cache-miss
520 http fetch GET 200 https://registry.npmjs.org/safer-buffer 47ms (cache miss)
521 silly packumentCache full:https://registry.npmjs.org/safer-buffer set size:undefined disposed:false
522 silly placeDep ROOT robust-predicates@3.0.3 OK for: delaunator@5.1.0 want: ^3.0.2
523 silly placeDep ROOT tslib@2.3.0 OK for: echarts@6.1.0 want: 2.3.0
524 silly placeDep ROOT zrender@6.1.0 OK for: echarts@6.1.0 want: 6.1.0
525 silly placeDep ROOT esprima@4.0.1 OK for: escodegen@2.1.0 want: ^4.0.1
526 silly placeDep ROOT estraverse@5.3.0 OK for: escodegen@2.1.0 want: ^5.2.0
527 silly placeDep ROOT esutils@2.0.3 OK for: escodegen@2.1.0 want: ^2.0.2
528 silly placeDep ROOT accepts@1.3.8 OK for: express@4.22.2 want: ~1.3.8
529 silly placeDep ROOT array-flatten@1.1.1 OK for: express@4.22.2 want: 1.1.1
530 silly placeDep ROOT body-parser@1.20.6 OK for: express@4.22.2 want: ~1.20.5
531 silly placeDep ROOT content-disposition@0.5.4 OK for: express@4.22.2 want: ~0.5.4
532 silly placeDep ROOT content-type@1.0.5 OK for: express@4.22.2 want: ~1.0.4
533 silly placeDep ROOT cookie@0.7.2 OK for: express@4.22.2 want: ~0.7.1
534 silly placeDep ROOT cookie-signature@1.0.7 OK for: express@4.22.2 want: ~1.0.6
535 silly placeDep node_modules/express debug@2.6.9 OK for: express@4.22.2 want: 2.6.9
536 silly placeDep ROOT depd@2.0.0 OK for: express@4.22.2 want: 2.0.0
537 silly placeDep ROOT encodeurl@2.0.0 OK for: express@4.22.2 want: ~2.0.0
538 silly placeDep ROOT escape-html@1.0.3 OK for: express@4.22.2 want: ~1.0.3
539 silly placeDep ROOT etag@1.8.1 OK for: express@4.22.2 want: ~1.8.1
540 silly placeDep ROOT finalhandler@1.3.2 OK for: express@4.22.2 want: ~1.3.1
541 silly placeDep ROOT fresh@0.5.2 OK for: express@4.22.2 want: ~0.5.2
542 silly placeDep ROOT http-errors@2.0.1 OK for: express@4.22.2 want: ~2.0.0
543 silly placeDep ROOT merge-descriptors@1.0.3 OK for: express@4.22.2 want: 1.0.3
544 silly placeDep ROOT methods@1.1.2 OK for: express@4.22.2 want: ~1.1.2
545 silly placeDep ROOT on-finished@2.4.1 OK for: express@4.22.2 want: ~2.4.1
546 silly placeDep ROOT parseurl@1.3.3 OK for: express@4.22.2 want: ~1.3.3
547 silly placeDep ROOT path-to-regexp@0.1.13 OK for: express@4.22.2 want: ~0.1.12
548 silly placeDep ROOT proxy-addr@2.0.7 OK for: express@4.22.2 want: ~2.0.7
549 silly placeDep ROOT qs@6.15.3 OK for: express@4.22.2 want: ~6.15.1
550 silly placeDep ROOT range-parser@1.2.1 OK for: express@4.22.2 want: ~1.2.1
551 silly placeDep ROOT safe-buffer@5.2.1 OK for: express@4.22.2 want: 5.2.1
552 silly placeDep ROOT send@0.19.2 OK for: express@4.22.2 want: ~0.19.0
553 silly placeDep ROOT serve-static@1.16.3 OK for: express@4.22.2 want: ~1.16.2
554 silly placeDep ROOT setprototypeof@1.2.0 OK for: express@4.22.2 want: 1.2.0
555 silly placeDep ROOT statuses@2.0.2 OK for: express@4.22.2 want: ~2.0.1
556 silly placeDep ROOT type-is@1.6.18 OK for: express@4.22.2 want: ~1.6.18
557 silly placeDep ROOT utils-merge@1.0.1 OK for: express@4.22.2 want: 1.0.1
558 silly placeDep ROOT vary@1.1.2 OK for: express@4.22.2 want: ~1.1.2
559 silly fetch manifest mime-types@~2.1.34
560 silly packumentCache full:https://registry.npmjs.org/mime-types cache-miss
561 silly fetch manifest negotiator@0.6.3
562 silly packumentCache full:https://registry.npmjs.org/negotiator cache-miss
563 silly fetch manifest bytes@~3.1.2
564 silly packumentCache full:https://registry.npmjs.org/bytes cache-miss
565 silly fetch manifest content-type@~1.0.5
566 silly packumentCache full:https://registry.npmjs.org/content-type cache-miss
567 silly fetch manifest destroy@~1.2.0
568 silly packumentCache full:https://registry.npmjs.org/destroy cache-miss
569 silly fetch manifest http-errors@~2.0.1
570 silly packumentCache full:https://registry.npmjs.org/http-errors cache-miss
571 silly fetch manifest iconv-lite@~0.4.24
572 silly packumentCache full:https://registry.npmjs.org/iconv-lite cache-miss
573 http cache https://registry.npmjs.org/mime-types 17ms (cache hit)
574 silly packumentCache full:https://registry.npmjs.org/mime-types set size:139110 disposed:false
575 silly fetch manifest raw-body@~2.5.3
576 silly packumentCache full:https://registry.npmjs.org/raw-body cache-miss
577 http cache https://registry.npmjs.org/content-type 19ms (cache hit)
578 silly packumentCache full:https://registry.npmjs.org/content-type set size:18994 disposed:false
579 silly fetch manifest unpipe@~1.0.0
580 silly packumentCache full:https://registry.npmjs.org/unpipe cache-miss
581 http cache https://registry.npmjs.org/iconv-lite 19ms (cache hit)
582 silly packumentCache full:https://registry.npmjs.org/iconv-lite set size:126462 disposed:false
583 silly fetch manifest ms@2.0.0
584 silly packumentCache full:https://registry.npmjs.org/ms cache-miss
585 http cache https://registry.npmjs.org/http-errors 23ms (cache hit)
586 silly packumentCache full:https://registry.npmjs.org/http-errors set size:71987 disposed:false
587 silly fetch manifest unpipe@~1.0.0
588 silly packumentCache full:https://registry.npmjs.org/unpipe cache-miss
589 http cache https://registry.npmjs.org/ms 12ms (cache hit)
590 silly packumentCache full:https://registry.npmjs.org/ms set size:92208 disposed:false
591 silly fetch manifest statuses@~2.0.2
592 silly packumentCache full:https://registry.npmjs.org/statuses cache-miss
593 http cache https://registry.npmjs.org/statuses 7ms (cache hit)
594 silly packumentCache full:https://registry.npmjs.org/statuses set size:37117 disposed:false
595 silly fetch manifest inherits@~2.0.4
596 silly packumentCache full:https://registry.npmjs.org/inherits cache-miss
597 http fetch GET 200 https://registry.npmjs.org/destroy 48ms (cache miss)
598 silly packumentCache full:https://registry.npmjs.org/destroy set size:undefined disposed:false
599 silly fetch manifest setprototypeof@~1.2.0
600 silly packumentCache full:https://registry.npmjs.org/setprototypeof cache-miss
601 http fetch GET 200 https://registry.npmjs.org/bytes 51ms (cache miss)
602 silly packumentCache full:https://registry.npmjs.org/bytes set size:undefined disposed:false
603 silly fetch manifest toidentifier@~1.0.1
604 silly packumentCache full:https://registry.npmjs.org/toidentifier cache-miss
605 http fetch GET 200 https://registry.npmjs.org/negotiator 57ms (cache miss)
606 silly packumentCache full:https://registry.npmjs.org/negotiator set size:undefined disposed:false
607 silly fetch manifest ee-first@1.1.1
608 silly packumentCache full:https://registry.npmjs.org/ee-first cache-miss
609 http cache https://registry.npmjs.org/setprototypeof 9ms (cache hit)
610 silly packumentCache full:https://registry.npmjs.org/setprototypeof set size:14532 disposed:false
611 silly fetch manifest forwarded@0.2.0
612 silly packumentCache full:https://registry.npmjs.org/forwarded cache-miss
613 http fetch GET 200 https://registry.npmjs.org/inherits 34ms (cache miss)
614 silly packumentCache full:https://registry.npmjs.org/inherits set size:undefined disposed:false
615 silly fetch manifest ipaddr.js@1.9.1
616 silly packumentCache full:https://registry.npmjs.org/ipaddr.js cache-miss
617 http fetch GET 200 https://registry.npmjs.org/unpipe 68ms (cache miss)
618 silly packumentCache full:https://registry.npmjs.org/unpipe set size:undefined disposed:false
619 silly fetch manifest side-channel@^1.1.1
620 silly packumentCache full:https://registry.npmjs.org/side-channel cache-miss
621 http fetch GET 200 https://registry.npmjs.org/unpipe 64ms (cache miss)
622 silly packumentCache full:https://registry.npmjs.org/unpipe set size:undefined disposed:false
623 silly fetch manifest es-define-property@^1.0.1
624 silly packumentCache full:https://registry.npmjs.org/es-define-property cache-miss
625 http fetch GET 200 https://registry.npmjs.org/toidentifier 47ms (cache miss)
626 silly packumentCache full:https://registry.npmjs.org/toidentifier set size:undefined disposed:false
627 silly fetch manifest mime@1.6.0
628 silly packumentCache full:https://registry.npmjs.org/mime cache-miss
629 http fetch GET 200 https://registry.npmjs.org/ee-first 48ms (cache miss)
630 silly packumentCache full:https://registry.npmjs.org/ee-first set size:undefined disposed:false
631 silly fetch manifest destroy@1.2.0
632 silly packumentCache full:https://registry.npmjs.org/destroy cache-miss
633 http fetch GET 200 https://registry.npmjs.org/raw-body 92ms (cache miss)
634 silly packumentCache full:https://registry.npmjs.org/raw-body set size:undefined disposed:false
635 silly fetch manifest mime-types@~2.1.24
636 silly packumentCache full:https://registry.npmjs.org/mime-types cache-hit
637 silly fetch manifest media-typer@0.3.0
638 silly packumentCache full:https://registry.npmjs.org/media-typer cache-miss
639 http fetch GET 200 https://registry.npmjs.org/forwarded 59ms (cache miss)
640 silly packumentCache full:https://registry.npmjs.org/forwarded set size:undefined disposed:false
641 http cache https://registry.npmjs.org/destroy 18ms (cache hit)
642 silly packumentCache full:https://registry.npmjs.org/destroy set size:15738 disposed:false
643 http fetch GET 200 https://registry.npmjs.org/ipaddr.js 56ms (cache miss)
644 silly packumentCache full:https://registry.npmjs.org/ipaddr.js set size:undefined disposed:false
645 http fetch GET 200 https://registry.npmjs.org/es-define-property 47ms (cache miss)
646 silly packumentCache full:https://registry.npmjs.org/es-define-property set size:undefined disposed:false
647 http fetch GET 200 https://registry.npmjs.org/side-channel 53ms (cache miss)
648 silly packumentCache full:https://registry.npmjs.org/side-channel set size:undefined disposed:false
649 http fetch GET 200 https://registry.npmjs.org/mime 44ms (cache miss)
650 silly packumentCache full:https://registry.npmjs.org/mime set size:undefined disposed:false
651 http fetch GET 200 https://registry.npmjs.org/media-typer 48ms (cache miss)
652 silly packumentCache full:https://registry.npmjs.org/media-typer set size:undefined disposed:false
653 silly placeDep ROOT mime-types@2.1.35 OK for: accepts@1.3.8 want: ~2.1.34
654 silly placeDep ROOT negotiator@0.6.3 OK for: accepts@1.3.8 want: 0.6.3
655 silly fetch manifest mime-db@1.52.0
656 silly packumentCache full:https://registry.npmjs.org/mime-db cache-miss
657 http fetch GET 200 https://registry.npmjs.org/mime-db 82ms (cache miss)
658 silly packumentCache full:https://registry.npmjs.org/mime-db set size:undefined disposed:false
659 silly placeDep ROOT bytes@3.1.2 OK for: body-parser@1.20.6 want: ~3.1.2
660 silly placeDep node_modules/body-parser debug@2.6.9 OK for: body-parser@1.20.6 want: 2.6.9
661 silly placeDep ROOT destroy@1.2.0 OK for: body-parser@1.20.6 want: ~1.2.0
662 silly placeDep node_modules/body-parser iconv-lite@0.4.24 OK for: body-parser@1.20.6 want: ~0.4.24
663 silly placeDep ROOT raw-body@2.5.3 OK for: body-parser@1.20.6 want: ~2.5.3
664 silly placeDep ROOT unpipe@1.0.0 OK for: body-parser@1.20.6 want: ~1.0.0
665 silly fetch manifest safer-buffer@>= 2.1.2 < 3
666 silly packumentCache full:https://registry.npmjs.org/safer-buffer cache-miss
667 http cache https://registry.npmjs.org/safer-buffer 5ms (cache hit)
668 silly packumentCache full:https://registry.npmjs.org/safer-buffer set size:18521 disposed:false
669 silly placeDep node_modules/finalhandler debug@2.6.9 OK for: finalhandler@1.3.2 want: 2.6.9
670 silly placeDep ROOT asynckit@0.4.0 OK for: form-data@4.0.6 want: ^0.4.0
671 silly placeDep ROOT combined-stream@1.0.8 OK for: form-data@4.0.6 want: ^1.0.8
672 silly placeDep ROOT es-set-tostringtag@2.1.0 OK for: form-data@4.0.6 want: ^2.1.0
673 silly placeDep ROOT hasown@2.0.4 OK for: form-data@4.0.6 want: ^2.0.4
674 silly fetch manifest delayed-stream@~1.0.0
675 silly packumentCache full:https://registry.npmjs.org/delayed-stream cache-miss
676 silly fetch manifest es-errors@^1.3.0
677 silly packumentCache full:https://registry.npmjs.org/es-errors cache-miss
678 silly fetch manifest get-intrinsic@^1.2.6
679 silly packumentCache full:https://registry.npmjs.org/get-intrinsic cache-miss
680 silly fetch manifest has-tostringtag@^1.0.2
681 silly packumentCache full:https://registry.npmjs.org/has-tostringtag cache-miss
682 silly fetch manifest hasown@^2.0.2
683 silly packumentCache full:https://registry.npmjs.org/hasown cache-miss
684 silly fetch manifest function-bind@^1.1.2
685 silly packumentCache full:https://registry.npmjs.org/function-bind cache-miss
686 http cache https://registry.npmjs.org/hasown 8ms (cache hit)
687 silly packumentCache full:https://registry.npmjs.org/hasown set size:18361 disposed:false
688 http fetch GET 200 https://registry.npmjs.org/has-tostringtag 68ms (cache miss)
689 silly packumentCache full:https://registry.npmjs.org/has-tostringtag set size:undefined disposed:false
690 http fetch GET 200 https://registry.npmjs.org/get-intrinsic 76ms (cache miss)
691 silly packumentCache full:https://registry.npmjs.org/get-intrinsic set size:undefined disposed:false
692 http fetch GET 200 https://registry.npmjs.org/es-errors 79ms (cache miss)
693 silly packumentCache full:https://registry.npmjs.org/es-errors set size:undefined disposed:false
694 http fetch GET 200 https://registry.npmjs.org/function-bind 79ms (cache miss)
695 silly packumentCache full:https://registry.npmjs.org/function-bind set size:undefined disposed:false
696 http fetch GET 200 https://registry.npmjs.org/delayed-stream 82ms (cache miss)
697 silly packumentCache full:https://registry.npmjs.org/delayed-stream set size:undefined disposed:false
698 silly placeDep ROOT delayed-stream@1.0.0 OK for: combined-stream@1.0.8 want: ~1.0.0
699 silly placeDep ROOT es-errors@1.3.0 OK for: es-set-tostringtag@2.1.0 want: ^1.3.0
700 silly placeDep ROOT get-intrinsic@1.3.0 OK for: es-set-tostringtag@2.1.0 want: ^1.2.6
701 silly placeDep ROOT has-tostringtag@1.0.2 OK for: es-set-tostringtag@2.1.0 want: ^1.0.2
702 silly fetch manifest gopd@^1.2.0
703 silly packumentCache full:https://registry.npmjs.org/gopd cache-miss
704 silly fetch manifest get-proto@^1.0.1
705 silly packumentCache full:https://registry.npmjs.org/get-proto cache-miss
706 silly fetch manifest has-symbols@^1.1.0
707 silly packumentCache full:https://registry.npmjs.org/has-symbols cache-miss
708 silly fetch manifest es-object-atoms@^1.1.1
709 silly packumentCache full:https://registry.npmjs.org/es-object-atoms cache-miss
710 silly fetch manifest math-intrinsics@^1.1.0
711 silly packumentCache full:https://registry.npmjs.org/math-intrinsics cache-miss
712 silly fetch manifest call-bind-apply-helpers@^1.0.2
713 silly packumentCache full:https://registry.npmjs.org/call-bind-apply-helpers cache-miss
714 silly fetch manifest has-symbols@^1.0.3
715 silly packumentCache full:https://registry.npmjs.org/has-symbols cache-miss
716 http fetch GET 200 https://registry.npmjs.org/gopd 73ms (cache miss)
717 silly packumentCache full:https://registry.npmjs.org/gopd set size:undefined disposed:false
718 http fetch GET 200 https://registry.npmjs.org/call-bind-apply-helpers 71ms (cache miss)
719 silly packumentCache full:https://registry.npmjs.org/call-bind-apply-helpers set size:undefined disposed:false
720 http fetch GET 200 https://registry.npmjs.org/get-proto 75ms (cache miss)
721 silly packumentCache full:https://registry.npmjs.org/get-proto set size:undefined disposed:false
722 http fetch GET 200 https://registry.npmjs.org/math-intrinsics 75ms (cache miss)
723 silly packumentCache full:https://registry.npmjs.org/math-intrinsics set size:undefined disposed:false
724 http fetch GET 200 https://registry.npmjs.org/es-object-atoms 76ms (cache miss)
725 silly packumentCache full:https://registry.npmjs.org/es-object-atoms set size:undefined disposed:false
726 http fetch GET 200 https://registry.npmjs.org/has-symbols 74ms (cache miss)
727 silly packumentCache full:https://registry.npmjs.org/has-symbols set size:undefined disposed:false
728 http fetch GET 200 https://registry.npmjs.org/has-symbols 78ms (cache miss)
729 silly packumentCache full:https://registry.npmjs.org/has-symbols set size:undefined disposed:false
730 silly placeDep ROOT call-bind-apply-helpers@1.0.2 OK for: get-intrinsic@1.3.0 want: ^1.0.2
731 silly placeDep ROOT es-define-property@1.0.1 OK for: get-intrinsic@1.3.0 want: ^1.0.1
732 silly placeDep ROOT es-object-atoms@1.1.2 OK for: get-intrinsic@1.3.0 want: ^1.1.1
733 silly placeDep ROOT function-bind@1.1.2 OK for: get-intrinsic@1.3.0 want: ^1.1.2
734 silly placeDep ROOT get-proto@1.0.1 OK for: get-intrinsic@1.3.0 want: ^1.0.1
735 silly placeDep ROOT gopd@1.2.0 OK for: get-intrinsic@1.3.0 want: ^1.2.0
736 silly placeDep ROOT has-symbols@1.1.0 OK for: get-intrinsic@1.3.0 want: ^1.1.0
737 silly placeDep ROOT math-intrinsics@1.1.0 OK for: get-intrinsic@1.3.0 want: ^1.1.0
738 silly fetch manifest dunder-proto@^1.0.1
739 silly packumentCache full:https://registry.npmjs.org/dunder-proto cache-miss
740 http fetch GET 200 https://registry.npmjs.org/dunder-proto 43ms (cache miss)
741 silly packumentCache full:https://registry.npmjs.org/dunder-proto set size:undefined disposed:false
742 silly placeDep ROOT dunder-proto@1.0.1 OK for: get-proto@1.0.1 want: ^1.0.1
743 silly placeDep ROOT inherits@2.0.4 OK for: http-errors@2.0.1 want: ~2.0.4
744 silly placeDep ROOT toidentifier@1.0.1 OK for: http-errors@2.0.1 want: ~1.0.1
745 silly placeDep ROOT agent-base@6.0.2 OK for: https-proxy-agent@5.0.1 want: 6
746 silly placeDep ROOT safer-buffer@2.1.2 OK for: iconv-lite@0.6.3 want: >= 2.1.2 < 3.0.0
747 silly placeDep ROOT mime-db@1.52.0 OK for: mime-types@2.1.35 want: 1.52.0
748 silly placeDep ROOT ee-first@1.1.1 OK for: on-finished@2.4.1 want: 1.1.1
749 silly placeDep ROOT forwarded@0.2.0 OK for: proxy-addr@2.0.7 want: 0.2.0
750 silly placeDep ROOT ipaddr.js@1.9.1 OK for: proxy-addr@2.0.7 want: 1.9.1
751 silly placeDep ROOT side-channel@1.1.1 OK for: qs@6.15.3 want: ^1.1.1
752 silly fetch manifest object-inspect@^1.13.4
753 silly packumentCache full:https://registry.npmjs.org/object-inspect cache-miss
754 silly fetch manifest side-channel-list@^1.0.1
755 silly packumentCache full:https://registry.npmjs.org/side-channel-list cache-miss
756 silly fetch manifest side-channel-map@^1.0.1
757 silly packumentCache full:https://registry.npmjs.org/side-channel-map cache-miss
758 silly fetch manifest side-channel-weakmap@^1.0.2
759 silly packumentCache full:https://registry.npmjs.org/side-channel-weakmap cache-miss
760 http fetch GET 200 https://registry.npmjs.org/side-channel-map 40ms (cache miss)
761 silly packumentCache full:https://registry.npmjs.org/side-channel-map set size:undefined disposed:false
762 http fetch GET 200 https://registry.npmjs.org/side-channel-weakmap 40ms (cache miss)
763 silly packumentCache full:https://registry.npmjs.org/side-channel-weakmap set size:undefined disposed:false
764 http fetch GET 200 https://registry.npmjs.org/side-channel-list 51ms (cache miss)
765 silly packumentCache full:https://registry.npmjs.org/side-channel-list set size:undefined disposed:false
766 http fetch GET 200 https://registry.npmjs.org/object-inspect 54ms (cache miss)
767 silly packumentCache full:https://registry.npmjs.org/object-inspect set size:undefined disposed:false
768 silly placeDep node_modules/raw-body iconv-lite@0.4.24 OK for: raw-body@2.5.3 want: ~0.4.24
769 silly placeDep node_modules/send debug@2.6.9 OK for: send@0.19.2 want: 2.6.9
770 silly placeDep ROOT mime@1.6.0 OK for: send@0.19.2 want: 1.6.0
771 silly placeDep ROOT object-inspect@1.13.4 OK for: side-channel@1.1.1 want: ^1.13.4
772 silly placeDep ROOT side-channel-list@1.0.1 OK for: side-channel@1.1.1 want: ^1.0.1
773 silly placeDep ROOT side-channel-map@1.0.1 OK for: side-channel@1.1.1 want: ^1.0.1
774 silly placeDep ROOT side-channel-weakmap@1.0.2 OK for: side-channel@1.1.1 want: ^1.0.2
775 silly fetch manifest call-bound@^1.0.2
776 silly packumentCache full:https://registry.npmjs.org/call-bound cache-miss
777 silly fetch manifest call-bound@^1.0.2
778 silly packumentCache full:https://registry.npmjs.org/call-bound cache-miss
779 http fetch GET 200 https://registry.npmjs.org/call-bound 32ms (cache miss)
780 silly packumentCache full:https://registry.npmjs.org/call-bound set size:undefined disposed:false
781 http fetch GET 200 https://registry.npmjs.org/call-bound 40ms (cache miss)
782 silly packumentCache full:https://registry.npmjs.org/call-bound set size:undefined disposed:false
783 silly placeDep ROOT call-bound@1.0.4 OK for: side-channel-map@1.0.1 want: ^1.0.2
784 silly placeDep ROOT base64id@2.0.0 OK for: socket.io@4.8.3 want: ~2.0.0
785 silly placeDep ROOT cors@2.8.6 OK for: socket.io@4.8.3 want: ~2.8.5
786 silly placeDep node_modules/socket.io debug@4.4.3 OK for: socket.io@4.8.3 want: ~4.4.1
787 silly placeDep ROOT engine.io@6.6.9 OK for: socket.io@4.8.3 want: ~6.6.0
788 silly placeDep ROOT socket.io-adapter@2.5.8 OK for: socket.io@4.8.3 want: ~2.5.2
789 silly placeDep ROOT socket.io-parser@4.2.7 OK for: socket.io@4.8.3 want: ~4.2.4
790 silly fetch manifest object-assign@^4
791 silly packumentCache full:https://registry.npmjs.org/object-assign cache-miss
792 silly fetch manifest ws@~8.21.0
793 silly packumentCache full:https://registry.npmjs.org/ws cache-miss
794 silly fetch manifest @types/ws@^8.5.12
795 silly packumentCache full:https://registry.npmjs.org/@types%2fws cache-miss
796 silly fetch manifest @types/cors@^2.8.12
797 silly packumentCache full:https://registry.npmjs.org/@types%2fcors cache-miss
798 silly fetch manifest @types/node@>=10.0.0
799 silly packumentCache full:https://registry.npmjs.org/@types%2fnode cache-miss
800 silly fetch manifest engine.io-parser@~5.2.1
801 silly packumentCache full:https://registry.npmjs.org/engine.io-parser cache-miss
802 silly fetch manifest ws@~8.21.0
803 silly packumentCache full:https://registry.npmjs.org/ws cache-miss
804 http fetch GET 200 https://registry.npmjs.org/object-assign 36ms (cache miss)
805 silly packumentCache full:https://registry.npmjs.org/object-assign set size:undefined disposed:false
806 silly fetch manifest @socket.io/component-emitter@~3.1.0
807 silly packumentCache full:https://registry.npmjs.org/@socket.io%2fcomponent-emitter cache-miss
808 http fetch GET 200 https://registry.npmjs.org/engine.io-parser 47ms (cache miss)
809 silly packumentCache full:https://registry.npmjs.org/engine.io-parser set size:undefined disposed:false
810 http fetch GET 200 https://registry.npmjs.org/@types%2fcors 71ms (cache miss)
811 silly packumentCache full:https://registry.npmjs.org/@types%2fcors set size:undefined disposed:false
812 http fetch GET 200 https://registry.npmjs.org/@types%2fws 85ms (cache miss)
813 silly packumentCache full:https://registry.npmjs.org/@types%2fws set size:undefined disposed:false
814 http fetch GET 200 https://registry.npmjs.org/ws 87ms (cache miss)
815 silly packumentCache full:https://registry.npmjs.org/ws set size:undefined disposed:false
816 http fetch GET 200 https://registry.npmjs.org/ws 100ms (cache miss)
817 silly packumentCache full:https://registry.npmjs.org/ws set size:undefined disposed:false
818 http fetch GET 200 https://registry.npmjs.org/@socket.io%2fcomponent-emitter 363ms (cache miss)
819 silly packumentCache full:https://registry.npmjs.org/@socket.io%2fcomponent-emitter set size:undefined disposed:false
820 http fetch GET 200 https://registry.npmjs.org/@types%2fnode 620ms (cache miss)
821 silly packumentCache full:https://registry.npmjs.org/@types%2fnode set size:undefined disposed:false
822 silly placeDep ROOT object-assign@4.1.1 OK for: cors@2.8.6 want: ^4
823 silly fetch manifest bufferutil@^4.0.1
824 silly packumentCache full:https://registry.npmjs.org/bufferutil cache-miss
825 http fetch GET 200 https://registry.npmjs.org/bufferutil 57ms (cache miss)
826 silly packumentCache full:https://registry.npmjs.org/bufferutil set size:undefined disposed:false
827 silly fetch manifest utf-8-validate@>=5.0.2
828 silly packumentCache full:https://registry.npmjs.org/utf-8-validate cache-miss
829 http fetch GET 200 https://registry.npmjs.org/utf-8-validate 38ms (cache miss)
830 silly packumentCache full:https://registry.npmjs.org/utf-8-validate set size:undefined disposed:false
831 silly placeDep ROOT @types/cors@2.8.19 OK for: engine.io@6.6.9 want: ^2.8.12
832 silly placeDep ROOT @types/node@26.1.1 OK for: engine.io@6.6.9 want: >=10.0.0
833 silly placeDep ROOT @types/ws@8.18.1 OK for: engine.io@6.6.9 want: ^8.5.12
834 silly placeDep node_modules/engine.io debug@4.4.3 OK for: engine.io@6.6.9 want: ~4.4.1
835 silly placeDep ROOT engine.io-parser@5.2.3 OK for: engine.io@6.6.9 want: ~5.2.1
836 silly placeDep ROOT ws@8.21.1 OK for: engine.io@6.6.9 want: ~8.21.0
837 silly fetch manifest @types/node@*
838 silly packumentCache full:https://registry.npmjs.org/@types%2fnode cache-miss
839 silly fetch manifest undici-types@~8.3.0
840 silly packumentCache full:https://registry.npmjs.org/undici-types cache-miss
841 http cache https://registry.npmjs.org/@types%2fnode 30ms (cache hit)
842 silly packumentCache full:https://registry.npmjs.org/@types%2fnode set size:11080817 disposed:false
843 http fetch GET 200 https://registry.npmjs.org/undici-types 117ms (cache miss)
844 silly packumentCache full:https://registry.npmjs.org/undici-types set size:undefined disposed:false
845 silly placeDep ROOT undici-types@8.3.0 OK for: @types/node@26.1.1 want: ~8.3.0
846 silly placeDep node_modules/socket.io-adapter debug@4.4.3 OK for: socket.io-adapter@2.5.8 want: ~4.4.1
847 silly placeDep ROOT @socket.io/component-emitter@3.1.2 OK for: socket.io-parser@4.2.7 want: ~3.1.0
848 silly placeDep node_modules/socket.io-parser debug@4.4.3 OK for: socket.io-parser@4.2.7 want: ~4.4.1
849 silly placeDep ROOT media-typer@0.3.0 OK for: type-is@1.6.18 want: 0.3.0
850 silly placeDep ROOT @vue/compiler-dom@3.5.40 OK for: vue@3.5.40 want: 3.5.40
851 silly placeDep ROOT @vue/compiler-sfc@3.5.40 OK for: vue@3.5.40 want: 3.5.40
852 silly placeDep ROOT @vue/runtime-dom@3.5.40 OK for: vue@3.5.40 want: 3.5.40
853 silly placeDep ROOT @vue/server-renderer@3.5.40 OK for: vue@3.5.40 want: 3.5.40
854 silly placeDep ROOT @vue/shared@3.5.40 OK for: vue@3.5.40 want: 3.5.40
855 silly fetch manifest @vue/compiler-core@3.5.40
856 silly packumentCache full:https://registry.npmjs.org/@vue%2fcompiler-core cache-miss
857 silly fetch manifest postcss@^8.5.19
858 silly packumentCache full:https://registry.npmjs.org/postcss cache-miss
859 silly fetch manifest magic-string@^0.30.21
860 silly packumentCache full:https://registry.npmjs.org/magic-string cache-miss
861 silly fetch manifest @babel/parser@^7.29.7
862 silly packumentCache full:https://registry.npmjs.org/@babel%2fparser cache-miss
863 silly fetch manifest estree-walker@^2.0.2
864 silly packumentCache full:https://registry.npmjs.org/estree-walker cache-miss
865 silly fetch manifest source-map-js@^1.2.1
866 silly packumentCache full:https://registry.npmjs.org/source-map-js cache-miss
867 silly fetch manifest @vue/compiler-ssr@3.5.40
868 silly packumentCache full:https://registry.npmjs.org/@vue%2fcompiler-ssr cache-miss
869 http fetch GET 200 https://registry.npmjs.org/source-map-js 64ms (cache miss)
870 silly packumentCache full:https://registry.npmjs.org/source-map-js set size:undefined disposed:false
871 silly fetch manifest @vue/compiler-core@3.5.40
872 silly packumentCache full:https://registry.npmjs.org/@vue%2fcompiler-core cache-miss
873 http fetch GET 200 https://registry.npmjs.org/estree-walker 72ms (cache miss)
874 silly packumentCache full:https://registry.npmjs.org/estree-walker set size:undefined disposed:false
875 silly fetch manifest csstype@^3.2.3
876 silly packumentCache full:https://registry.npmjs.org/csstype cache-miss
877 http fetch GET 200 https://registry.npmjs.org/csstype 69ms (cache miss)
878 silly packumentCache full:https://registry.npmjs.org/csstype set size:undefined disposed:false
879 silly fetch manifest @vue/reactivity@3.5.40
880 silly packumentCache full:https://registry.npmjs.org/@vue%2freactivity cache-miss
881 http fetch GET 200 https://registry.npmjs.org/magic-string 196ms (cache miss)
882 silly packumentCache full:https://registry.npmjs.org/magic-string set size:undefined disposed:false
883 silly fetch manifest @vue/runtime-core@3.5.40
884 silly packumentCache full:https://registry.npmjs.org/@vue%2fruntime-core cache-miss
885 http fetch GET 200 https://registry.npmjs.org/@vue%2fcompiler-core 145ms (cache miss)
886 silly packumentCache full:https://registry.npmjs.org/@vue%2fcompiler-core set size:undefined disposed:false
887 silly fetch manifest @vue/compiler-ssr@3.5.40
888 silly packumentCache full:https://registry.npmjs.org/@vue%2fcompiler-ssr cache-miss
889 http fetch GET 200 https://registry.npmjs.org/postcss 251ms (cache miss)
890 silly packumentCache full:https://registry.npmjs.org/postcss set size:undefined disposed:false
891 http fetch GET 200 https://registry.npmjs.org/@vue%2fcompiler-core 265ms (cache miss)
892 silly packumentCache full:https://registry.npmjs.org/@vue%2fcompiler-core set size:undefined disposed:false
893 http fetch GET 200 https://registry.npmjs.org/@vue%2freactivity 125ms (cache miss)
894 silly packumentCache full:https://registry.npmjs.org/@vue%2freactivity set size:undefined disposed:false
895 http fetch GET 200 https://registry.npmjs.org/@vue%2fcompiler-ssr 281ms (cache miss)
896 silly packumentCache full:https://registry.npmjs.org/@vue%2fcompiler-ssr set size:undefined disposed:false
897 http fetch GET 200 https://registry.npmjs.org/@vue%2fcompiler-ssr 139ms (cache miss)
898 silly packumentCache full:https://registry.npmjs.org/@vue%2fcompiler-ssr set size:undefined disposed:false
899 http fetch GET 200 https://registry.npmjs.org/@vue%2fruntime-core 192ms (cache miss)
900 silly packumentCache full:https://registry.npmjs.org/@vue%2fruntime-core set size:undefined disposed:false
901 http fetch GET 200 https://registry.npmjs.org/@babel%2fparser 2260ms (cache miss)
902 silly packumentCache full:https://registry.npmjs.org/@babel%2fparser set size:undefined disposed:false
903 silly placeDep ROOT @vue/compiler-core@3.5.40 OK for: @vue/compiler-dom@3.5.40 want: 3.5.40
904 silly fetch manifest entities@^7.0.1
905 silly packumentCache full:https://registry.npmjs.org/entities cache-miss
906 http fetch GET 200 https://registry.npmjs.org/entities 64ms (cache miss)
907 silly packumentCache full:https://registry.npmjs.org/entities set size:undefined disposed:false
908 silly placeDep ROOT @babel/parser@7.29.7 OK for: @vue/compiler-core@3.5.40 want: ^7.29.7
909 silly placeDep ROOT entities@7.0.1 OK for: @vue/compiler-core@3.5.40 want: ^7.0.1
910 silly placeDep ROOT estree-walker@2.0.2 OK for: @vue/compiler-core@3.5.40 want: ^2.0.2
911 silly placeDep ROOT source-map-js@1.2.1 OK for: @vue/compiler-core@3.5.40 want: ^1.2.1
912 silly fetch manifest @babel/types@^7.29.7
913 silly packumentCache full:https://registry.npmjs.org/@babel%2ftypes cache-miss
914 http fetch GET 200 https://registry.npmjs.org/@babel%2ftypes 124ms (cache miss)
915 silly packumentCache full:https://registry.npmjs.org/@babel%2ftypes set size:undefined disposed:false
916 silly placeDep ROOT @babel/types@7.29.7 OK for: @babel/parser@7.29.7 want: ^7.29.7
917 silly fetch manifest @babel/helper-string-parser@^7.29.7
918 silly packumentCache full:https://registry.npmjs.org/@babel%2fhelper-string-parser cache-miss
919 silly fetch manifest @babel/helper-validator-identifier@^7.29.7
920 silly packumentCache full:https://registry.npmjs.org/@babel%2fhelper-validator-identifier cache-miss
921 http fetch GET 200 https://registry.npmjs.org/@babel%2fhelper-string-parser 46ms (cache miss)
922 silly packumentCache full:https://registry.npmjs.org/@babel%2fhelper-string-parser set size:undefined disposed:false
923 http fetch GET 200 https://registry.npmjs.org/@babel%2fhelper-validator-identifier 48ms (cache miss)
924 silly packumentCache full:https://registry.npmjs.org/@babel%2fhelper-validator-identifier set size:undefined disposed:false
925 silly placeDep ROOT @babel/helper-string-parser@7.29.7 OK for: @babel/types@7.29.7 want: ^7.29.7
926 silly placeDep ROOT @babel/helper-validator-identifier@7.29.7 OK for: @babel/types@7.29.7 want: ^7.29.7
927 silly placeDep ROOT @vue/compiler-ssr@3.5.40 OK for: @vue/compiler-sfc@3.5.40 want: 3.5.40
928 silly placeDep ROOT magic-string@0.30.21 OK for: @vue/compiler-sfc@3.5.40 want: ^0.30.21
929 silly placeDep ROOT postcss@8.5.20 OK for: @vue/compiler-sfc@3.5.40 want: ^8.5.19
930 silly fetch manifest @jridgewell/sourcemap-codec@^1.5.5
931 silly packumentCache full:https://registry.npmjs.org/@jridgewell%2fsourcemap-codec cache-miss
932 silly fetch manifest nanoid@^3.3.16
933 silly packumentCache full:https://registry.npmjs.org/nanoid cache-miss
934 silly fetch manifest picocolors@^1.1.1
935 silly packumentCache full:https://registry.npmjs.org/picocolors cache-miss
936 http fetch GET 200 https://registry.npmjs.org/@jridgewell%2fsourcemap-codec 59ms (cache miss)
937 silly packumentCache full:https://registry.npmjs.org/@jridgewell%2fsourcemap-codec set size:undefined disposed:false
938 http fetch GET 200 https://registry.npmjs.org/picocolors 100ms (cache miss)
939 silly packumentCache full:https://registry.npmjs.org/picocolors set size:undefined disposed:false
940 http fetch GET 200 https://registry.npmjs.org/nanoid 134ms (cache miss)
941 silly packumentCache full:https://registry.npmjs.org/nanoid set size:undefined disposed:false
942 silly placeDep ROOT @vue/reactivity@3.5.40 OK for: @vue/runtime-dom@3.5.40 want: 3.5.40
943 silly placeDep ROOT @vue/runtime-core@3.5.40 OK for: @vue/runtime-dom@3.5.40 want: 3.5.40
944 silly placeDep ROOT csstype@3.2.3 OK for: @vue/runtime-dom@3.5.40 want: ^3.2.3
945 silly placeDep ROOT @jridgewell/sourcemap-codec@1.5.5 OK for: magic-string@0.30.21 want: ^1.5.5
946 silly placeDep ROOT nanoid@3.3.16 OK for: postcss@8.5.20 want: ^3.3.16
947 silly placeDep ROOT picocolors@1.1.1 OK for: postcss@8.5.20 want: ^1.1.1
948 silly placeDep node_modules/body-parser ms@2.0.0 OK for: debug@2.6.9 want: 2.0.0
949 silly placeDep node_modules/express ms@2.0.0 OK for: debug@2.6.9 want: 2.0.0
950 silly placeDep node_modules/finalhandler ms@2.0.0 OK for: debug@2.6.9 want: 2.0.0
951 silly placeDep node_modules/send/node_modules/debug ms@2.0.0 OK for: debug@2.6.9 want: 2.0.0
952 silly reify moves {}
953 http cache picocolors@https://registry.npmjs.org/picocolors/-/picocolors-1.1.1.tgz 0ms (cache hit)
954 http cache nanoid@https://registry.npmjs.org/nanoid/-/nanoid-3.3.16.tgz 0ms (cache hit)
955 http cache @jridgewell/sourcemap-codec@https://registry.npmjs.org/@jridgewell/sourcemap-codec/-/sourcemap-codec-1.5.5.tgz 0ms (cache hit)
956 http cache @vue/runtime-core@https://registry.npmjs.org/@vue/runtime-core/-/runtime-core-3.5.40.tgz 0ms (cache hit)
957 http cache csstype@https://registry.npmjs.org/csstype/-/csstype-3.2.3.tgz 0ms (cache hit)
958 http cache @vue/reactivity@https://registry.npmjs.org/@vue/reactivity/-/reactivity-3.5.40.tgz 0ms (cache hit)
959 http cache postcss@https://registry.npmjs.org/postcss/-/postcss-8.5.20.tgz 0ms (cache hit)
960 http cache magic-string@https://registry.npmjs.org/magic-string/-/magic-string-0.30.21.tgz 0ms (cache hit)
961 http cache @babel/types@https://registry.npmjs.org/@babel/types/-/types-7.29.7.tgz 0ms (cache hit)
962 http cache @babel/helper-string-parser@https://registry.npmjs.org/@babel/helper-string-parser/-/helper-string-parser-7.29.7.tgz 0ms (cache hit)
963 http cache source-map-js@https://registry.npmjs.org/source-map-js/-/source-map-js-1.2.1.tgz 0ms (cache hit)
964 http cache @babel/helper-validator-identifier@https://registry.npmjs.org/@babel/helper-validator-identifier/-/helper-validator-identifier-7.29.7.tgz 0ms (cache hit)
965 http cache entities@https://registry.npmjs.org/entities/-/entities-7.0.1.tgz 0ms (cache hit)
966 http cache estree-walker@https://registry.npmjs.org/estree-walker/-/estree-walker-2.0.2.tgz 0ms (cache hit)
967 http cache @babel/parser@https://registry.npmjs.org/@babel/parser/-/parser-7.29.7.tgz 0ms (cache hit)
968 http cache @vue/compiler-ssr@https://registry.npmjs.org/@vue/compiler-ssr/-/compiler-ssr-3.5.40.tgz 0ms (cache hit)
969 http cache @vue/shared@https://registry.npmjs.org/@vue/shared/-/shared-3.5.40.tgz 0ms (cache hit)
970 http cache @vue/compiler-core@https://registry.npmjs.org/@vue/compiler-core/-/compiler-core-3.5.40.tgz 0ms (cache hit)
971 http cache @vue/server-renderer@https://registry.npmjs.org/@vue/server-renderer/-/server-renderer-3.5.40.tgz 0ms (cache hit)
972 http cache @vue/runtime-dom@https://registry.npmjs.org/@vue/runtime-dom/-/runtime-dom-3.5.40.tgz 0ms (cache hit)
973 http cache @vue/compiler-sfc@https://registry.npmjs.org/@vue/compiler-sfc/-/compiler-sfc-3.5.40.tgz 0ms (cache hit)
974 http cache media-typer@https://registry.npmjs.org/media-typer/-/media-typer-0.3.0.tgz 0ms (cache hit)
975 http cache @vue/compiler-dom@https://registry.npmjs.org/@vue/compiler-dom/-/compiler-dom-3.5.40.tgz 0ms (cache hit)
976 http cache @socket.io/component-emitter@https://registry.npmjs.org/@socket.io/component-emitter/-/component-emitter-3.1.2.tgz 0ms (cache hit)
977 http cache undici-types@https://registry.npmjs.org/undici-types/-/undici-types-8.3.0.tgz 0ms (cache hit)
978 http cache engine.io-parser@https://registry.npmjs.org/engine.io-parser/-/engine.io-parser-5.2.3.tgz 0ms (cache hit)
979 http cache @types/ws@https://registry.npmjs.org/@types/ws/-/ws-8.18.1.tgz 0ms (cache hit)
980 http cache @types/node@https://registry.npmjs.org/@types/node/-/node-26.1.1.tgz 0ms (cache hit)
981 http cache ws@https://registry.npmjs.org/ws/-/ws-8.21.1.tgz 0ms (cache hit)
982 http cache @types/cors@https://registry.npmjs.org/@types/cors/-/cors-2.8.19.tgz 0ms (cache hit)
983 http cache object-assign@https://registry.npmjs.org/object-assign/-/object-assign-4.1.1.tgz 0ms (cache hit)
984 http cache socket.io-adapter@https://registry.npmjs.org/socket.io-adapter/-/socket.io-adapter-2.5.8.tgz 0ms (cache hit)
985 http cache engine.io@https://registry.npmjs.org/engine.io/-/engine.io-6.6.9.tgz 0ms (cache hit)
986 http cache socket.io-parser@https://registry.npmjs.org/socket.io-parser/-/socket.io-parser-4.2.7.tgz 0ms (cache hit)
987 http cache cors@https://registry.npmjs.org/cors/-/cors-2.8.6.tgz 0ms (cache hit)
988 http cache base64id@https://registry.npmjs.org/base64id/-/base64id-2.0.0.tgz 0ms (cache hit)
989 http cache call-bound@https://registry.npmjs.org/call-bound/-/call-bound-1.0.4.tgz 0ms (cache hit)
990 http cache side-channel-map@https://registry.npmjs.org/side-channel-map/-/side-channel-map-1.0.1.tgz 0ms (cache hit)
991 http cache side-channel-list@https://registry.npmjs.org/side-channel-list/-/side-channel-list-1.0.1.tgz 0ms (cache hit)
992 http cache object-inspect@https://registry.npmjs.org/object-inspect/-/object-inspect-1.13.4.tgz 0ms (cache hit)
993 http cache mime@https://registry.npmjs.org/mime/-/mime-1.6.0.tgz 0ms (cache hit)
994 http cache side-channel@https://registry.npmjs.org/side-channel/-/side-channel-1.1.1.tgz 0ms (cache hit)
995 http cache ipaddr.js@https://registry.npmjs.org/ipaddr.js/-/ipaddr.js-1.9.1.tgz 0ms (cache hit)
996 http cache side-channel-weakmap@https://registry.npmjs.org/side-channel-weakmap/-/side-channel-weakmap-1.0.2.tgz 0ms (cache hit)
997 http cache forwarded@https://registry.npmjs.org/forwarded/-/forwarded-0.2.0.tgz 0ms (cache hit)
998 http cache ee-first@https://registry.npmjs.org/ee-first/-/ee-first-1.1.1.tgz 0ms (cache hit)
999 http cache mime-db@https://registry.npmjs.org/mime-db/-/mime-db-1.52.0.tgz 0ms (cache hit)
1000 http cache safer-buffer@https://registry.npmjs.org/safer-buffer/-/safer-buffer-2.1.2.tgz 0ms (cache hit)
1001 http cache agent-base@https://registry.npmjs.org/agent-base/-/agent-base-6.0.2.tgz 0ms (cache hit)
1002 http cache toidentifier@https://registry.npmjs.org/toidentifier/-/toidentifier-1.0.1.tgz 0ms (cache hit)
1003 http cache inherits@https://registry.npmjs.org/inherits/-/inherits-2.0.4.tgz 0ms (cache hit)
1004 http cache dunder-proto@https://registry.npmjs.org/dunder-proto/-/dunder-proto-1.0.1.tgz 0ms (cache hit)
1005 http cache math-intrinsics@https://registry.npmjs.org/math-intrinsics/-/math-intrinsics-1.1.0.tgz 0ms (cache hit)
1006 http cache has-symbols@https://registry.npmjs.org/has-symbols/-/has-symbols-1.1.0.tgz 0ms (cache hit)
1007 http cache gopd@https://registry.npmjs.org/gopd/-/gopd-1.2.0.tgz 0ms (cache hit)
1008 http cache get-proto@https://registry.npmjs.org/get-proto/-/get-proto-1.0.1.tgz 0ms (cache hit)
1009 http cache es-object-atoms@https://registry.npmjs.org/es-object-atoms/-/es-object-atoms-1.1.2.tgz 0ms (cache hit)
1010 http cache function-bind@https://registry.npmjs.org/function-bind/-/function-bind-1.1.2.tgz 0ms (cache hit)
1011 http cache es-define-property@https://registry.npmjs.org/es-define-property/-/es-define-property-1.0.1.tgz 0ms (cache hit)
1012 http cache call-bind-apply-helpers@https://registry.npmjs.org/call-bind-apply-helpers/-/call-bind-apply-helpers-1.0.2.tgz 0ms (cache hit)
1013 http cache has-tostringtag@https://registry.npmjs.org/has-tostringtag/-/has-tostringtag-1.0.2.tgz 0ms (cache hit)
1014 http cache get-intrinsic@https://registry.npmjs.org/get-intrinsic/-/get-intrinsic-1.3.0.tgz 0ms (cache hit)
1015 http cache es-errors@https://registry.npmjs.org/es-errors/-/es-errors-1.3.0.tgz 0ms (cache hit)
1016 http cache es-set-tostringtag@https://registry.npmjs.org/es-set-tostringtag/-/es-set-tostringtag-2.1.0.tgz 0ms (cache hit)
1017 http cache delayed-stream@https://registry.npmjs.org/delayed-stream/-/delayed-stream-1.0.0.tgz 0ms (cache hit)
1018 http cache hasown@https://registry.npmjs.org/hasown/-/hasown-2.0.4.tgz 0ms (cache hit)
1019 http cache combined-stream@https://registry.npmjs.org/combined-stream/-/combined-stream-1.0.8.tgz 0ms (cache hit)
1020 http cache raw-body@https://registry.npmjs.org/raw-body/-/raw-body-2.5.3.tgz 0ms (cache hit)
1021 http cache unpipe@https://registry.npmjs.org/unpipe/-/unpipe-1.0.0.tgz 0ms (cache hit)
1022 http cache asynckit@https://registry.npmjs.org/asynckit/-/asynckit-0.4.0.tgz 0ms (cache hit)
1023 http cache destroy@https://registry.npmjs.org/destroy/-/destroy-1.2.0.tgz 0ms (cache hit)
1024 http cache bytes@https://registry.npmjs.org/bytes/-/bytes-3.1.2.tgz 0ms (cache hit)
1025 http cache mime-types@https://registry.npmjs.org/mime-types/-/mime-types-2.1.35.tgz 0ms (cache hit)
1026 http cache negotiator@https://registry.npmjs.org/negotiator/-/negotiator-0.6.3.tgz 0ms (cache hit)
1027 http cache vary@https://registry.npmjs.org/vary/-/vary-1.1.2.tgz 0ms (cache hit)
1028 http cache utils-merge@https://registry.npmjs.org/utils-merge/-/utils-merge-1.0.1.tgz 0ms (cache hit)
1029 http cache type-is@https://registry.npmjs.org/type-is/-/type-is-1.6.18.tgz 1ms (cache hit)
1030 http cache setprototypeof@https://registry.npmjs.org/setprototypeof/-/setprototypeof-1.2.0.tgz 0ms (cache hit)
1031 http cache statuses@https://registry.npmjs.org/statuses/-/statuses-2.0.2.tgz 0ms (cache hit)
1032 http cache send@https://registry.npmjs.org/send/-/send-0.19.2.tgz 0ms (cache hit)
1033 http cache serve-static@https://registry.npmjs.org/serve-static/-/serve-static-1.16.3.tgz 0ms (cache hit)
1034 http cache safe-buffer@https://registry.npmjs.org/safe-buffer/-/safe-buffer-5.2.1.tgz 0ms (cache hit)
1035 http cache range-parser@https://registry.npmjs.org/range-parser/-/range-parser-1.2.1.tgz 0ms (cache hit)
1036 http cache qs@https://registry.npmjs.org/qs/-/qs-6.15.3.tgz 0ms (cache hit)
1037 http cache proxy-addr@https://registry.npmjs.org/proxy-addr/-/proxy-addr-2.0.7.tgz 0ms (cache hit)
1038 http cache path-to-regexp@https://registry.npmjs.org/path-to-regexp/-/path-to-regexp-0.1.13.tgz 0ms (cache hit)
1039 http cache parseurl@https://registry.npmjs.org/parseurl/-/parseurl-1.3.3.tgz 0ms (cache hit)
1040 http cache methods@https://registry.npmjs.org/methods/-/methods-1.1.2.tgz 0ms (cache hit)
1041 http cache on-finished@https://registry.npmjs.org/on-finished/-/on-finished-2.4.1.tgz 0ms (cache hit)
1042 http cache http-errors@https://registry.npmjs.org/http-errors/-/http-errors-2.0.1.tgz 0ms (cache hit)
1043 http cache merge-descriptors@https://registry.npmjs.org/merge-descriptors/-/merge-descriptors-1.0.3.tgz 0ms (cache hit)
1044 http cache fresh@https://registry.npmjs.org/fresh/-/fresh-0.5.2.tgz 0ms (cache hit)
1045 http cache finalhandler@https://registry.npmjs.org/finalhandler/-/finalhandler-1.3.2.tgz 0ms (cache hit)
1046 http cache etag@https://registry.npmjs.org/etag/-/etag-1.8.1.tgz 0ms (cache hit)
1047 http cache encodeurl@https://registry.npmjs.org/encodeurl/-/encodeurl-2.0.0.tgz 0ms (cache hit)
1048 http cache escape-html@https://registry.npmjs.org/escape-html/-/escape-html-1.0.3.tgz 0ms (cache hit)
1049 http cache cookie-signature@https://registry.npmjs.org/cookie-signature/-/cookie-signature-1.0.7.tgz 0ms (cache hit)
1050 http cache depd@https://registry.npmjs.org/depd/-/depd-2.0.0.tgz 0ms (cache hit)
1051 http cache cookie@https://registry.npmjs.org/cookie/-/cookie-0.7.2.tgz 0ms (cache hit)
1052 http cache content-type@https://registry.npmjs.org/content-type/-/content-type-1.0.5.tgz 0ms (cache hit)
1053 http cache body-parser@https://registry.npmjs.org/body-parser/-/body-parser-1.20.6.tgz 0ms (cache hit)
1054 http cache content-disposition@https://registry.npmjs.org/content-disposition/-/content-disposition-0.5.4.tgz 0ms (cache hit)
1055 http cache array-flatten@https://registry.npmjs.org/array-flatten/-/array-flatten-1.1.1.tgz 0ms (cache hit)
1056 http cache accepts@https://registry.npmjs.org/accepts/-/accepts-1.3.8.tgz 0ms (cache hit)
1057 http cache estraverse@https://registry.npmjs.org/estraverse/-/estraverse-5.3.0.tgz 0ms (cache hit)
1058 http cache esutils@https://registry.npmjs.org/esutils/-/esutils-2.0.3.tgz 0ms (cache hit)
1059 http cache tslib@https://registry.npmjs.org/tslib/-/tslib-2.3.0.tgz 0ms (cache hit)
1060 http cache zrender@https://registry.npmjs.org/zrender/-/zrender-6.1.0.tgz 0ms (cache hit)
1061 http cache rw@https://registry.npmjs.org/rw/-/rw-1.3.3.tgz 0ms (cache hit)
1062 http cache robust-predicates@https://registry.npmjs.org/robust-predicates/-/robust-predicates-3.0.3.tgz 0ms (cache hit)
1063 http cache iconv-lite@https://registry.npmjs.org/iconv-lite/-/iconv-lite-0.6.3.tgz 0ms (cache hit)
1064 http cache delaunator@https://registry.npmjs.org/delaunator/-/delaunator-5.1.0.tgz 0ms (cache hit)
1065 http cache internmap@https://registry.npmjs.org/internmap/-/internmap-2.0.3.tgz 0ms (cache hit)
1066 http cache esprima@https://registry.npmjs.org/esprima/-/esprima-4.0.1.tgz 0ms (cache hit)
1067 http cache d3-zoom@https://registry.npmjs.org/d3-zoom/-/d3-zoom-3.0.0.tgz 0ms (cache hit)
1068 http cache d3-transition@https://registry.npmjs.org/d3-transition/-/d3-transition-3.0.1.tgz 0ms (cache hit)
1069 http cache d3-timer@https://registry.npmjs.org/d3-timer/-/d3-timer-3.0.1.tgz 0ms (cache hit)
1070 http cache d3-time-format@https://registry.npmjs.org/d3-time-format/-/d3-time-format-4.1.0.tgz 0ms (cache hit)
1071 http cache d3-shape@https://registry.npmjs.org/d3-shape/-/d3-shape-3.2.0.tgz 0ms (cache hit)
1072 http cache d3-time@https://registry.npmjs.org/d3-time/-/d3-time-3.1.0.tgz 0ms (cache hit)
1073 http cache d3-selection@https://registry.npmjs.org/d3-selection/-/d3-selection-3.0.0.tgz 0ms (cache hit)
1074 http cache d3-scale-chromatic@https://registry.npmjs.org/d3-scale-chromatic/-/d3-scale-chromatic-3.1.0.tgz 0ms (cache hit)
1075 http cache d3-scale@https://registry.npmjs.org/d3-scale/-/d3-scale-4.0.2.tgz 0ms (cache hit)
1076 http cache d3-random@https://registry.npmjs.org/d3-random/-/d3-random-3.0.1.tgz 0ms (cache hit)
1077 http cache d3-path@https://registry.npmjs.org/d3-path/-/d3-path-3.1.0.tgz 0ms (cache hit)
1078 http cache d3-quadtree@https://registry.npmjs.org/d3-quadtree/-/d3-quadtree-3.0.1.tgz 0ms (cache hit)
1079 http cache d3-polygon@https://registry.npmjs.org/d3-polygon/-/d3-polygon-3.0.1.tgz 0ms (cache hit)
1080 http cache d3-hierarchy@https://registry.npmjs.org/d3-hierarchy/-/d3-hierarchy-3.1.2.tgz 0ms (cache hit)
1081 http cache d3-interpolate@https://registry.npmjs.org/d3-interpolate/-/d3-interpolate-3.0.1.tgz 0ms (cache hit)
1082 http cache d3-geo@https://registry.npmjs.org/d3-geo/-/d3-geo-3.1.1.tgz 0ms (cache hit)
1083 http cache d3-format@https://registry.npmjs.org/d3-format/-/d3-format-3.1.2.tgz 0ms (cache hit)
1084 http cache d3-force@https://registry.npmjs.org/d3-force/-/d3-force-3.0.0.tgz 0ms (cache hit)
1085 http cache d3-ease@https://registry.npmjs.org/d3-ease/-/d3-ease-3.0.1.tgz 0ms (cache hit)
1086 http cache d3-fetch@https://registry.npmjs.org/d3-fetch/-/d3-fetch-3.0.1.tgz 0ms (cache hit)
1087 http cache d3-drag@https://registry.npmjs.org/d3-drag/-/d3-drag-3.0.0.tgz 0ms (cache hit)
1088 http cache d3-dsv@https://registry.npmjs.org/d3-dsv/-/d3-dsv-3.0.1.tgz 0ms (cache hit)
1089 http cache d3-dispatch@https://registry.npmjs.org/d3-dispatch/-/d3-dispatch-3.0.1.tgz 0ms (cache hit)
1090 http cache d3-contour@https://registry.npmjs.org/d3-contour/-/d3-contour-4.0.2.tgz 0ms (cache hit)
1091 http cache d3-delaunay@https://registry.npmjs.org/d3-delaunay/-/d3-delaunay-6.0.4.tgz 0ms (cache hit)
1092 http cache d3-color@https://registry.npmjs.org/d3-color/-/d3-color-3.1.0.tgz 0ms (cache hit)
1093 http cache d3-chord@https://registry.npmjs.org/d3-chord/-/d3-chord-3.0.1.tgz 0ms (cache hit)
1094 http cache d3-brush@https://registry.npmjs.org/d3-brush/-/d3-brush-3.0.0.tgz 0ms (cache hit)
1095 http cache d3-axis@https://registry.npmjs.org/d3-axis/-/d3-axis-3.0.0.tgz 0ms (cache hit)
1096 http cache proxy-from-env@https://registry.npmjs.org/proxy-from-env/-/proxy-from-env-2.1.0.tgz 0ms (cache hit)
1097 http cache d3-array@https://registry.npmjs.org/d3-array/-/d3-array-3.2.4.tgz 0ms (cache hit)
1098 http cache https-proxy-agent@https://registry.npmjs.org/https-proxy-agent/-/https-proxy-agent-5.0.1.tgz 0ms (cache hit)
1099 http cache follow-redirects@https://registry.npmjs.org/follow-redirects/-/follow-redirects-1.16.0.tgz 0ms (cache hit)
1100 http cache socket.io@https://registry.npmjs.org/socket.io/-/socket.io-4.8.3.tgz 0ms (cache hit)
1101 http cache form-data@https://registry.npmjs.org/form-data/-/form-data-4.0.6.tgz 0ms (cache hit)
1102 http cache vue@https://registry.npmjs.org/vue/-/vue-3.5.40.tgz 0ms (cache hit)
1103 http cache express@https://registry.npmjs.org/express/-/express-4.22.2.tgz 0ms (cache hit)
1104 http cache lodash.merge@https://registry.npmjs.org/lodash.merge/-/lodash.merge-4.6.2.tgz 0ms (cache hit)
1105 http cache escodegen@https://registry.npmjs.org/escodegen/-/escodegen-2.1.0.tgz 0ms (cache hit)
1106 http cache echarts@https://registry.npmjs.org/echarts/-/echarts-6.1.0.tgz 0ms (cache hit)
1107 http cache core-js@https://registry.npmjs.org/core-js/-/core-js-3.49.0.tgz 0ms (cache hit)
1108 http cache d3@https://registry.npmjs.org/d3/-/d3-7.9.0.tgz 0ms (cache hit)
1109 http cache acorn@https://registry.npmjs.org/acorn/-/acorn-8.17.0.tgz 0ms (cache hit)
1110 http cache @flowfuse/node-red-dashboard@https://registry.npmjs.org/@flowfuse/node-red-dashboard/-/node-red-dashboard-1.30.2.tgz 0ms (cache hit)
1111 http cache axios@https://registry.npmjs.org/axios/-/axios-1.18.1.tgz 0ms (cache hit)
1112 http cache debug@https://registry.npmjs.org/debug/-/debug-4.4.3.tgz 0ms (cache hit)
1113 http cache debug@https://registry.npmjs.org/debug/-/debug-2.6.9.tgz 0ms (cache hit)
1114 http cache debug@https://registry.npmjs.org/debug/-/debug-4.4.3.tgz 0ms (cache hit)
1115 http cache debug@https://registry.npmjs.org/debug/-/debug-4.4.3.tgz 0ms (cache hit)
1116 http cache iconv-lite@https://registry.npmjs.org/iconv-lite/-/iconv-lite-0.4.24.tgz 0ms (cache hit)
1117 http cache ms@https://registry.npmjs.org/ms/-/ms-2.0.0.tgz 0ms (cache hit)
1118 http cache ms@https://registry.npmjs.org/ms/-/ms-2.0.0.tgz 0ms (cache hit)
1119 http cache ms@https://registry.npmjs.org/ms/-/ms-2.0.0.tgz 0ms (cache hit)
1120 http cache debug@https://registry.npmjs.org/debug/-/debug-2.6.9.tgz 0ms (cache hit)
1121 http cache iconv-lite@https://registry.npmjs.org/iconv-lite/-/iconv-lite-0.4.24.tgz 0ms (cache hit)
1122 http cache debug@https://registry.npmjs.org/debug/-/debug-2.6.9.tgz 0ms (cache hit)
1123 http cache commander@https://registry.npmjs.org/commander/-/commander-7.2.0.tgz 0ms (cache hit)
1124 http cache debug@https://registry.npmjs.org/debug/-/debug-4.4.3.tgz 0ms (cache hit)
1125 http cache ms@https://registry.npmjs.org/ms/-/ms-2.0.0.tgz 0ms (cache hit)
1126 http cache debug@https://registry.npmjs.org/debug/-/debug-2.6.9.tgz 0ms (cache hit)
1127 silly tarball no local data for picocolors@https://registry.npmjs.org/picocolors/-/picocolors-1.1.1.tgz. Extracting by manifest.
1128 silly tarball no local data for nanoid@https://registry.npmjs.org/nanoid/-/nanoid-3.3.16.tgz. Extracting by manifest.
1129 silly tarball no local data for @jridgewell/sourcemap-codec@https://registry.npmjs.org/@jridgewell/sourcemap-codec/-/sourcemap-codec-1.5.5.tgz. Extracting by manifest.
1130 silly tarball no local data for @vue/runtime-core@https://registry.npmjs.org/@vue/runtime-core/-/runtime-core-3.5.40.tgz. Extracting by manifest.
1131 silly tarball no local data for csstype@https://registry.npmjs.org/csstype/-/csstype-3.2.3.tgz. Extracting by manifest.
1132 silly tarball no local data for @vue/reactivity@https://registry.npmjs.org/@vue/reactivity/-/reactivity-3.5.40.tgz. Extracting by manifest.
1133 silly tarball no local data for postcss@https://registry.npmjs.org/postcss/-/postcss-8.5.20.tgz. Extracting by manifest.
1134 silly tarball no local data for magic-string@https://registry.npmjs.org/magic-string/-/magic-string-0.30.21.tgz. Extracting by manifest.
1135 silly tarball no local data for @babel/types@https://registry.npmjs.org/@babel/types/-/types-7.29.7.tgz. Extracting by manifest.
1136 silly tarball no local data for source-map-js@https://registry.npmjs.org/source-map-js/-/source-map-js-1.2.1.tgz. Extracting by manifest.
1137 silly tarball no local data for @babel/helper-string-parser@https://registry.npmjs.org/@babel/helper-string-parser/-/helper-string-parser-7.29.7.tgz. Extracting by manifest.
1138 silly tarball no local data for @babel/helper-validator-identifier@https://registry.npmjs.org/@babel/helper-validator-identifier/-/helper-validator-identifier-7.29.7.tgz. Extracting by manifest.
1139 silly tarball no local data for entities@https://registry.npmjs.org/entities/-/entities-7.0.1.tgz. Extracting by manifest.
1140 silly tarball no local data for estree-walker@https://registry.npmjs.org/estree-walker/-/estree-walker-2.0.2.tgz. Extracting by manifest.
1141 silly tarball no local data for @babel/parser@https://registry.npmjs.org/@babel/parser/-/parser-7.29.7.tgz. Extracting by manifest.
1142 silly tarball no local data for @vue/compiler-ssr@https://registry.npmjs.org/@vue/compiler-ssr/-/compiler-ssr-3.5.40.tgz. Extracting by manifest.
1143 silly tarball no local data for @vue/shared@https://registry.npmjs.org/@vue/shared/-/shared-3.5.40.tgz. Extracting by manifest.
1144 silly tarball no local data for @vue/compiler-core@https://registry.npmjs.org/@vue/compiler-core/-/compiler-core-3.5.40.tgz. Extracting by manifest.
1145 silly tarball no local data for @vue/runtime-dom@https://registry.npmjs.org/@vue/runtime-dom/-/runtime-dom-3.5.40.tgz. Extracting by manifest.
1146 silly tarball no local data for @vue/server-renderer@https://registry.npmjs.org/@vue/server-renderer/-/server-renderer-3.5.40.tgz. Extracting by manifest.
1147 silly tarball no local data for @vue/compiler-sfc@https://registry.npmjs.org/@vue/compiler-sfc/-/compiler-sfc-3.5.40.tgz. Extracting by manifest.
1148 silly tarball no local data for media-typer@https://registry.npmjs.org/media-typer/-/media-typer-0.3.0.tgz. Extracting by manifest.
1149 silly tarball no local data for @vue/compiler-dom@https://registry.npmjs.org/@vue/compiler-dom/-/compiler-dom-3.5.40.tgz. Extracting by manifest.
1150 silly tarball no local data for @socket.io/component-emitter@https://registry.npmjs.org/@socket.io/component-emitter/-/component-emitter-3.1.2.tgz. Extracting by manifest.
1151 silly tarball no local data for undici-types@https://registry.npmjs.org/undici-types/-/undici-types-8.3.0.tgz. Extracting by manifest.
1152 silly tarball no local data for engine.io-parser@https://registry.npmjs.org/engine.io-parser/-/engine.io-parser-5.2.3.tgz. Extracting by manifest.
1153 silly tarball no local data for @types/ws@https://registry.npmjs.org/@types/ws/-/ws-8.18.1.tgz. Extracting by manifest.
1154 silly tarball no local data for @types/node@https://registry.npmjs.org/@types/node/-/node-26.1.1.tgz. Extracting by manifest.
1155 silly tarball no local data for ws@https://registry.npmjs.org/ws/-/ws-8.21.1.tgz. Extracting by manifest.
1156 silly tarball no local data for @types/cors@https://registry.npmjs.org/@types/cors/-/cors-2.8.19.tgz. Extracting by manifest.
1157 silly tarball no local data for object-assign@https://registry.npmjs.org/object-assign/-/object-assign-4.1.1.tgz. Extracting by manifest.
1158 silly tarball no local data for socket.io-adapter@https://registry.npmjs.org/socket.io-adapter/-/socket.io-adapter-2.5.8.tgz. Extracting by manifest.
1159 silly tarball no local data for engine.io@https://registry.npmjs.org/engine.io/-/engine.io-6.6.9.tgz. Extracting by manifest.
1160 silly tarball no local data for socket.io-parser@https://registry.npmjs.org/socket.io-parser/-/socket.io-parser-4.2.7.tgz. Extracting by manifest.
1161 silly tarball no local data for cors@https://registry.npmjs.org/cors/-/cors-2.8.6.tgz. Extracting by manifest.
1162 silly tarball no local data for base64id@https://registry.npmjs.org/base64id/-/base64id-2.0.0.tgz. Extracting by manifest.
1163 silly tarball no local data for call-bound@https://registry.npmjs.org/call-bound/-/call-bound-1.0.4.tgz. Extracting by manifest.
1164 silly tarball no local data for side-channel-map@https://registry.npmjs.org/side-channel-map/-/side-channel-map-1.0.1.tgz. Extracting by manifest.
1165 silly tarball no local data for side-channel-list@https://registry.npmjs.org/side-channel-list/-/side-channel-list-1.0.1.tgz. Extracting by manifest.
1166 silly tarball no local data for object-inspect@https://registry.npmjs.org/object-inspect/-/object-inspect-1.13.4.tgz. Extracting by manifest.
1167 silly tarball no local data for mime@https://registry.npmjs.org/mime/-/mime-1.6.0.tgz. Extracting by manifest.
1168 silly tarball no local data for side-channel@https://registry.npmjs.org/side-channel/-/side-channel-1.1.1.tgz. Extracting by manifest.
1169 silly tarball no local data for side-channel-weakmap@https://registry.npmjs.org/side-channel-weakmap/-/side-channel-weakmap-1.0.2.tgz. Extracting by manifest.
1170 silly tarball no local data for ipaddr.js@https://registry.npmjs.org/ipaddr.js/-/ipaddr.js-1.9.1.tgz. Extracting by manifest.
1171 silly tarball no local data for forwarded@https://registry.npmjs.org/forwarded/-/forwarded-0.2.0.tgz. Extracting by manifest.
1172 silly tarball no local data for ee-first@https://registry.npmjs.org/ee-first/-/ee-first-1.1.1.tgz. Extracting by manifest.
1173 silly tarball no local data for safer-buffer@https://registry.npmjs.org/safer-buffer/-/safer-buffer-2.1.2.tgz. Extracting by manifest.
1174 silly tarball no local data for mime-db@https://registry.npmjs.org/mime-db/-/mime-db-1.52.0.tgz. Extracting by manifest.
1175 silly tarball no local data for agent-base@https://registry.npmjs.org/agent-base/-/agent-base-6.0.2.tgz. Extracting by manifest.
1176 silly tarball no local data for toidentifier@https://registry.npmjs.org/toidentifier/-/toidentifier-1.0.1.tgz. Extracting by manifest.
1177 silly tarball no local data for inherits@https://registry.npmjs.org/inherits/-/inherits-2.0.4.tgz. Extracting by manifest.
1178 silly tarball no local data for dunder-proto@https://registry.npmjs.org/dunder-proto/-/dunder-proto-1.0.1.tgz. Extracting by manifest.
1179 silly tarball no local data for math-intrinsics@https://registry.npmjs.org/math-intrinsics/-/math-intrinsics-1.1.0.tgz. Extracting by manifest.
1180 silly tarball no local data for has-symbols@https://registry.npmjs.org/has-symbols/-/has-symbols-1.1.0.tgz. Extracting by manifest.
1181 silly tarball no local data for gopd@https://registry.npmjs.org/gopd/-/gopd-1.2.0.tgz. Extracting by manifest.
1182 silly tarball no local data for get-proto@https://registry.npmjs.org/get-proto/-/get-proto-1.0.1.tgz. Extracting by manifest.
1183 silly tarball no local data for es-object-atoms@https://registry.npmjs.org/es-object-atoms/-/es-object-atoms-1.1.2.tgz. Extracting by manifest.
1184 silly tarball no local data for function-bind@https://registry.npmjs.org/function-bind/-/function-bind-1.1.2.tgz. Extracting by manifest.
1185 silly tarball no local data for es-define-property@https://registry.npmjs.org/es-define-property/-/es-define-property-1.0.1.tgz. Extracting by manifest.
1186 silly tarball no local data for call-bind-apply-helpers@https://registry.npmjs.org/call-bind-apply-helpers/-/call-bind-apply-helpers-1.0.2.tgz. Extracting by manifest.
1187 silly tarball no local data for has-tostringtag@https://registry.npmjs.org/has-tostringtag/-/has-tostringtag-1.0.2.tgz. Extracting by manifest.
1188 silly tarball no local data for get-intrinsic@https://registry.npmjs.org/get-intrinsic/-/get-intrinsic-1.3.0.tgz. Extracting by manifest.
1189 silly tarball no local data for es-errors@https://registry.npmjs.org/es-errors/-/es-errors-1.3.0.tgz. Extracting by manifest.
1190 silly tarball no local data for es-set-tostringtag@https://registry.npmjs.org/es-set-tostringtag/-/es-set-tostringtag-2.1.0.tgz. Extracting by manifest.
1191 silly tarball no local data for delayed-stream@https://registry.npmjs.org/delayed-stream/-/delayed-stream-1.0.0.tgz. Extracting by manifest.
1192 silly tarball no local data for hasown@https://registry.npmjs.org/hasown/-/hasown-2.0.4.tgz. Extracting by manifest.
1193 silly tarball no local data for combined-stream@https://registry.npmjs.org/combined-stream/-/combined-stream-1.0.8.tgz. Extracting by manifest.
1194 silly tarball no local data for raw-body@https://registry.npmjs.org/raw-body/-/raw-body-2.5.3.tgz. Extracting by manifest.
1195 silly tarball no local data for unpipe@https://registry.npmjs.org/unpipe/-/unpipe-1.0.0.tgz. Extracting by manifest.
1196 silly tarball no local data for asynckit@https://registry.npmjs.org/asynckit/-/asynckit-0.4.0.tgz. Extracting by manifest.
1197 silly tarball no local data for destroy@https://registry.npmjs.org/destroy/-/destroy-1.2.0.tgz. Extracting by manifest.
1198 silly tarball no local data for bytes@https://registry.npmjs.org/bytes/-/bytes-3.1.2.tgz. Extracting by manifest.
1199 silly tarball no local data for mime-types@https://registry.npmjs.org/mime-types/-/mime-types-2.1.35.tgz. Extracting by manifest.
1200 silly tarball no local data for negotiator@https://registry.npmjs.org/negotiator/-/negotiator-0.6.3.tgz. Extracting by manifest.
1201 silly tarball no local data for utils-merge@https://registry.npmjs.org/utils-merge/-/utils-merge-1.0.1.tgz. Extracting by manifest.
1202 silly tarball no local data for vary@https://registry.npmjs.org/vary/-/vary-1.1.2.tgz. Extracting by manifest.
1203 silly tarball no local data for type-is@https://registry.npmjs.org/type-is/-/type-is-1.6.18.tgz. Extracting by manifest.
1204 silly tarball no local data for setprototypeof@https://registry.npmjs.org/setprototypeof/-/setprototypeof-1.2.0.tgz. Extracting by manifest.
1205 silly tarball no local data for statuses@https://registry.npmjs.org/statuses/-/statuses-2.0.2.tgz. Extracting by manifest.
1206 silly tarball no local data for send@https://registry.npmjs.org/send/-/send-0.19.2.tgz. Extracting by manifest.
1207 silly tarball no local data for serve-static@https://registry.npmjs.org/serve-static/-/serve-static-1.16.3.tgz. Extracting by manifest.
1208 silly tarball no local data for safe-buffer@https://registry.npmjs.org/safe-buffer/-/safe-buffer-5.2.1.tgz. Extracting by manifest.
1209 silly tarball no local data for range-parser@https://registry.npmjs.org/range-parser/-/range-parser-1.2.1.tgz. Extracting by manifest.
1210 silly tarball no local data for qs@https://registry.npmjs.org/qs/-/qs-6.15.3.tgz. Extracting by manifest.
1211 silly tarball no local data for proxy-addr@https://registry.npmjs.org/proxy-addr/-/proxy-addr-2.0.7.tgz. Extracting by manifest.
1212 silly tarball no local data for path-to-regexp@https://registry.npmjs.org/path-to-regexp/-/path-to-regexp-0.1.13.tgz. Extracting by manifest.
1213 silly tarball no local data for parseurl@https://registry.npmjs.org/parseurl/-/parseurl-1.3.3.tgz. Extracting by manifest.
1214 silly tarball no local data for methods@https://registry.npmjs.org/methods/-/methods-1.1.2.tgz. Extracting by manifest.
1215 silly tarball no local data for on-finished@https://registry.npmjs.org/on-finished/-/on-finished-2.4.1.tgz. Extracting by manifest.
1216 silly tarball no local data for http-errors@https://registry.npmjs.org/http-errors/-/http-errors-2.0.1.tgz. Extracting by manifest.
1217 silly tarball no local data for merge-descriptors@https://registry.npmjs.org/merge-descriptors/-/merge-descriptors-1.0.3.tgz. Extracting by manifest.
1218 silly tarball no local data for fresh@https://registry.npmjs.org/fresh/-/fresh-0.5.2.tgz. Extracting by manifest.
1219 silly tarball no local data for finalhandler@https://registry.npmjs.org/finalhandler/-/finalhandler-1.3.2.tgz. Extracting by manifest.
1220 silly tarball no local data for etag@https://registry.npmjs.org/etag/-/etag-1.8.1.tgz. Extracting by manifest.
1221 silly tarball no local data for encodeurl@https://registry.npmjs.org/encodeurl/-/encodeurl-2.0.0.tgz. Extracting by manifest.
1222 silly tarball no local data for escape-html@https://registry.npmjs.org/escape-html/-/escape-html-1.0.3.tgz. Extracting by manifest.
1223 silly tarball no local data for cookie-signature@https://registry.npmjs.org/cookie-signature/-/cookie-signature-1.0.7.tgz. Extracting by manifest.
1224 silly tarball no local data for depd@https://registry.npmjs.org/depd/-/depd-2.0.0.tgz. Extracting by manifest.
1225 silly tarball no local data for cookie@https://registry.npmjs.org/cookie/-/cookie-0.7.2.tgz. Extracting by manifest.
1226 silly tarball no local data for content-type@https://registry.npmjs.org/content-type/-/content-type-1.0.5.tgz. Extracting by manifest.
1227 silly tarball no local data for body-parser@https://registry.npmjs.org/body-parser/-/body-parser-1.20.6.tgz. Extracting by manifest.
1228 silly tarball no local data for content-disposition@https://registry.npmjs.org/content-disposition/-/content-disposition-0.5.4.tgz. Extracting by manifest.
1229 silly tarball no local data for array-flatten@https://registry.npmjs.org/array-flatten/-/array-flatten-1.1.1.tgz. Extracting by manifest.
1230 silly tarball no local data for accepts@https://registry.npmjs.org/accepts/-/accepts-1.3.8.tgz. Extracting by manifest.
1231 silly tarball no local data for estraverse@https://registry.npmjs.org/estraverse/-/estraverse-5.3.0.tgz. Extracting by manifest.
1232 silly tarball no local data for esutils@https://registry.npmjs.org/esutils/-/esutils-2.0.3.tgz. Extracting by manifest.
1233 silly tarball no local data for tslib@https://registry.npmjs.org/tslib/-/tslib-2.3.0.tgz. Extracting by manifest.
1234 silly tarball no local data for rw@https://registry.npmjs.org/rw/-/rw-1.3.3.tgz. Extracting by manifest.
1235 silly tarball no local data for zrender@https://registry.npmjs.org/zrender/-/zrender-6.1.0.tgz. Extracting by manifest.
1236 silly tarball no local data for robust-predicates@https://registry.npmjs.org/robust-predicates/-/robust-predicates-3.0.3.tgz. Extracting by manifest.
1237 silly tarball no local data for iconv-lite@https://registry.npmjs.org/iconv-lite/-/iconv-lite-0.6.3.tgz. Extracting by manifest.
1238 silly tarball no local data for delaunator@https://registry.npmjs.org/delaunator/-/delaunator-5.1.0.tgz. Extracting by manifest.
1239 silly tarball no local data for internmap@https://registry.npmjs.org/internmap/-/internmap-2.0.3.tgz. Extracting by manifest.
1240 silly tarball no local data for d3-zoom@https://registry.npmjs.org/d3-zoom/-/d3-zoom-3.0.0.tgz. Extracting by manifest.
1241 silly tarball no local data for esprima@https://registry.npmjs.org/esprima/-/esprima-4.0.1.tgz. Extracting by manifest.
1242 silly tarball no local data for d3-transition@https://registry.npmjs.org/d3-transition/-/d3-transition-3.0.1.tgz. Extracting by manifest.
1243 silly tarball no local data for d3-timer@https://registry.npmjs.org/d3-timer/-/d3-timer-3.0.1.tgz. Extracting by manifest.
1244 silly tarball no local data for d3-time-format@https://registry.npmjs.org/d3-time-format/-/d3-time-format-4.1.0.tgz. Extracting by manifest.
1245 silly tarball no local data for d3-shape@https://registry.npmjs.org/d3-shape/-/d3-shape-3.2.0.tgz. Extracting by manifest.
1246 silly tarball no local data for d3-time@https://registry.npmjs.org/d3-time/-/d3-time-3.1.0.tgz. Extracting by manifest.
1247 silly tarball no local data for d3-selection@https://registry.npmjs.org/d3-selection/-/d3-selection-3.0.0.tgz. Extracting by manifest.
1248 silly tarball no local data for d3-scale-chromatic@https://registry.npmjs.org/d3-scale-chromatic/-/d3-scale-chromatic-3.1.0.tgz. Extracting by manifest.
1249 silly tarball no local data for d3-scale@https://registry.npmjs.org/d3-scale/-/d3-scale-4.0.2.tgz. Extracting by manifest.
1250 silly tarball no local data for d3-random@https://registry.npmjs.org/d3-random/-/d3-random-3.0.1.tgz. Extracting by manifest.
1251 silly tarball no local data for d3-path@https://registry.npmjs.org/d3-path/-/d3-path-3.1.0.tgz. Extracting by manifest.
1252 silly tarball no local data for d3-quadtree@https://registry.npmjs.org/d3-quadtree/-/d3-quadtree-3.0.1.tgz. Extracting by manifest.
1253 silly tarball no local data for d3-polygon@https://registry.npmjs.org/d3-polygon/-/d3-polygon-3.0.1.tgz. Extracting by manifest.
1254 silly tarball no local data for d3-hierarchy@https://registry.npmjs.org/d3-hierarchy/-/d3-hierarchy-3.1.2.tgz. Extracting by manifest.
1255 silly tarball no local data for d3-interpolate@https://registry.npmjs.org/d3-interpolate/-/d3-interpolate-3.0.1.tgz. Extracting by manifest.
1256 silly tarball no local data for d3-geo@https://registry.npmjs.org/d3-geo/-/d3-geo-3.1.1.tgz. Extracting by manifest.
1257 silly tarball no local data for d3-format@https://registry.npmjs.org/d3-format/-/d3-format-3.1.2.tgz. Extracting by manifest.
1258 silly tarball no local data for d3-force@https://registry.npmjs.org/d3-force/-/d3-force-3.0.0.tgz. Extracting by manifest.
1259 silly tarball no local data for d3-ease@https://registry.npmjs.org/d3-ease/-/d3-ease-3.0.1.tgz. Extracting by manifest.
1260 silly tarball no local data for d3-fetch@https://registry.npmjs.org/d3-fetch/-/d3-fetch-3.0.1.tgz. Extracting by manifest.
1261 silly tarball no local data for d3-drag@https://registry.npmjs.org/d3-drag/-/d3-drag-3.0.0.tgz. Extracting by manifest.
1262 silly tarball no local data for d3-dsv@https://registry.npmjs.org/d3-dsv/-/d3-dsv-3.0.1.tgz. Extracting by manifest.
1263 silly tarball no local data for d3-contour@https://registry.npmjs.org/d3-contour/-/d3-contour-4.0.2.tgz. Extracting by manifest.
1264 silly tarball no local data for d3-dispatch@https://registry.npmjs.org/d3-dispatch/-/d3-dispatch-3.0.1.tgz. Extracting by manifest.
1265 silly tarball no local data for d3-delaunay@https://registry.npmjs.org/d3-delaunay/-/d3-delaunay-6.0.4.tgz. Extracting by manifest.
1266 silly tarball no local data for d3-color@https://registry.npmjs.org/d3-color/-/d3-color-3.1.0.tgz. Extracting by manifest.
1267 silly tarball no local data for d3-chord@https://registry.npmjs.org/d3-chord/-/d3-chord-3.0.1.tgz. Extracting by manifest.
1268 silly tarball no local data for d3-brush@https://registry.npmjs.org/d3-brush/-/d3-brush-3.0.0.tgz. Extracting by manifest.
1269 silly tarball no local data for d3-axis@https://registry.npmjs.org/d3-axis/-/d3-axis-3.0.0.tgz. Extracting by manifest.
1270 silly tarball no local data for proxy-from-env@https://registry.npmjs.org/proxy-from-env/-/proxy-from-env-2.1.0.tgz. Extracting by manifest.
1271 silly tarball no local data for d3-array@https://registry.npmjs.org/d3-array/-/d3-array-3.2.4.tgz. Extracting by manifest.
1272 silly tarball no local data for https-proxy-agent@https://registry.npmjs.org/https-proxy-agent/-/https-proxy-agent-5.0.1.tgz. Extracting by manifest.
1273 silly tarball no local data for follow-redirects@https://registry.npmjs.org/follow-redirects/-/follow-redirects-1.16.0.tgz. Extracting by manifest.
1274 silly tarball no local data for socket.io@https://registry.npmjs.org/socket.io/-/socket.io-4.8.3.tgz. Extracting by manifest.
1275 silly tarball no local data for form-data@https://registry.npmjs.org/form-data/-/form-data-4.0.6.tgz. Extracting by manifest.
1276 silly tarball no local data for vue@https://registry.npmjs.org/vue/-/vue-3.5.40.tgz. Extracting by manifest.
1277 silly tarball no local data for express@https://registry.npmjs.org/express/-/express-4.22.2.tgz. Extracting by manifest.
1278 silly tarball no local data for lodash.merge@https://registry.npmjs.org/lodash.merge/-/lodash.merge-4.6.2.tgz. Extracting by manifest.
1279 silly tarball no local data for escodegen@https://registry.npmjs.org/escodegen/-/escodegen-2.1.0.tgz. Extracting by manifest.
1280 silly tarball no local data for echarts@https://registry.npmjs.org/echarts/-/echarts-6.1.0.tgz. Extracting by manifest.
1281 silly tarball no local data for core-js@https://registry.npmjs.org/core-js/-/core-js-3.49.0.tgz. Extracting by manifest.
1282 silly tarball no local data for d3@https://registry.npmjs.org/d3/-/d3-7.9.0.tgz. Extracting by manifest.
1283 silly tarball no local data for acorn@https://registry.npmjs.org/acorn/-/acorn-8.17.0.tgz. Extracting by manifest.
1284 silly tarball no local data for @flowfuse/node-red-dashboard@https://registry.npmjs.org/@flowfuse/node-red-dashboard/-/node-red-dashboard-1.30.2.tgz. Extracting by manifest.
1285 silly tarball no local data for axios@https://registry.npmjs.org/axios/-/axios-1.18.1.tgz. Extracting by manifest.
1286 silly tarball no local data for debug@https://registry.npmjs.org/debug/-/debug-4.4.3.tgz. Extracting by manifest.
1287 silly tarball no local data for debug@https://registry.npmjs.org/debug/-/debug-2.6.9.tgz. Extracting by manifest.
1288 silly tarball no local data for debug@https://registry.npmjs.org/debug/-/debug-4.4.3.tgz. Extracting by manifest.
1289 silly tarball no local data for debug@https://registry.npmjs.org/debug/-/debug-4.4.3.tgz. Extracting by manifest.
1290 silly tarball no local data for iconv-lite@https://registry.npmjs.org/iconv-lite/-/iconv-lite-0.4.24.tgz. Extracting by manifest.
1291 silly tarball no local data for ms@https://registry.npmjs.org/ms/-/ms-2.0.0.tgz. Extracting by manifest.
1292 silly tarball no local data for ms@https://registry.npmjs.org/ms/-/ms-2.0.0.tgz. Extracting by manifest.
1293 silly tarball no local data for ms@https://registry.npmjs.org/ms/-/ms-2.0.0.tgz. Extracting by manifest.
1294 silly tarball no local data for debug@https://registry.npmjs.org/debug/-/debug-2.6.9.tgz. Extracting by manifest.
1295 silly tarball no local data for iconv-lite@https://registry.npmjs.org/iconv-lite/-/iconv-lite-0.4.24.tgz. Extracting by manifest.
1296 silly tarball no local data for debug@https://registry.npmjs.org/debug/-/debug-2.6.9.tgz. Extracting by manifest.
1297 silly tarball no local data for commander@https://registry.npmjs.org/commander/-/commander-7.2.0.tgz. Extracting by manifest.
1298 silly tarball no local data for debug@https://registry.npmjs.org/debug/-/debug-4.4.3.tgz. Extracting by manifest.
1299 silly tarball no local data for ms@https://registry.npmjs.org/ms/-/ms-2.0.0.tgz. Extracting by manifest.
1300 silly tarball no local data for debug@https://registry.npmjs.org/debug/-/debug-2.6.9.tgz. Extracting by manifest.
1301 http fetch GET 200 https://registry.npmjs.org/picocolors/-/picocolors-1.1.1.tgz 776ms (cache miss)
1302 http fetch GET 200 https://registry.npmjs.org/nanoid/-/nanoid-3.3.16.tgz 814ms (cache miss)
1303 http fetch GET 200 https://registry.npmjs.org/@vue/compiler-ssr/-/compiler-ssr-3.5.40.tgz 812ms (cache miss)
1304 http fetch GET 200 https://registry.npmjs.org/media-typer/-/media-typer-0.3.0.tgz 821ms (cache miss)
1305 http fetch GET 200 https://registry.npmjs.org/@socket.io/component-emitter/-/component-emitter-3.1.2.tgz 832ms (cache miss)
1306 http fetch GET 200 https://registry.npmjs.org/engine.io-parser/-/engine.io-parser-5.2.3.tgz 1069ms (cache miss)
1307 http fetch GET 200 https://registry.npmjs.org/@vue/shared/-/shared-3.5.40.tgz 1079ms (cache miss)
1308 http fetch GET 200 https://registry.npmjs.org/@types/ws/-/ws-8.18.1.tgz 1231ms (cache miss)
1309 http fetch GET 200 https://registry.npmjs.org/@types/cors/-/cors-2.8.19.tgz 1233ms (cache miss)
1310 http fetch GET 200 https://registry.npmjs.org/object-assign/-/object-assign-4.1.1.tgz 1296ms (cache miss)
1311 http fetch GET 200 https://registry.npmjs.org/cors/-/cors-2.8.6.tgz 1296ms (cache miss)
1312 http fetch GET 200 https://registry.npmjs.org/socket.io-parser/-/socket.io-parser-4.2.7.tgz 1297ms (cache miss)
1313 http fetch GET 200 https://registry.npmjs.org/call-bound/-/call-bound-1.0.4.tgz 1475ms (cache miss)
1314 http fetch GET 200 https://registry.npmjs.org/side-channel-map/-/side-channel-map-1.0.1.tgz 1476ms (cache miss)
1315 http fetch GET 200 https://registry.npmjs.org/side-channel-weakmap/-/side-channel-weakmap-1.0.2.tgz 1474ms (cache miss)
1316 http fetch GET 200 https://registry.npmjs.org/@babel/helper-string-parser/-/helper-string-parser-7.29.7.tgz 1515ms (cache miss)
1317 http fetch GET 200 https://registry.npmjs.org/base64id/-/base64id-2.0.0.tgz 1498ms (cache miss)
1318 http fetch GET 200 https://registry.npmjs.org/side-channel-list/-/side-channel-list-1.0.1.tgz 1524ms (cache miss)
1319 http fetch GET 200 https://registry.npmjs.org/ee-first/-/ee-first-1.1.1.tgz 1519ms (cache miss)
1320 http fetch GET 200 https://registry.npmjs.org/forwarded/-/forwarded-0.2.0.tgz 1520ms (cache miss)
1321 http fetch GET 200 https://registry.npmjs.org/side-channel/-/side-channel-1.1.1.tgz 1561ms (cache miss)
1322 http fetch GET 200 https://registry.npmjs.org/has-symbols/-/has-symbols-1.1.0.tgz 1616ms (cache miss)
1323 http fetch GET 200 https://registry.npmjs.org/math-intrinsics/-/math-intrinsics-1.1.0.tgz 1619ms (cache miss)
1324 http fetch GET 200 https://registry.npmjs.org/toidentifier/-/toidentifier-1.0.1.tgz 1749ms (cache miss)
1325 http fetch GET 200 https://registry.npmjs.org/inherits/-/inherits-2.0.4.tgz 1750ms (cache miss)
1326 http fetch GET 200 https://registry.npmjs.org/safer-buffer/-/safer-buffer-2.1.2.tgz 1759ms (cache miss)
1327 http fetch GET 200 https://registry.npmjs.org/function-bind/-/function-bind-1.1.2.tgz 1755ms (cache miss)
1328 http fetch GET 200 https://registry.npmjs.org/es-object-atoms/-/es-object-atoms-1.1.2.tgz 1899ms (cache miss)
1329 http fetch GET 200 https://registry.npmjs.org/call-bind-apply-helpers/-/call-bind-apply-helpers-1.0.2.tgz 1899ms (cache miss)
1330 http fetch GET 200 https://registry.npmjs.org/has-tostringtag/-/has-tostringtag-1.0.2.tgz 1898ms (cache miss)
1331 http fetch GET 200 https://registry.npmjs.org/es-define-property/-/es-define-property-1.0.1.tgz 1899ms (cache miss)
1332 http fetch GET 200 https://registry.npmjs.org/raw-body/-/raw-body-2.5.3.tgz 1895ms (cache miss)
1333 http fetch GET 200 https://registry.npmjs.org/destroy/-/destroy-1.2.0.tgz 1893ms (cache miss)
1334 http fetch GET 200 https://registry.npmjs.org/negotiator/-/negotiator-0.6.3.tgz 1888ms (cache miss)
1335 http fetch GET 200 https://registry.npmjs.org/gopd/-/gopd-1.2.0.tgz 1950ms (cache miss)
1336 http fetch GET 200 https://registry.npmjs.org/mime-types/-/mime-types-2.1.35.tgz 1939ms (cache miss)
1337 http fetch GET 200 https://registry.npmjs.org/vary/-/vary-1.1.2.tgz 1937ms (cache miss)
1338 http fetch GET 200 https://registry.npmjs.org/type-is/-/type-is-1.6.18.tgz 1937ms (cache miss)
1339 http fetch GET 200 https://registry.npmjs.org/range-parser/-/range-parser-1.2.1.tgz 2004ms (cache miss)
1340 http fetch GET 200 https://registry.npmjs.org/parseurl/-/parseurl-1.3.3.tgz 2002ms (cache miss)
1341 http fetch GET 200 https://registry.npmjs.org/fresh/-/fresh-0.5.2.tgz 1998ms (cache miss)
1342 http fetch GET 200 https://registry.npmjs.org/es-errors/-/es-errors-1.3.0.tgz 2025ms (cache miss)
1343 http fetch GET 200 https://registry.npmjs.org/hasown/-/hasown-2.0.4.tgz 2024ms (cache miss)
1344 http fetch GET 200 https://registry.npmjs.org/unpipe/-/unpipe-1.0.0.tgz 2020ms (cache miss)
1345 http fetch GET 200 https://registry.npmjs.org/utils-merge/-/utils-merge-1.0.1.tgz 2013ms (cache miss)
1346 http fetch GET 200 https://registry.npmjs.org/es-set-tostringtag/-/es-set-tostringtag-2.1.0.tgz 2026ms (cache miss)
1347 http fetch GET 200 https://registry.npmjs.org/safe-buffer/-/safe-buffer-5.2.1.tgz 2010ms (cache miss)
1348 http fetch GET 200 https://registry.npmjs.org/send/-/send-0.19.2.tgz 2012ms (cache miss)
1349 http fetch GET 200 https://registry.npmjs.org/ipaddr.js/-/ipaddr.js-1.9.1.tgz 2078ms (cache miss)
1350 http fetch GET 200 https://registry.npmjs.org/get-proto/-/get-proto-1.0.1.tgz 2067ms (cache miss)
1351 http fetch GET 200 https://registry.npmjs.org/delayed-stream/-/delayed-stream-1.0.0.tgz 2065ms (cache miss)
1352 http fetch GET 200 https://registry.npmjs.org/combined-stream/-/combined-stream-1.0.8.tgz 2065ms (cache miss)
1353 http fetch GET 200 https://registry.npmjs.org/cookie-signature/-/cookie-signature-1.0.7.tgz 2047ms (cache miss)
1354 http fetch GET 200 https://registry.npmjs.org/proxy-addr/-/proxy-addr-2.0.7.tgz 2088ms (cache miss)
1355 http fetch GET 200 https://registry.npmjs.org/methods/-/methods-1.1.2.tgz 2085ms (cache miss)
1356 http fetch GET 200 https://registry.npmjs.org/etag/-/etag-1.8.1.tgz 2079ms (cache miss)
1357 http fetch GET 200 https://registry.npmjs.org/encodeurl/-/encodeurl-2.0.0.tgz 2078ms (cache miss)
1358 http fetch GET 200 https://registry.npmjs.org/merge-descriptors/-/merge-descriptors-1.0.3.tgz 2085ms (cache miss)
1359 http fetch GET 200 https://registry.npmjs.org/asynckit/-/asynckit-0.4.0.tgz 2103ms (cache miss)
1360 http fetch GET 200 https://registry.npmjs.org/statuses/-/statuses-2.0.2.tgz 2101ms (cache miss)
1361 http fetch GET 200 https://registry.npmjs.org/on-finished/-/on-finished-2.4.1.tgz 2122ms (cache miss)
1362 http fetch GET 200 https://registry.npmjs.org/http-errors/-/http-errors-2.0.1.tgz 2121ms (cache miss)
1363 http fetch GET 200 https://registry.npmjs.org/finalhandler/-/finalhandler-1.3.2.tgz 2119ms (cache miss)
1364 http fetch GET 200 https://registry.npmjs.org/bytes/-/bytes-3.1.2.tgz 2136ms (cache miss)
1365 http fetch GET 200 https://registry.npmjs.org/serve-static/-/serve-static-1.16.3.tgz 2131ms (cache miss)
1366 http fetch GET 200 https://registry.npmjs.org/setprototypeof/-/setprototypeof-1.2.0.tgz 2143ms (cache miss)
1367 http fetch GET 200 https://registry.npmjs.org/estraverse/-/estraverse-5.3.0.tgz 2126ms (cache miss)
1368 http fetch GET 200 https://registry.npmjs.org/escape-html/-/escape-html-1.0.3.tgz 2132ms (cache miss)
1369 http fetch GET 200 https://registry.npmjs.org/accepts/-/accepts-1.3.8.tgz 2128ms (cache miss)
1370 http fetch GET 200 https://registry.npmjs.org/path-to-regexp/-/path-to-regexp-0.1.13.tgz 2169ms (cache miss)
1371 http fetch GET 200 https://registry.npmjs.org/array-flatten/-/array-flatten-1.1.1.tgz 2168ms (cache miss)
1372 http fetch GET 200 https://registry.npmjs.org/esutils/-/esutils-2.0.3.tgz 2166ms (cache miss)
1373 http fetch GET 200 https://registry.npmjs.org/internmap/-/internmap-2.0.3.tgz 2165ms (cache miss)
1374 http fetch GET 200 https://registry.npmjs.org/socket.io-adapter/-/socket.io-adapter-2.5.8.tgz 2262ms (cache miss)
1375 http fetch GET 200 https://registry.npmjs.org/content-type/-/content-type-1.0.5.tgz 2206ms (cache miss)
1376 http fetch GET 200 https://registry.npmjs.org/content-disposition/-/content-disposition-0.5.4.tgz 2206ms (cache miss)
1377 http fetch GET 200 https://registry.npmjs.org/tslib/-/tslib-2.3.0.tgz 2204ms (cache miss)
1378 http fetch GET 200 https://registry.npmjs.org/d3-time/-/d3-time-3.1.0.tgz 2227ms (cache miss)
1379 http fetch GET 200 https://registry.npmjs.org/d3-path/-/d3-path-3.1.0.tgz 2217ms (cache miss)
1380 http fetch GET 200 https://registry.npmjs.org/cookie/-/cookie-0.7.2.tgz 2265ms (cache miss)
1381 http fetch GET 200 https://registry.npmjs.org/depd/-/depd-2.0.0.tgz 2267ms (cache miss)
1382 http fetch GET 200 https://registry.npmjs.org/d3-format/-/d3-format-3.1.2.tgz 2231ms (cache miss)
1383 http fetch GET 200 https://registry.npmjs.org/d3-quadtree/-/d3-quadtree-3.0.1.tgz 2263ms (cache miss)
1384 http fetch GET 200 https://registry.npmjs.org/d3-polygon/-/d3-polygon-3.0.1.tgz 2262ms (cache miss)
1385 http fetch GET 200 https://registry.npmjs.org/d3-ease/-/d3-ease-3.0.1.tgz 2251ms (cache miss)
1386 http fetch GET 200 https://registry.npmjs.org/d3-color/-/d3-color-3.1.0.tgz 2249ms (cache miss)
1387 http fetch GET 200 https://registry.npmjs.org/d3-chord/-/d3-chord-3.0.1.tgz 2249ms (cache miss)
1388 http fetch GET 200 https://registry.npmjs.org/d3-dispatch/-/d3-dispatch-3.0.1.tgz 2252ms (cache miss)
1389 http fetch GET 200 https://registry.npmjs.org/follow-redirects/-/follow-redirects-1.16.0.tgz 2240ms (cache miss)
1390 http fetch GET 200 https://registry.npmjs.org/mime-db/-/mime-db-1.52.0.tgz 2350ms (cache miss)
1391 http fetch GET 200 https://registry.npmjs.org/d3-fetch/-/d3-fetch-3.0.1.tgz 2313ms (cache miss)
1392 http fetch GET 200 https://registry.npmjs.org/d3-axis/-/d3-axis-3.0.0.tgz 2309ms (cache miss)
1393 http fetch GET 200 https://registry.npmjs.org/proxy-from-env/-/proxy-from-env-2.1.0.tgz 2306ms (cache miss)
1394 http fetch GET 200 https://registry.npmjs.org/debug/-/debug-4.4.3.tgz 2281ms (cache miss)
1395 http fetch GET 200 https://registry.npmjs.org/dunder-proto/-/dunder-proto-1.0.1.tgz 2410ms (cache miss)
1396 http fetch GET 200 https://registry.npmjs.org/ms/-/ms-2.0.0.tgz 2308ms (cache miss)
1397 http fetch GET 200 https://registry.npmjs.org/@vue/reactivity/-/reactivity-3.5.40.tgz 2479ms (cache miss)
1398 http fetch GET 200 https://registry.npmjs.org/@vue/server-renderer/-/server-renderer-3.5.40.tgz 2465ms (cache miss)
1399 http fetch GET 200 https://registry.npmjs.org/escodegen/-/escodegen-2.1.0.tgz 2341ms (cache miss)
1400 http fetch GET 200 https://registry.npmjs.org/mime/-/mime-1.6.0.tgz 2464ms (cache miss)
1401 http fetch GET 200 https://registry.npmjs.org/@babel/helper-validator-identifier/-/helper-validator-identifier-7.29.7.tgz 2486ms (cache miss)
1402 http fetch GET 200 https://registry.npmjs.org/debug/-/debug-4.4.3.tgz 2338ms (cache miss)
1403 http fetch GET 200 https://registry.npmjs.org/get-intrinsic/-/get-intrinsic-1.3.0.tgz 2463ms (cache miss)
1404 http fetch GET 200 https://registry.npmjs.org/delaunator/-/delaunator-5.1.0.tgz 2448ms (cache miss)
1405 http fetch GET 200 https://registry.npmjs.org/ms/-/ms-2.0.0.tgz 2392ms (cache miss)
1406 http fetch GET 200 https://registry.npmjs.org/ms/-/ms-2.0.0.tgz 2393ms (cache miss)
1407 http fetch GET 200 https://registry.npmjs.org/ms/-/ms-2.0.0.tgz 2387ms (cache miss)
1408 http fetch GET 200 https://registry.npmjs.org/debug/-/debug-4.4.3.tgz 2406ms (cache miss)
1409 http fetch GET 200 https://registry.npmjs.org/lodash.merge/-/lodash.merge-4.6.2.tgz 2426ms (cache miss)
1410 http fetch GET 200 https://registry.npmjs.org/debug/-/debug-4.4.3.tgz 2494ms (cache miss)
1411 http fetch GET 200 https://registry.npmjs.org/agent-base/-/agent-base-6.0.2.tgz 2638ms (cache miss)
1412 http fetch GET 200 https://registry.npmjs.org/body-parser/-/body-parser-1.20.6.tgz 2599ms (cache miss)
1413 http fetch GET 200 https://registry.npmjs.org/@vue/compiler-core/-/compiler-core-3.5.40.tgz 2716ms (cache miss)
1414 http fetch GET 200 https://registry.npmjs.org/d3-timer/-/d3-timer-3.0.1.tgz 2641ms (cache miss)
1415 http fetch GET 200 https://registry.npmjs.org/commander/-/commander-7.2.0.tgz 2562ms (cache miss)
1416 http fetch GET 200 https://registry.npmjs.org/esprima/-/esprima-4.0.1.tgz 2671ms (cache miss)
1417 http fetch GET 200 https://registry.npmjs.org/d3-zoom/-/d3-zoom-3.0.0.tgz 2674ms (cache miss)
1418 http fetch GET 200 https://registry.npmjs.org/form-data/-/form-data-4.0.6.tgz 2668ms (cache miss)
1419 http fetch GET 200 https://registry.npmjs.org/d3-drag/-/d3-drag-3.0.0.tgz 2703ms (cache miss)
1420 http fetch GET 200 https://registry.npmjs.org/d3-brush/-/d3-brush-3.0.0.tgz 2701ms (cache miss)
1421 http fetch GET 200 https://registry.npmjs.org/https-proxy-agent/-/https-proxy-agent-5.0.1.tgz 2813ms (cache miss)
1422 http fetch GET 200 https://registry.npmjs.org/d3-delaunay/-/d3-delaunay-6.0.4.tgz 2827ms (cache miss)
1423 http fetch GET 200 https://registry.npmjs.org/debug/-/debug-2.6.9.tgz 2827ms (cache miss)
1424 http fetch GET 200 https://registry.npmjs.org/estree-walker/-/estree-walker-2.0.2.tgz 3007ms (cache miss)
1425 http fetch GET 200 https://registry.npmjs.org/debug/-/debug-2.6.9.tgz 2921ms (cache miss)
1426 http fetch GET 200 https://registry.npmjs.org/debug/-/debug-2.6.9.tgz 2920ms (cache miss)
1427 http fetch GET 200 https://registry.npmjs.org/debug/-/debug-2.6.9.tgz 2957ms (cache miss)
1428 http fetch GET 200 https://registry.npmjs.org/@vue/runtime-core/-/runtime-core-3.5.40.tgz 3142ms (cache miss)
1429 http fetch GET 200 https://registry.npmjs.org/d3-contour/-/d3-contour-4.0.2.tgz 3083ms (cache miss)
1430 http fetch GET 200 https://registry.npmjs.org/d3-dsv/-/d3-dsv-3.0.1.tgz 3201ms (cache miss)
1431 http fetch GET 200 https://registry.npmjs.org/@jridgewell/sourcemap-codec/-/sourcemap-codec-1.5.5.tgz 3335ms (cache miss)
1432 http fetch GET 200 https://registry.npmjs.org/@vue/compiler-dom/-/compiler-dom-3.5.40.tgz 3357ms (cache miss)
1433 http fetch GET 200 https://registry.npmjs.org/d3-force/-/d3-force-3.0.0.tgz 3300ms (cache miss)
1434 http fetch GET 200 https://registry.npmjs.org/ws/-/ws-8.21.1.tgz 3417ms (cache miss)
1435 http fetch GET 200 https://registry.npmjs.org/undici-types/-/undici-types-8.3.0.tgz 3469ms (cache miss)
1436 http fetch GET 200 https://registry.npmjs.org/source-map-js/-/source-map-js-1.2.1.tgz 3489ms (cache miss)
1437 http fetch GET 200 https://registry.npmjs.org/csstype/-/csstype-3.2.3.tgz 3524ms (cache miss)
1438 http fetch GET 200 https://registry.npmjs.org/magic-string/-/magic-string-0.30.21.tgz 3557ms (cache miss)
1439 http fetch GET 200 https://registry.npmjs.org/acorn/-/acorn-8.17.0.tgz 3441ms (cache miss)
1440 http fetch GET 200 https://registry.npmjs.org/qs/-/qs-6.15.3.tgz 3553ms (cache miss)
1441 http fetch GET 200 https://registry.npmjs.org/d3-random/-/d3-random-3.0.1.tgz 3534ms (cache miss)
1442 http fetch GET 200 https://registry.npmjs.org/object-inspect/-/object-inspect-1.13.4.tgz 3636ms (cache miss)
1443 http fetch GET 200 https://registry.npmjs.org/robust-predicates/-/robust-predicates-3.0.3.tgz 3600ms (cache miss)
1444 http fetch GET 200 https://registry.npmjs.org/d3/-/d3-7.9.0.tgz 3539ms (cache miss)
1445 http fetch GET 200 https://registry.npmjs.org/express/-/express-4.22.2.tgz 3553ms (cache miss)
1446 http fetch GET 200 https://registry.npmjs.org/rw/-/rw-1.3.3.tgz 3627ms (cache miss)
1447 http fetch GET 200 https://registry.npmjs.org/@vue/runtime-dom/-/runtime-dom-3.5.40.tgz 3775ms (cache miss)
1448 http fetch GET 200 https://registry.npmjs.org/d3-interpolate/-/d3-interpolate-3.0.1.tgz 3730ms (cache miss)
1449 http fetch GET 200 https://registry.npmjs.org/d3-scale/-/d3-scale-4.0.2.tgz 3763ms (cache miss)
1450 http fetch GET 200 https://registry.npmjs.org/iconv-lite/-/iconv-lite-0.4.24.tgz 3781ms (cache miss)
1451 http fetch GET 200 https://registry.npmjs.org/iconv-lite/-/iconv-lite-0.4.24.tgz 3814ms (cache miss)
1452 http fetch GET 200 https://registry.npmjs.org/d3-time-format/-/d3-time-format-4.1.0.tgz 3894ms (cache miss)
1453 http fetch GET 200 https://registry.npmjs.org/engine.io/-/engine.io-6.6.9.tgz 3982ms (cache miss)
1454 http fetch GET 200 https://registry.npmjs.org/iconv-lite/-/iconv-lite-0.6.3.tgz 3922ms (cache miss)
1455 http fetch GET 200 https://registry.npmjs.org/d3-transition/-/d3-transition-3.0.1.tgz 3957ms (cache miss)
1456 http fetch GET 200 https://registry.npmjs.org/postcss/-/postcss-8.5.20.tgz 4052ms (cache miss)
1457 http fetch GET 200 https://registry.npmjs.org/@vue/compiler-sfc/-/compiler-sfc-3.5.40.tgz 4064ms (cache miss)
1458 http fetch GET 200 https://registry.npmjs.org/d3-hierarchy/-/d3-hierarchy-3.1.2.tgz 3978ms (cache miss)
1459 http fetch GET 200 https://registry.npmjs.org/@babel/parser/-/parser-7.29.7.tgz 4088ms (cache miss)
1460 http fetch GET 200 https://registry.npmjs.org/socket.io/-/socket.io-4.8.3.tgz 3987ms (cache miss)
1461 http fetch GET 200 https://registry.npmjs.org/d3-array/-/d3-array-3.2.4.tgz 4025ms (cache miss)
1462 http fetch GET 200 https://registry.npmjs.org/d3-scale-chromatic/-/d3-scale-chromatic-3.1.0.tgz 4114ms (cache miss)
1463 http fetch GET 200 https://registry.npmjs.org/d3-selection/-/d3-selection-3.0.0.tgz 4120ms (cache miss)
1464 http fetch GET 200 https://registry.npmjs.org/d3-geo/-/d3-geo-3.1.1.tgz 4119ms (cache miss)
1465 http fetch GET 200 https://registry.npmjs.org/d3-shape/-/d3-shape-3.2.0.tgz 4157ms (cache miss)
1466 http fetch GET 200 https://registry.npmjs.org/vue/-/vue-3.5.40.tgz 4115ms (cache miss)
1467 http fetch GET 200 https://registry.npmjs.org/@types/node/-/node-26.1.1.tgz 4263ms (cache miss)
1468 http fetch GET 200 https://registry.npmjs.org/axios/-/axios-1.18.1.tgz 4255ms (cache miss)
1469 http fetch GET 200 https://registry.npmjs.org/entities/-/entities-7.0.1.tgz 4463ms (cache miss)
1470 http fetch GET 200 https://registry.npmjs.org/@babel/types/-/types-7.29.7.tgz 3763ms (cache miss)
1471 http fetch GET 200 https://registry.npmjs.org/zrender/-/zrender-6.1.0.tgz 2846ms (cache miss)
1472 http fetch GET 200 https://registry.npmjs.org/@flowfuse/node-red-dashboard/-/node-red-dashboard-1.30.2.tgz 2911ms (cache miss)
1473 http fetch GET 200 https://registry.npmjs.org/echarts/-/echarts-6.1.0.tgz 5397ms (cache miss)
1474 http fetch GET 200 https://registry.npmjs.org/core-js/-/core-js-3.49.0.tgz 5898ms (cache miss)
1475 info run core-js@3.49.0 postinstall node_modules/core-js node -e "try{require('./postinstall')}catch(e){}"
1476 info run core-js@3.49.0 postinstall { code: 0, signal: null }
1477 silly ADD node_modules/picocolors
1478 silly ADD node_modules/nanoid
1479 silly ADD node_modules/@jridgewell/sourcemap-codec
1480 silly ADD node_modules/csstype
1481 silly ADD node_modules/@vue/runtime-core
1482 silly ADD node_modules/@vue/reactivity
1483 silly ADD node_modules/postcss
1484 silly ADD node_modules/magic-string
1485 silly ADD node_modules/@vue/compiler-ssr
1486 silly ADD node_modules/@babel/helper-validator-identifier
1487 silly ADD node_modules/@babel/helper-string-parser
1488 silly ADD node_modules/@babel/types
1489 silly ADD node_modules/source-map-js
1490 silly ADD node_modules/estree-walker
1491 silly ADD node_modules/entities
1492 silly ADD node_modules/@babel/parser
1493 silly ADD node_modules/@vue/compiler-core
1494 silly ADD node_modules/@vue/shared
1495 silly ADD node_modules/@vue/server-renderer
1496 silly ADD node_modules/@vue/runtime-dom
1497 silly ADD node_modules/@vue/compiler-sfc
1498 silly ADD node_modules/@vue/compiler-dom
1499 silly ADD node_modules/media-typer
1500 silly ADD node_modules/@socket.io/component-emitter
1501 silly ADD node_modules/undici-types
1502 silly ADD node_modules/ws
1503 silly ADD node_modules/engine.io-parser
1504 silly ADD node_modules/@types/ws
1505 silly ADD node_modules/@types/node
1506 silly ADD node_modules/@types/cors
1507 silly ADD node_modules/object-assign
1508 silly ADD node_modules/socket.io-parser
1509 silly ADD node_modules/socket.io-parser/node_modules/debug
1510 silly ADD node_modules/socket.io-adapter
1511 silly ADD node_modules/socket.io-adapter/node_modules/debug
1512 silly ADD node_modules/engine.io
1513 silly ADD node_modules/engine.io/node_modules/debug
1514 silly ADD node_modules/cors
1515 silly ADD node_modules/base64id
1516 silly ADD node_modules/call-bound
1517 silly ADD node_modules/side-channel-weakmap
1518 silly ADD node_modules/side-channel-map
1519 silly ADD node_modules/side-channel-list
1520 silly ADD node_modules/object-inspect
1521 silly ADD node_modules/mime
1522 silly ADD node_modules/side-channel
1523 silly ADD node_modules/ipaddr.js
1524 silly ADD node_modules/forwarded
1525 silly ADD node_modules/ee-first
1526 silly ADD node_modules/mime-db
1527 silly ADD node_modules/safer-buffer
1528 silly ADD node_modules/agent-base
1529 silly ADD node_modules/toidentifier
1530 silly ADD node_modules/inherits
1531 silly ADD node_modules/dunder-proto
1532 silly ADD node_modules/math-intrinsics
1533 silly ADD node_modules/has-symbols
1534 silly ADD node_modules/gopd
1535 silly ADD node_modules/get-proto
1536 silly ADD node_modules/function-bind
1537 silly ADD node_modules/es-object-atoms
1538 silly ADD node_modules/es-define-property
1539 silly ADD node_modules/call-bind-apply-helpers
1540 silly ADD node_modules/has-tostringtag
1541 silly ADD node_modules/get-intrinsic
1542 silly ADD node_modules/es-errors
1543 silly ADD node_modules/delayed-stream
1544 silly ADD node_modules/hasown
1545 silly ADD node_modules/es-set-tostringtag
1546 silly ADD node_modules/combined-stream
1547 silly ADD node_modules/asynckit
1548 silly ADD node_modules/unpipe
1549 silly ADD node_modules/raw-body
1550 silly ADD node_modules/raw-body/node_modules/iconv-lite
1551 silly ADD node_modules/destroy
1552 silly ADD node_modules/bytes
1553 silly ADD node_modules/negotiator
1554 silly ADD node_modules/mime-types
1555 silly ADD node_modules/vary
1556 silly ADD node_modules/utils-merge
1557 silly ADD node_modules/type-is
1558 silly ADD node_modules/statuses
1559 silly ADD node_modules/setprototypeof
1560 silly ADD node_modules/serve-static
1561 silly ADD node_modules/send
1562 silly ADD node_modules/send/node_modules/debug
1563 silly ADD node_modules/send/node_modules/debug/node_modules/ms
1564 silly ADD node_modules/safe-buffer
1565 silly ADD node_modules/range-parser
1566 silly ADD node_modules/qs
1567 silly ADD node_modules/proxy-addr
1568 silly ADD node_modules/path-to-regexp
1569 silly ADD node_modules/parseurl
1570 silly ADD node_modules/on-finished
1571 silly ADD node_modules/methods
1572 silly ADD node_modules/merge-descriptors
1573 silly ADD node_modules/http-errors
1574 silly ADD node_modules/fresh
1575 silly ADD node_modules/finalhandler
1576 silly ADD node_modules/finalhandler/node_modules/ms
1577 silly ADD node_modules/finalhandler/node_modules/debug
1578 silly ADD node_modules/etag
1579 silly ADD node_modules/escape-html
1580 silly ADD node_modules/encodeurl
1581 silly ADD node_modules/depd
1582 silly ADD node_modules/cookie-signature
1583 silly ADD node_modules/cookie
1584 silly ADD node_modules/content-type
1585 silly ADD node_modules/content-disposition
1586 silly ADD node_modules/body-parser
1587 silly ADD node_modules/body-parser/node_modules/ms
1588 silly ADD node_modules/body-parser/node_modules/iconv-lite
1589 silly ADD node_modules/body-parser/node_modules/debug
1590 silly ADD node_modules/array-flatten
1591 silly ADD node_modules/accepts
1592 silly ADD node_modules/esutils
1593 silly ADD node_modules/estraverse
1594 silly ADD node_modules/esprima
1595 silly ADD node_modules/zrender
1596 silly ADD node_modules/tslib
1597 silly ADD node_modules/robust-predicates
1598 silly ADD node_modules/rw
1599 silly ADD node_modules/iconv-lite
1600 silly ADD node_modules/delaunator
1601 silly ADD node_modules/internmap
1602 silly ADD node_modules/d3-zoom
1603 silly ADD node_modules/d3-transition
1604 silly ADD node_modules/d3-timer
1605 silly ADD node_modules/d3-time-format
1606 silly ADD node_modules/d3-time
1607 silly ADD node_modules/d3-shape
1608 silly ADD node_modules/d3-selection
1609 silly ADD node_modules/d3-scale-chromatic
1610 silly ADD node_modules/d3-scale
1611 silly ADD node_modules/d3-random
1612 silly ADD node_modules/d3-quadtree
1613 silly ADD node_modules/d3-polygon
1614 silly ADD node_modules/d3-path
1615 silly ADD node_modules/d3-interpolate
1616 silly ADD node_modules/d3-hierarchy
1617 silly ADD node_modules/d3-geo
1618 silly ADD node_modules/d3-format
1619 silly ADD node_modules/d3-force
1620 silly ADD node_modules/d3-fetch
1621 silly ADD node_modules/d3-ease
1622 silly ADD node_modules/d3-dsv
1623 silly ADD node_modules/d3-dsv/node_modules/commander
1624 silly ADD node_modules/d3-drag
1625 silly ADD node_modules/d3-dispatch
1626 silly ADD node_modules/d3-delaunay
1627 silly ADD node_modules/d3-contour
1628 silly ADD node_modules/d3-color
1629 silly ADD node_modules/d3-chord
1630 silly ADD node_modules/d3-brush
1631 silly ADD node_modules/d3-axis
1632 silly ADD node_modules/d3-array
1633 silly ADD node_modules/proxy-from-env
1634 silly ADD node_modules/https-proxy-agent
1635 silly ADD node_modules/form-data
1636 silly ADD node_modules/follow-redirects
1637 silly ADD node_modules/vue
1638 silly ADD node_modules/socket.io
1639 silly ADD node_modules/socket.io/node_modules/debug
1640 silly ADD node_modules/lodash.merge
1641 silly ADD node_modules/express
1642 silly ADD node_modules/express/node_modules/ms
1643 silly ADD node_modules/express/node_modules/debug
1644 silly ADD node_modules/escodegen
1645 silly ADD node_modules/echarts
1646 silly ADD node_modules/d3
1647 silly ADD node_modules/core-js
1648 silly ADD node_modules/axios
1649 silly ADD node_modules/acorn
1650 silly ADD node_modules/@flowfuse/node-red-dashboard
1651 warn allow-scripts 3 packages have install scripts not yet covered by allowScripts:
1651 warn allow-scripts   @serialport/bindings-cpp@10.8.0 (install: node-gyp rebuild)
1651 warn allow-scripts   @serialport/bindings-cpp@12.0.1 (install: node-gyp rebuild)
1651 warn allow-scripts   core-js@3.49.0 (postinstall: node -e "try{require('./postinstall')}catch(e){}")
1651 warn allow-scripts
1651 warn allow-scripts Run `npm install-scripts ls` to review, or `npm install-scripts approve <pkg>` to allow.
1652 verbose cwd /data
1653 verbose os Linux 6.6.87.2-microsoft-standard-WSL2
1654 verbose node v24.18.0
1655 verbose npm  v11.18.0
1656 verbose exit 0
1657 info ok
